[
    {
        "bot_id": "B059VDWGJ78",
        "type": "message",
        "text": "",
        "user": "U05ARP37D96",
        "ts": "1697965725.275249",
        "app_id": "A01BP7R4KNY",
        "team": "T04TGFGMK7C",
        "bot_profile": {
            "id": "B059VDWGJ78",
            "app_id": "A01BP7R4KNY",
            "name": "GitHub",
            "icons": {
                "image_36": "https:\/\/avatars.slack-edge.com\/2020-11-25\/1527503386626_319578f21381f9641cd8_36.png",
                "image_48": "https:\/\/avatars.slack-edge.com\/2020-11-25\/1527503386626_319578f21381f9641cd8_48.png",
                "image_72": "https:\/\/avatars.slack-edge.com\/2020-11-25\/1527503386626_319578f21381f9641cd8_72.png"
            },
            "deleted": false,
            "updated": 1685444374,
            "team_id": "T04TGFGMK7C"
        },
        "edited": {
            "user": "B059VDWGJ78",
            "ts": "1698071004.000000"
        },
        "attachments": [
            {
                "id": 1,
                "footer_icon": "https:\/\/slack.github.com\/static\/img\/favicon-neutral.png",
                "ts": 1697965722,
                "color": "6f42c1",
                "fallback": "[chubachi-pt-2023\/atomono-api] Pull request opened by huro3h",
                "text": "*JIRAへのリンク*\n\n<https:\/\/chubachi-pt-2023.atlassian.net\/browse\/AT-506|AT-506> BE: ユーザが所持品リストの商品リピート回数を更新するAPIを作成する\n\n*概要*\n\nユーザが所持品リストの商品リピート回数と使用開始時期を更新するAPI処理を追加した\n\n*実装内容*\n\n☑︎ ユーザが所持品リストの商品リピート回数と使用開始時期を更新するAPI処理を追加\n\n*テスト*\n\n☑︎ 実装内容を確認するテストを追加 \/ 挙動を目視で確認\n☑︎ 既存のCIがパスすること\n\n*備考*",
                "pretext": "Pull request opened by <https:\/\/github.com\/huro3h|huro3h>",
                "title": "<https:\/\/github.com\/chubachi-pt-2023\/atomono-api\/pull\/95|#95 AT-506 BE: ユーザが所持品リストの商品リピート回数を更新するAPIを作成する>",
                "callback_id": "pr-opened-interaction",
                "footer": "<https:\/\/github.com\/chubachi-pt-2023\/atomono-api|chubachi-pt-2023\/atomono-api>",
                "fields": [
                    {
                        "value": "1",
                        "title": "Comments",
                        "short": true
                    }
                ],
                "mrkdwn_in": [
                    "text"
                ],
                "actions": [
                    {
                        "id": "1",
                        "name": "comment",
                        "text": "Comment",
                        "type": "button",
                        "value": "{&amp;amp;quot;selectedOrg&amp;amp;quot;:&amp;amp;quot;chubachi-pt-2023&amp;amp;quot;,&amp;amp;quot;selectedOrgId&amp;amp;quot;:132067701,&amp;amp;quot;selectedRepo&amp;amp;quot;:&amp;amp;quot;atomono-api&amp;amp;quot;,&amp;amp;quot;selectedRepoId&amp;amp;quot;:633841661,&amp;amp;quot;number&amp;amp;quot;:95,&amp;amp;quot;htmlUrl&amp;amp;quot;:&amp;amp;quot;https:\/\/github.com\/chubachi-pt-2023\/atomono-api\/pull\/95&amp;amp;quot;,&amp;amp;quot;title&amp;amp;quot;:&amp;amp;quot;AT-506 BE: ユーザが所持品リストの商品リピート回数を更新するAPIを作成する&amp;amp;quot;}",
                        "style": ""
                    }
                ]
            },
            {
                "id": 2,
                "color": "28a745",
                "fallback": "All checks have passed",
                "text": ":white_check_mark: All checks have passed",
                "footer": "3\/3 successful checks"
            }
        ]
    }
]