[
    {
        "client_msg_id": "18ffe511-f6ab-4087-b8af-86c4b90aab69",
        "type": "message",
        "text": "え、まじで年末調整に勤労学生控除とかあるの\n(SmartHRで入力中に気づいた..)\n\n<https:\/\/www.nta.go.jp\/taxes\/shiraberu\/taxanswer\/shotoku\/1175.htm>",
        "user": "U04TGBZ4XEX",
        "ts": "1698801692.736429",
        "blocks": [
            {
                "type": "rich_text",
                "block_id": "ec+6j",
                "elements": [
                    {
                        "type": "rich_text_section",
                        "elements": [
                            {
                                "type": "text",
                                "text": "え、まじで年末調整に勤労学生控除とかあるの\n(SmartHRで入力中に気づいた..)\n\n"
                            },
                            {
                                "type": "link",
                                "url": "https:\/\/www.nta.go.jp\/taxes\/shiraberu\/taxanswer\/shotoku\/1175.htm"
                            }
                        ]
                    }
                ]
            }
        ],
        "team": "T04TGFGMK7C",
        "user_team": "T04TGFGMK7C",
        "source_team": "T04TGFGMK7C",
        "user_profile": {
            "avatar_hash": "824241a82bdf",
            "image_72": "https:\/\/avatars.slack-edge.com\/2023-05-03\/5205694948836_824241a82bdf37206daa_72.jpg",
            "first_name": "satoshi.​hirata",
            "real_name": "satoshi.​hirata",
            "display_name": "satoshi.hirata",
            "team": "T04TGFGMK7C",
            "name": "a2236sh",
            "is_restricted": false,
            "is_ultra_restricted": false
        },
        "edited": {
            "user": "U04TGBZ4XEX",
            "ts": "1698801736.000000"
        }
    },
    {
        "client_msg_id": "8bfa6f1b-649e-4238-9cee-c17909e2dd38",
        "type": "message",
        "text": "収入か150万以下とかあったきがする",
        "user": "U04TV4NASPK",
        "ts": "1698801745.198429",
        "blocks": [
            {
                "type": "rich_text",
                "block_id": "QAPoM",
                "elements": [
                    {
                        "type": "rich_text_section",
                        "elements": [
                            {
                                "type": "text",
                                "text": "収入か150万以下とかあったきがする"
                            }
                        ]
                    }
                ]
            }
        ],
        "team": "T04TGFGMK7C",
        "user_team": "T04TGFGMK7C",
        "source_team": "T04TGFGMK7C",
        "user_profile": {
            "avatar_hash": "342942264635",
            "image_72": "https:\/\/avatars.slack-edge.com\/2023-03-11\/4927985433382_34294226463524804a2d_72.jpg",
            "first_name": "Nakayama",
            "real_name": "Nakayama Kenta",
            "display_name": "Nakayama",
            "team": "T04TGFGMK7C",
            "name": "a2231kn",
            "is_restricted": false,
            "is_ultra_restricted": false
        },
        "reactions": [
            {
                "name": "joy",
                "users": [
                    "U04TGBZ4XEX"
                ],
                "count": 1
            }
        ]
    },
    {
        "client_msg_id": "ba6b5794-f78a-433d-b460-6ead6122cab8",
        "type": "message",
        "text": "なので無理すね",
        "user": "U04TV4NASPK",
        "ts": "1698801772.374939",
        "blocks": [
            {
                "type": "rich_text",
                "block_id": "fug3Z",
                "elements": [
                    {
                        "type": "rich_text_section",
                        "elements": [
                            {
                                "type": "text",
                                "text": "なので無理すね"
                            }
                        ]
                    }
                ]
            }
        ],
        "team": "T04TGFGMK7C",
        "user_team": "T04TGFGMK7C",
        "source_team": "T04TGFGMK7C",
        "user_profile": {
            "avatar_hash": "342942264635",
            "image_72": "https:\/\/avatars.slack-edge.com\/2023-03-11\/4927985433382_34294226463524804a2d_72.jpg",
            "first_name": "Nakayama",
            "real_name": "Nakayama Kenta",
            "display_name": "Nakayama",
            "team": "T04TGFGMK7C",
            "name": "a2231kn",
            "is_restricted": false,
            "is_ultra_restricted": false
        }
    },
    {
        "client_msg_id": "b63095b2-a76a-4e1f-8b80-efc399abb064",
        "type": "message",
        "text": "ぽいです いっぱい返ってくるとおもったのにぬかよろこび残念:innocent:",
        "user": "U04TGBZ4XEX",
        "ts": "1698801786.065929",
        "blocks": [
            {
                "type": "rich_text",
                "block_id": "\/JNqE",
                "elements": [
                    {
                        "type": "rich_text_section",
                        "elements": [
                            {
                                "type": "text",
                                "text": "ぽいです いっぱい返ってくるとおもったのにぬかよろこび残念"
                            },
                            {
                                "type": "emoji",
                                "name": "innocent",
                                "unicode": "1f607"
                            }
                        ]
                    }
                ]
            }
        ],
        "team": "T04TGFGMK7C",
        "user_team": "T04TGFGMK7C",
        "source_team": "T04TGFGMK7C",
        "user_profile": {
            "avatar_hash": "824241a82bdf",
            "image_72": "https:\/\/avatars.slack-edge.com\/2023-05-03\/5205694948836_824241a82bdf37206daa_72.jpg",
            "first_name": "satoshi.​hirata",
            "real_name": "satoshi.​hirata",
            "display_name": "satoshi.hirata",
            "team": "T04TGFGMK7C",
            "name": "a2236sh",
            "is_restricted": false,
            "is_ultra_restricted": false
        },
        "edited": {
            "user": "U04TGBZ4XEX",
            "ts": "1698801808.000000"
        },
        "reactions": [
            {
                "name": "sweat_smile",
                "users": [
                    "U04T9TDB58W"
                ],
                "count": 1
            }
        ]
    },
    {
        "client_msg_id": "3186b708-8fb6-4418-bab9-531e45297bfa",
        "type": "message",
        "text": "TODO: 初期データ投入手順まとめ\n• 今のseederをスクレイピングと更新用に分ける必要あるかも\n• 手元で作ったデータからseed生成したらここ考える必要なくなる\n<https:\/\/chubachi-pt-2023.slack.com\/archives\/C053RR7UABB\/p1696908092408469>",
        "user": "U04TGBZ4XEX",
        "ts": "1698810052.756909",
        "blocks": [
            {
                "type": "rich_text",
                "block_id": "ow1DJ",
                "elements": [
                    {
                        "type": "rich_text_section",
                        "elements": [
                            {
                                "type": "text",
                                "text": "TODO: 初期データ投入手順まとめ\n"
                            }
                        ]
                    },
                    {
                        "type": "rich_text_list",
                        "elements": [
                            {
                                "type": "rich_text_section",
                                "elements": [
                                    {
                                        "type": "text",
                                        "text": "今のseederをスクレイピングと更新用に分ける必要あるかも"
                                    }
                                ]
                            },
                            {
                                "type": "rich_text_section",
                                "elements": [
                                    {
                                        "type": "text",
                                        "text": "手元で作ったデータからseed生成したらここ考える必要なくなる"
                                    }
                                ]
                            }
                        ],
                        "style": "bullet",
                        "indent": 0,
                        "border": 0
                    },
                    {
                        "type": "rich_text_section",
                        "elements": [
                            {
                                "type": "text",
                                "text": "\n"
                            },
                            {
                                "type": "link",
                                "url": "https:\/\/chubachi-pt-2023.slack.com\/archives\/C053RR7UABB\/p1696908092408469"
                            }
                        ]
                    }
                ]
            }
        ],
        "team": "T04TGFGMK7C",
        "user_team": "T04TGFGMK7C",
        "source_team": "T04TGFGMK7C",
        "user_profile": {
            "avatar_hash": "824241a82bdf",
            "image_72": "https:\/\/avatars.slack-edge.com\/2023-05-03\/5205694948836_824241a82bdf37206daa_72.jpg",
            "first_name": "satoshi.​hirata",
            "real_name": "satoshi.​hirata",
            "display_name": "satoshi.hirata",
            "team": "T04TGFGMK7C",
            "name": "a2236sh",
            "is_restricted": false,
            "is_ultra_restricted": false
        },
        "edited": {
            "user": "U04TGBZ4XEX",
            "ts": "1698810251.000000"
        },
        "attachments": [
            {
                "from_url": "https:\/\/chubachi-pt-2023.slack.com\/archives\/C053RR7UABB\/p1696908092408469",
                "ts": "1696908092.408469",
                "author_id": "U04TGBZ4XEX",
                "channel_id": "C053RR7UABB",
                "channel_team": "T04TGFGMK7C",
                "is_msg_unfurl": true,
                "message_blocks": [
                    {
                        "team": "T04TGFGMK7C",
                        "channel": "C053RR7UABB",
                        "ts": "1696908092.408469",
                        "message": {
                            "blocks": [
                                {
                                    "type": "rich_text",
                                    "block_id": "eANPB",
                                    "elements": [
                                        {
                                            "type": "rich_text_section",
                                            "elements": [
                                                {
                                                    "type": "text",
                                                    "text": "どこかでこれやろう "
                                                },
                                                {
                                                    "type": "text",
                                                    "text": "SeedFu::Writer.write",
                                                    "style": {
                                                        "code": true
                                                    }
                                                },
                                                {
                                                    "type": "text",
                                                    "text": "\n\nseed_fuを使う \/ 既存のDBからseedファイルを作成するrakeタスク\n"
                                                },
                                                {
                                                    "type": "link",
                                                    "url": "https:\/\/zenn.dev\/link\/comments\/fa068f13c663dd"
                                                }
                                            ]
                                        }
                                    ]
                                }
                            ]
                        }
                    }
                ],
                "id": 1,
                "original_url": "https:\/\/chubachi-pt-2023.slack.com\/archives\/C053RR7UABB\/p1696908092408469",
                "fallback": "[October 9th, 2023 8:21 PM] a2236sh: どこかでこれやろう `SeedFu::Writer.write`\n\nseed_fuを使う \/ 既存のDBからseedファイルを作成するrakeタスク\n<https:\/\/zenn.dev\/link\/comments\/fa068f13c663dd>",
                "text": "どこかでこれやろう `SeedFu::Writer.write`\n\nseed_fuを使う \/ 既存のDBからseedファイルを作成するrakeタスク\n<https:\/\/zenn.dev\/link\/comments\/fa068f13c663dd>",
                "author_name": "satoshi.​hirata",
                "author_link": "https:\/\/chubachi-pt-2023.slack.com\/team\/U04TGBZ4XEX",
                "author_icon": "https:\/\/avatars.slack-edge.com\/2023-05-03\/5205694948836_824241a82bdf37206daa_48.jpg",
                "author_subname": "satoshi.​hirata",
                "mrkdwn_in": [
                    "text"
                ],
                "footer": "Slack の会話"
            }
        ]
    }
]