[
    {
        "type": "message",
        "text": "手元で最新のdevelopからフロント立ち上げようと思ったらjotaiはいずこへ..:melting_face:",
        "files": [
            {
                "id": "F064A5S73PD",
                "created": 1699149577,
                "timestamp": 1699149577,
                "name": "ss 1.png",
                "title": "ss 1.png",
                "mimetype": "image\/png",
                "filetype": "png",
                "pretty_type": "PNG",
                "user": "U04TGBZ4XEX",
                "user_team": "T04TGFGMK7C",
                "editable": false,
                "size": 298938,
                "mode": "hosted",
                "is_external": false,
                "external_type": "",
                "is_public": true,
                "public_url_shared": false,
                "display_as_bot": false,
                "username": "",
                "url_private": "https:\/\/files.slack.com\/files-pri\/T04TGFGMK7C-F064A5S73PD\/ss_1.png?t=xoxe-4934526733250-6374789194866-6374789570354-af963380c45b108ab500a7bde0440c66",
                "url_private_download": "https:\/\/files.slack.com\/files-pri\/T04TGFGMK7C-F064A5S73PD\/download\/ss_1.png?t=xoxe-4934526733250-6374789194866-6374789570354-af963380c45b108ab500a7bde0440c66",
                "media_display_type": "unknown",
                "thumb_64": "https:\/\/files.slack.com\/files-tmb\/T04TGFGMK7C-F064A5S73PD-130e5842e9\/ss_1_64.png?t=xoxe-4934526733250-6374789194866-6374789570354-af963380c45b108ab500a7bde0440c66",
                "thumb_80": "https:\/\/files.slack.com\/files-tmb\/T04TGFGMK7C-F064A5S73PD-130e5842e9\/ss_1_80.png?t=xoxe-4934526733250-6374789194866-6374789570354-af963380c45b108ab500a7bde0440c66",
                "thumb_360": "https:\/\/files.slack.com\/files-tmb\/T04TGFGMK7C-F064A5S73PD-130e5842e9\/ss_1_360.png?t=xoxe-4934526733250-6374789194866-6374789570354-af963380c45b108ab500a7bde0440c66",
                "thumb_360_w": 360,
                "thumb_360_h": 130,
                "thumb_480": "https:\/\/files.slack.com\/files-tmb\/T04TGFGMK7C-F064A5S73PD-130e5842e9\/ss_1_480.png?t=xoxe-4934526733250-6374789194866-6374789570354-af963380c45b108ab500a7bde0440c66",
                "thumb_480_w": 480,
                "thumb_480_h": 174,
                "thumb_160": "https:\/\/files.slack.com\/files-tmb\/T04TGFGMK7C-F064A5S73PD-130e5842e9\/ss_1_160.png?t=xoxe-4934526733250-6374789194866-6374789570354-af963380c45b108ab500a7bde0440c66",
                "thumb_720": "https:\/\/files.slack.com\/files-tmb\/T04TGFGMK7C-F064A5S73PD-130e5842e9\/ss_1_720.png?t=xoxe-4934526733250-6374789194866-6374789570354-af963380c45b108ab500a7bde0440c66",
                "thumb_720_w": 720,
                "thumb_720_h": 261,
                "thumb_800": "https:\/\/files.slack.com\/files-tmb\/T04TGFGMK7C-F064A5S73PD-130e5842e9\/ss_1_800.png?t=xoxe-4934526733250-6374789194866-6374789570354-af963380c45b108ab500a7bde0440c66",
                "thumb_800_w": 800,
                "thumb_800_h": 290,
                "thumb_960": "https:\/\/files.slack.com\/files-tmb\/T04TGFGMK7C-F064A5S73PD-130e5842e9\/ss_1_960.png?t=xoxe-4934526733250-6374789194866-6374789570354-af963380c45b108ab500a7bde0440c66",
                "thumb_960_w": 960,
                "thumb_960_h": 348,
                "thumb_1024": "https:\/\/files.slack.com\/files-tmb\/T04TGFGMK7C-F064A5S73PD-130e5842e9\/ss_1_1024.png?t=xoxe-4934526733250-6374789194866-6374789570354-af963380c45b108ab500a7bde0440c66",
                "thumb_1024_w": 1024,
                "thumb_1024_h": 371,
                "original_w": 3444,
                "original_h": 1248,
                "thumb_tiny": "AwARADCnScUUEUAJnHajcKOaTBoAcGz60uT6mmqMUtABRRRQAUUUUAFFFFAH\/9k=",
                "permalink": "https:\/\/chubachi-pt-2023.slack.com\/files\/U04TGBZ4XEX\/F064A5S73PD\/ss_1.png",
                "permalink_public": "https:\/\/slack-files.com\/T04TGFGMK7C-F064A5S73PD-eafd24dacf",
                "is_starred": false,
                "has_rich_preview": false,
                "file_access": "visible"
            }
        ],
        "upload": false,
        "user": "U04TGBZ4XEX",
        "display_as_bot": false,
        "ts": "1699149581.609169",
        "blocks": [
            {
                "type": "rich_text",
                "block_id": "r+jfU",
                "elements": [
                    {
                        "type": "rich_text_section",
                        "elements": [
                            {
                                "type": "text",
                                "text": "手元で最新のdevelopからフロント立ち上げようと思ったらjotaiはいずこへ.."
                            },
                            {
                                "type": "emoji",
                                "name": "melting_face",
                                "unicode": "1fae0"
                            }
                        ]
                    }
                ]
            }
        ],
        "edited": {
            "user": "U04TGBZ4XEX",
            "ts": "1699149844.000000"
        },
        "client_msg_id": "5c91e1f7-2f17-4cd4-aa8e-814d78d2f83e"
    },
    {
        "type": "message",
        "text": "`npm ci && npm run wsl:dev:local-api`\n\nなんか手順抜けてそう。keyがなさそう:melting_face:\nまいいか後にしよう\n```- error node_modules\/@firebase\/auth\/dist\/node-esm\/totp-96291496.js (490:0) @ createErrorInternal\n- error FirebaseError: Firebase: Error (auth\/invalid-api-key).\n    at useAuthentication (.\/hooks\/useAuth.ts:49:98)\n    at Auth (.\/app\/__fragments__\/Auth.tsx:27:103)\nnull```",
        "files": [
            {
                "id": "F064Z8UB60G",
                "created": 1699150446,
                "timestamp": 1699150446,
                "name": "ss.png",
                "title": "ss.png",
                "mimetype": "image\/png",
                "filetype": "png",
                "pretty_type": "PNG",
                "user": "U04TGBZ4XEX",
                "user_team": "T04TGFGMK7C",
                "editable": false,
                "size": 429630,
                "mode": "hosted",
                "is_external": false,
                "external_type": "",
                "is_public": true,
                "public_url_shared": false,
                "display_as_bot": false,
                "username": "",
                "url_private": "https:\/\/files.slack.com\/files-pri\/T04TGFGMK7C-F064Z8UB60G\/ss.png?t=xoxe-4934526733250-6374789194866-6374789570354-af963380c45b108ab500a7bde0440c66",
                "url_private_download": "https:\/\/files.slack.com\/files-pri\/T04TGFGMK7C-F064Z8UB60G\/download\/ss.png?t=xoxe-4934526733250-6374789194866-6374789570354-af963380c45b108ab500a7bde0440c66",
                "media_display_type": "unknown",
                "thumb_64": "https:\/\/files.slack.com\/files-tmb\/T04TGFGMK7C-F064Z8UB60G-1508a4c3ad\/ss_64.png?t=xoxe-4934526733250-6374789194866-6374789570354-af963380c45b108ab500a7bde0440c66",
                "thumb_80": "https:\/\/files.slack.com\/files-tmb\/T04TGFGMK7C-F064Z8UB60G-1508a4c3ad\/ss_80.png?t=xoxe-4934526733250-6374789194866-6374789570354-af963380c45b108ab500a7bde0440c66",
                "thumb_360": "https:\/\/files.slack.com\/files-tmb\/T04TGFGMK7C-F064Z8UB60G-1508a4c3ad\/ss_360.png?t=xoxe-4934526733250-6374789194866-6374789570354-af963380c45b108ab500a7bde0440c66",
                "thumb_360_w": 360,
                "thumb_360_h": 225,
                "thumb_480": "https:\/\/files.slack.com\/files-tmb\/T04TGFGMK7C-F064Z8UB60G-1508a4c3ad\/ss_480.png?t=xoxe-4934526733250-6374789194866-6374789570354-af963380c45b108ab500a7bde0440c66",
                "thumb_480_w": 480,
                "thumb_480_h": 300,
                "thumb_160": "https:\/\/files.slack.com\/files-tmb\/T04TGFGMK7C-F064Z8UB60G-1508a4c3ad\/ss_160.png?t=xoxe-4934526733250-6374789194866-6374789570354-af963380c45b108ab500a7bde0440c66",
                "thumb_720": "https:\/\/files.slack.com\/files-tmb\/T04TGFGMK7C-F064Z8UB60G-1508a4c3ad\/ss_720.png?t=xoxe-4934526733250-6374789194866-6374789570354-af963380c45b108ab500a7bde0440c66",
                "thumb_720_w": 720,
                "thumb_720_h": 450,
                "thumb_800": "https:\/\/files.slack.com\/files-tmb\/T04TGFGMK7C-F064Z8UB60G-1508a4c3ad\/ss_800.png?t=xoxe-4934526733250-6374789194866-6374789570354-af963380c45b108ab500a7bde0440c66",
                "thumb_800_w": 800,
                "thumb_800_h": 500,
                "thumb_960": "https:\/\/files.slack.com\/files-tmb\/T04TGFGMK7C-F064Z8UB60G-1508a4c3ad\/ss_960.png?t=xoxe-4934526733250-6374789194866-6374789570354-af963380c45b108ab500a7bde0440c66",
                "thumb_960_w": 960,
                "thumb_960_h": 599,
                "thumb_1024": "https:\/\/files.slack.com\/files-tmb\/T04TGFGMK7C-F064Z8UB60G-1508a4c3ad\/ss_1024.png?t=xoxe-4934526733250-6374789194866-6374789570354-af963380c45b108ab500a7bde0440c66",
                "thumb_1024_w": 1024,
                "thumb_1024_h": 639,
                "original_w": 3456,
                "original_h": 2158,
                "thumb_tiny": "AwAdADCX7JD\/AHT+dKLOE9j\/AN9Gpqr3fnbU8nfnPO2gB\/2CI\/w\/+PGj7BF\/d\/8AHqpf6Z6T\/maTF7\/03\/WgC61lCvVP1pPskP8Ac\/Wks\/O2N52\/OeN9WKAClBxSUUAP8w+go8w+gplFACsxbrSUUUAf\/9k=",
                "permalink": "https:\/\/chubachi-pt-2023.slack.com\/files\/U04TGBZ4XEX\/F064Z8UB60G\/ss.png",
                "permalink_public": "https:\/\/slack-files.com\/T04TGFGMK7C-F064Z8UB60G-97f11f0908",
                "is_starred": false,
                "has_rich_preview": false,
                "file_access": "visible"
            }
        ],
        "upload": false,
        "user": "U04TGBZ4XEX",
        "display_as_bot": false,
        "ts": "1699150450.703419",
        "blocks": [
            {
                "type": "rich_text",
                "block_id": "4AO8I",
                "elements": [
                    {
                        "type": "rich_text_section",
                        "elements": [
                            {
                                "type": "text",
                                "text": "npm ci && npm run wsl:dev:local-api",
                                "style": {
                                    "code": true
                                }
                            },
                            {
                                "type": "text",
                                "text": "\n\nなんか手順抜けてそう。keyがなさそう"
                            },
                            {
                                "type": "emoji",
                                "name": "melting_face",
                                "unicode": "1fae0"
                            },
                            {
                                "type": "text",
                                "text": "\nまいいか後にしよう\n"
                            }
                        ]
                    },
                    {
                        "type": "rich_text_preformatted",
                        "elements": [
                            {
                                "type": "text",
                                "text": "- error node_modules\/@firebase\/auth\/dist\/node-esm\/totp-96291496.js (490:0) @ createErrorInternal\n- error FirebaseError: Firebase: Error (auth\/invalid-api-key).\n    at useAuthentication (.\/hooks\/useAuth.ts:49:98)\n    at Auth (.\/app\/__fragments__\/Auth.tsx:27:103)\nnull"
                            }
                        ],
                        "border": 0
                    }
                ]
            }
        ],
        "edited": {
            "user": "U04TGBZ4XEX",
            "ts": "1699151170.000000"
        },
        "client_msg_id": "9b13a6b3-67fa-48fd-8519-2692989d6bda",
        "thread_ts": "1699150450.703419",
        "reply_count": 2,
        "reply_users_count": 2,
        "latest_reply": "1699155658.925039",
        "reply_users": [
            "U04TV4NASPK",
            "U04TGBZ4XEX"
        ],
        "replies": [
            {
                "user": "U04TV4NASPK",
                "ts": "1699154120.755889"
            },
            {
                "user": "U04TGBZ4XEX",
                "ts": "1699155658.925039"
            }
        ],
        "is_locked": false,
        "subscribed": false
    },
    {
        "client_msg_id": "b793d529-271f-420a-bd15-9122bfb1ac4a",
        "type": "message",
        "text": "<https:\/\/chubachi-pt-2023.slack.com\/archives\/C054R4216MB\/p1698332343806709?thread_ts=1698332343.806709&amp;cid=C054R4216MB|https:\/\/chubachi-pt-2023.slack.com\/archives\/C054R4216MB\/p1698332343806709?thread_ts=1698332343.806709&amp;cid=C054R4216MB>",
        "user": "U04TV4NASPK",
        "ts": "1699154120.755889",
        "blocks": [
            {
                "type": "rich_text",
                "block_id": "qKzDW",
                "elements": [
                    {
                        "type": "rich_text_section",
                        "elements": [
                            {
                                "type": "link",
                                "url": "https:\/\/chubachi-pt-2023.slack.com\/archives\/C054R4216MB\/p1698332343806709?thread_ts=1698332343.806709&cid=C054R4216MB",
                                "text": "https:\/\/chubachi-pt-2023.slack.com\/archives\/C054R4216MB\/p1698332343806709?thread_ts=1698332343.806709&cid=C054R4216MB"
                            }
                        ]
                    }
                ]
            }
        ],
        "team": "T04TGFGMK7C",
        "user_team": "T04TGFGMK7C",
        "source_team": "T04TGFGMK7C",
        "user_profile": {
            "avatar_hash": "342942264635",
            "image_72": "https:\/\/avatars.slack-edge.com\/2023-03-11\/4927985433382_34294226463524804a2d_72.jpg",
            "first_name": "Nakayama",
            "real_name": "Nakayama Kenta",
            "display_name": "Nakayama",
            "team": "T04TGFGMK7C",
            "name": "a2231kn",
            "is_restricted": false,
            "is_ultra_restricted": false
        },
        "attachments": [
            {
                "from_url": "https:\/\/chubachi-pt-2023.slack.com\/archives\/C054R4216MB\/p1698332343806709?thread_ts=1698332343.806709&amp;cid=C054R4216MB",
                "ts": "1698332343.806709",
                "author_id": "U04T9TDB58W",
                "channel_id": "C054R4216MB",
                "channel_team": "T04TGFGMK7C",
                "is_msg_unfurl": true,
                "is_thread_root_unfurl": true,
                "message_blocks": [
                    {
                        "team": "T04TGFGMK7C",
                        "channel": "C054R4216MB",
                        "ts": "1698332343.806709",
                        "message": {
                            "blocks": [
                                {
                                    "type": "rich_text",
                                    "block_id": "OD5ok",
                                    "elements": [
                                        {
                                            "type": "rich_text_section",
                                            "elements": [
                                                {
                                                    "type": "user",
                                                    "user_id": "U04U66DNCRE"
                                                },
                                                {
                                                    "type": "text",
                                                    "text": " cc "
                                                },
                                                {
                                                    "type": "broadcast",
                                                    "range": "here"
                                                },
                                                {
                                                    "type": "text",
                                                    "text": "\nlocalで立ち上げる際に .env.localに以下記述が必要です! "
                                                },
                                                {
                                                    "type": "emoji",
                                                    "name": "bow",
                                                    "unicode": "1f647"
                                                },
                                                {
                                                    "type": "text",
                                                    "text": "\nこちら： "
                                                },
                                                {
                                                    "type": "link",
                                                    "url": "https:\/\/www.notion.so\/Front-End-ed37201719db41b6b5b70e883488b295?pvs=4#13ab851580fe4869aa59223566558346"
                                                }
                                            ]
                                        }
                                    ]
                                }
                            ]
                        }
                    }
                ],
                "id": 1,
                "original_url": "https:\/\/chubachi-pt-2023.slack.com\/archives\/C054R4216MB\/p1698332343806709?thread_ts=1698332343.806709&amp;cid=C054R4216MB",
                "fallback": "[October 26th, 2023 7:59 AM] a2239hm: <@U04U66DNCRE> cc <!here>\nlocalで立ち上げる際に .env.localに以下記述が必要です! :bow:\nこちら： <https:\/\/www.notion.so\/Front-End-ed37201719db41b6b5b70e883488b295?pvs=4#13ab851580fe4869aa59223566558346>",
                "text": "<@U04U66DNCRE> cc <!here>\nlocalで立ち上げる際に .env.localに以下記述が必要です! :bow:\nこちら： <https:\/\/www.notion.so\/Front-End-ed37201719db41b6b5b70e883488b295?pvs=4#13ab851580fe4869aa59223566558346>",
                "author_name": "Hibiki Mizuno",
                "author_link": "https:\/\/chubachi-pt-2023.slack.com\/team\/U04T9TDB58W",
                "author_icon": "https:\/\/avatars.slack-edge.com\/2023-03-11\/4958815898464_183a619e0408c53031fd_48.jpg",
                "author_subname": "Hibiki Mizuno",
                "mrkdwn_in": [
                    "text"
                ],
                "footer": "Slack の会話内のスレッド"
            }
        ],
        "thread_ts": "1699150450.703419",
        "parent_user_id": "U04TGBZ4XEX",
        "reactions": [
            {
                "name": "pray",
                "users": [
                    "U04TGBZ4XEX"
                ],
                "count": 1
            },
            {
                "name": "arigatougozaimasu",
                "users": [
                    "U04TGBZ4XEX"
                ],
                "count": 1
            }
        ]
    },
    {
        "client_msg_id": "ce09bf98-dedb-4dfc-88e2-20196d3b3375",
        "type": "message",
        "text": "ありがとうございます、動きました:pray:",
        "user": "U04TGBZ4XEX",
        "ts": "1699155658.925039",
        "blocks": [
            {
                "type": "rich_text",
                "block_id": "OlY+w",
                "elements": [
                    {
                        "type": "rich_text_section",
                        "elements": [
                            {
                                "type": "text",
                                "text": "ありがとうございます、動きました"
                            },
                            {
                                "type": "emoji",
                                "name": "pray",
                                "unicode": "1f64f"
                            }
                        ]
                    }
                ]
            }
        ],
        "team": "T04TGFGMK7C",
        "user_team": "T04TGFGMK7C",
        "source_team": "T04TGFGMK7C",
        "user_profile": {
            "avatar_hash": "824241a82bdf",
            "image_72": "https:\/\/avatars.slack-edge.com\/2023-05-03\/5205694948836_824241a82bdf37206daa_72.jpg",
            "first_name": "satoshi.​hirata",
            "real_name": "satoshi.​hirata",
            "display_name": "satoshi.hirata",
            "team": "T04TGFGMK7C",
            "name": "a2236sh",
            "is_restricted": false,
            "is_ultra_restricted": false
        },
        "thread_ts": "1699150450.703419",
        "parent_user_id": "U04TGBZ4XEX"
    },
    {
        "type": "message",
        "text": "NO IMAGE返すようにした。サンプルのseeder直さないといけない",
        "files": [
            {
                "id": "F064ABCTNSE",
                "created": 1699155706,
                "timestamp": 1699155706,
                "name": "ss 1.png",
                "title": "ss 1.png",
                "mimetype": "image\/png",
                "filetype": "png",
                "pretty_type": "PNG",
                "user": "U04TGBZ4XEX",
                "user_team": "T04TGFGMK7C",
                "editable": false,
                "size": 494844,
                "mode": "hosted",
                "is_external": false,
                "external_type": "",
                "is_public": true,
                "public_url_shared": false,
                "display_as_bot": false,
                "username": "",
                "url_private": "https:\/\/files.slack.com\/files-pri\/T04TGFGMK7C-F064ABCTNSE\/ss_1.png?t=xoxe-4934526733250-6374789194866-6374789570354-af963380c45b108ab500a7bde0440c66",
                "url_private_download": "https:\/\/files.slack.com\/files-pri\/T04TGFGMK7C-F064ABCTNSE\/download\/ss_1.png?t=xoxe-4934526733250-6374789194866-6374789570354-af963380c45b108ab500a7bde0440c66",
                "media_display_type": "unknown",
                "thumb_64": "https:\/\/files.slack.com\/files-tmb\/T04TGFGMK7C-F064ABCTNSE-612cda2128\/ss_1_64.png?t=xoxe-4934526733250-6374789194866-6374789570354-af963380c45b108ab500a7bde0440c66",
                "thumb_80": "https:\/\/files.slack.com\/files-tmb\/T04TGFGMK7C-F064ABCTNSE-612cda2128\/ss_1_80.png?t=xoxe-4934526733250-6374789194866-6374789570354-af963380c45b108ab500a7bde0440c66",
                "thumb_360": "https:\/\/files.slack.com\/files-tmb\/T04TGFGMK7C-F064ABCTNSE-612cda2128\/ss_1_360.png?t=xoxe-4934526733250-6374789194866-6374789570354-af963380c45b108ab500a7bde0440c66",
                "thumb_360_w": 360,
                "thumb_360_h": 225,
                "thumb_480": "https:\/\/files.slack.com\/files-tmb\/T04TGFGMK7C-F064ABCTNSE-612cda2128\/ss_1_480.png?t=xoxe-4934526733250-6374789194866-6374789570354-af963380c45b108ab500a7bde0440c66",
                "thumb_480_w": 480,
                "thumb_480_h": 300,
                "thumb_160": "https:\/\/files.slack.com\/files-tmb\/T04TGFGMK7C-F064ABCTNSE-612cda2128\/ss_1_160.png?t=xoxe-4934526733250-6374789194866-6374789570354-af963380c45b108ab500a7bde0440c66",
                "thumb_720": "https:\/\/files.slack.com\/files-tmb\/T04TGFGMK7C-F064ABCTNSE-612cda2128\/ss_1_720.png?t=xoxe-4934526733250-6374789194866-6374789570354-af963380c45b108ab500a7bde0440c66",
                "thumb_720_w": 720,
                "thumb_720_h": 450,
                "thumb_800": "https:\/\/files.slack.com\/files-tmb\/T04TGFGMK7C-F064ABCTNSE-612cda2128\/ss_1_800.png?t=xoxe-4934526733250-6374789194866-6374789570354-af963380c45b108ab500a7bde0440c66",
                "thumb_800_w": 800,
                "thumb_800_h": 500,
                "thumb_960": "https:\/\/files.slack.com\/files-tmb\/T04TGFGMK7C-F064ABCTNSE-612cda2128\/ss_1_960.png?t=xoxe-4934526733250-6374789194866-6374789570354-af963380c45b108ab500a7bde0440c66",
                "thumb_960_w": 960,
                "thumb_960_h": 599,
                "thumb_1024": "https:\/\/files.slack.com\/files-tmb\/T04TGFGMK7C-F064ABCTNSE-612cda2128\/ss_1_1024.png?t=xoxe-4934526733250-6374789194866-6374789570354-af963380c45b108ab500a7bde0440c66",
                "thumb_1024_w": 1024,
                "thumb_1024_h": 639,
                "original_w": 3456,
                "original_h": 2158,
                "thumb_tiny": "AwAdADC0LCDup\/M0w2tqJAhDbj0GTVyq7RO0qyEjK9ODQA37Db5xtb8zR9ht\/wC435mpv3vqn5Gj976p+RoAiNjBj7h\/OkFjCcEpj1Gan\/e+qfkaeaACmeTH\/cFPooAZ5Mf9wflR5Mf9wflT6KAGeTH\/AHBT6KKAP\/\/Z",
                "permalink": "https:\/\/chubachi-pt-2023.slack.com\/files\/U04TGBZ4XEX\/F064ABCTNSE\/ss_1.png",
                "permalink_public": "https:\/\/slack-files.com\/T04TGFGMK7C-F064ABCTNSE-a2768d7ca0",
                "is_starred": false,
                "has_rich_preview": false,
                "file_access": "visible"
            }
        ],
        "upload": false,
        "user": "U04TGBZ4XEX",
        "display_as_bot": false,
        "ts": "1699155711.169899",
        "blocks": [
            {
                "type": "rich_text",
                "block_id": "cw8gT",
                "elements": [
                    {
                        "type": "rich_text_section",
                        "elements": [
                            {
                                "type": "text",
                                "text": "NO IMAGE返すようにした。サンプルのseeder直さないといけない"
                            }
                        ]
                    }
                ]
            }
        ],
        "edited": {
            "user": "U04TGBZ4XEX",
            "ts": "1699155771.000000"
        },
        "client_msg_id": "4cf17479-2d24-47f8-8aec-03fa5f2b19b6"
    },
    {
        "type": "message",
        "text": "外部から画像URL取得する場合、フロント側の許可が必要そう",
        "files": [
            {
                "id": "F0643N2EK0W",
                "created": 1699156074,
                "timestamp": 1699156074,
                "name": "ss 2.png",
                "title": "ss 2.png",
                "mimetype": "image\/png",
                "filetype": "png",
                "pretty_type": "PNG",
                "user": "U04TGBZ4XEX",
                "user_team": "T04TGFGMK7C",
                "editable": false,
                "size": 362180,
                "mode": "hosted",
                "is_external": false,
                "external_type": "",
                "is_public": true,
                "public_url_shared": false,
                "display_as_bot": false,
                "username": "",
                "url_private": "https:\/\/files.slack.com\/files-pri\/T04TGFGMK7C-F0643N2EK0W\/ss_2.png?t=xoxe-4934526733250-6374789194866-6374789570354-af963380c45b108ab500a7bde0440c66",
                "url_private_download": "https:\/\/files.slack.com\/files-pri\/T04TGFGMK7C-F0643N2EK0W\/download\/ss_2.png?t=xoxe-4934526733250-6374789194866-6374789570354-af963380c45b108ab500a7bde0440c66",
                "media_display_type": "unknown",
                "thumb_64": "https:\/\/files.slack.com\/files-tmb\/T04TGFGMK7C-F0643N2EK0W-0c0b5ef737\/ss_2_64.png?t=xoxe-4934526733250-6374789194866-6374789570354-af963380c45b108ab500a7bde0440c66",
                "thumb_80": "https:\/\/files.slack.com\/files-tmb\/T04TGFGMK7C-F0643N2EK0W-0c0b5ef737\/ss_2_80.png?t=xoxe-4934526733250-6374789194866-6374789570354-af963380c45b108ab500a7bde0440c66",
                "thumb_360": "https:\/\/files.slack.com\/files-tmb\/T04TGFGMK7C-F0643N2EK0W-0c0b5ef737\/ss_2_360.png?t=xoxe-4934526733250-6374789194866-6374789570354-af963380c45b108ab500a7bde0440c66",
                "thumb_360_w": 360,
                "thumb_360_h": 225,
                "thumb_480": "https:\/\/files.slack.com\/files-tmb\/T04TGFGMK7C-F0643N2EK0W-0c0b5ef737\/ss_2_480.png?t=xoxe-4934526733250-6374789194866-6374789570354-af963380c45b108ab500a7bde0440c66",
                "thumb_480_w": 480,
                "thumb_480_h": 300,
                "thumb_160": "https:\/\/files.slack.com\/files-tmb\/T04TGFGMK7C-F0643N2EK0W-0c0b5ef737\/ss_2_160.png?t=xoxe-4934526733250-6374789194866-6374789570354-af963380c45b108ab500a7bde0440c66",
                "thumb_720": "https:\/\/files.slack.com\/files-tmb\/T04TGFGMK7C-F0643N2EK0W-0c0b5ef737\/ss_2_720.png?t=xoxe-4934526733250-6374789194866-6374789570354-af963380c45b108ab500a7bde0440c66",
                "thumb_720_w": 720,
                "thumb_720_h": 450,
                "thumb_800": "https:\/\/files.slack.com\/files-tmb\/T04TGFGMK7C-F0643N2EK0W-0c0b5ef737\/ss_2_800.png?t=xoxe-4934526733250-6374789194866-6374789570354-af963380c45b108ab500a7bde0440c66",
                "thumb_800_w": 800,
                "thumb_800_h": 500,
                "thumb_960": "https:\/\/files.slack.com\/files-tmb\/T04TGFGMK7C-F0643N2EK0W-0c0b5ef737\/ss_2_960.png?t=xoxe-4934526733250-6374789194866-6374789570354-af963380c45b108ab500a7bde0440c66",
                "thumb_960_w": 960,
                "thumb_960_h": 599,
                "thumb_1024": "https:\/\/files.slack.com\/files-tmb\/T04TGFGMK7C-F0643N2EK0W-0c0b5ef737\/ss_2_1024.png?t=xoxe-4934526733250-6374789194866-6374789570354-af963380c45b108ab500a7bde0440c66",
                "thumb_1024_w": 1024,
                "thumb_1024_h": 639,
                "original_w": 3456,
                "original_h": 2158,
                "thumb_tiny": "AwAdADCyLGHnKn25NL9hg\/ut\/wB9GrNFAFb7BB\/db\/vo0n2C3\/uH\/vo1aooArfYbf+4fzpPsEOfu8VaooAKKiikLsQQOKloG1YKKKKBBRRRQB\/\/Z",
                "permalink": "https:\/\/chubachi-pt-2023.slack.com\/files\/U04TGBZ4XEX\/F0643N2EK0W\/ss_2.png",
                "permalink_public": "https:\/\/slack-files.com\/T04TGFGMK7C-F0643N2EK0W-da3f0ea473",
                "is_starred": false,
                "has_rich_preview": false,
                "file_access": "visible"
            }
        ],
        "upload": false,
        "user": "U04TGBZ4XEX",
        "display_as_bot": false,
        "ts": "1699156079.000169",
        "blocks": [
            {
                "type": "rich_text",
                "block_id": "58D1t",
                "elements": [
                    {
                        "type": "rich_text_section",
                        "elements": [
                            {
                                "type": "text",
                                "text": "外部から画像URL取得する場合、フロント側の許可が必要そう"
                            }
                        ]
                    }
                ]
            }
        ],
        "client_msg_id": "5f98d66d-5a0f-4cd9-930e-d9e988d93d89",
        "thread_ts": "1699156079.000169",
        "reply_count": 1,
        "reply_users_count": 1,
        "latest_reply": "1699157709.191069",
        "reply_users": [
            "U04TGBZ4XEX"
        ],
        "replies": [
            {
                "user": "U04TGBZ4XEX",
                "ts": "1699157709.191069"
            }
        ],
        "is_locked": false,
        "subscribed": false
    },
    {
        "client_msg_id": "f151cf78-3bfe-4191-89ae-6d0747f3dd3f",
        "type": "message",
        "text": "<@U05KW1T3HBQ> トップレベルドメインまでを取得する正規表現を教えてください",
        "user": "U04TGBZ4XEX",
        "ts": "1699156182.264429",
        "blocks": [
            {
                "type": "rich_text",
                "block_id": "86akD",
                "elements": [
                    {
                        "type": "rich_text_section",
                        "elements": [
                            {
                                "type": "user",
                                "user_id": "U05KW1T3HBQ"
                            },
                            {
                                "type": "text",
                                "text": " トップレベルドメインまでを取得する正規表現を教えてください"
                            }
                        ]
                    }
                ]
            }
        ],
        "team": "T04TGFGMK7C",
        "user_team": "T04TGFGMK7C",
        "source_team": "T04TGFGMK7C",
        "user_profile": {
            "avatar_hash": "824241a82bdf",
            "image_72": "https:\/\/avatars.slack-edge.com\/2023-05-03\/5205694948836_824241a82bdf37206daa_72.jpg",
            "first_name": "satoshi.​hirata",
            "real_name": "satoshi.​hirata",
            "display_name": "satoshi.hirata",
            "team": "T04TGFGMK7C",
            "name": "a2236sh",
            "is_restricted": false,
            "is_ultra_restricted": false
        },
        "thread_ts": "1699156182.264429",
        "reply_count": 5,
        "reply_users_count": 2,
        "latest_reply": "1699158885.877359",
        "reply_users": [
            "U05KW1T3HBQ",
            "U04TGBZ4XEX"
        ],
        "replies": [
            {
                "user": "U05KW1T3HBQ",
                "ts": "1699156184.056929"
            },
            {
                "user": "U04TGBZ4XEX",
                "ts": "1699156219.926989"
            },
            {
                "user": "U05KW1T3HBQ",
                "ts": "1699156221.031179"
            },
            {
                "user": "U04TGBZ4XEX",
                "ts": "1699158884.917479"
            },
            {
                "user": "U05KW1T3HBQ",
                "ts": "1699158885.877359"
            }
        ],
        "is_locked": false,
        "subscribed": false
    },
    {
        "bot_id": "B05L54QHYHJ",
        "type": "message",
        "text": " トップレベルドメインを取得する正規表現は次のようになります。\n\n```js\n\/\\.[a-z]{2,3}$\/i\n```\n\nこれはドット(.)から始まり、2文字以上3文字以下のアルファベットからなる文字列が末尾に来ることを表します。\n\n使用例:\n\n```js\nconst url = \"<http:\/\/www.example.com|www.example.com>\";\nconst tld = url.match(\/\\.[a-z]{2,3}$\/i)[0]; \n\/\/ tld = \".com\"\n```\n\nマッチする文字列の末尾をキャプチャするために`$`を使用し、大文字小文字を区別しないように`i`フラグを付け加えています。",
        "user": "U05KW1T3HBQ",
        "ts": "1699156184.056929",
        "app_id": "A04KGS7N9A8",
        "blocks": [
            {
                "type": "rich_text",
                "block_id": "NT2",
                "elements": [
                    {
                        "type": "rich_text_section",
                        "elements": [
                            {
                                "type": "text",
                                "text": "トップレベルドメインを取得する正規表現は次のようになります。\n\n"
                            }
                        ]
                    },
                    {
                        "type": "rich_text_preformatted",
                        "elements": [
                            {
                                "type": "text",
                                "text": "js\n\/\\.[a-z]{2,3}$\/i\n"
                            }
                        ]
                    },
                    {
                        "type": "rich_text_section",
                        "elements": [
                            {
                                "type": "text",
                                "text": "\n\nこれはドット(.)から始まり、2文字以上3文字以下のアルファベットからなる文字列が末尾に来ることを表します。\n\n使用例:\n\n"
                            }
                        ]
                    },
                    {
                        "type": "rich_text_preformatted",
                        "elements": [
                            {
                                "type": "text",
                                "text": "js\nconst url = \""
                            },
                            {
                                "type": "link",
                                "url": "http:\/\/www.example.com",
                                "text": "www.example.com"
                            },
                            {
                                "type": "text",
                                "text": "\";\nconst tld = url.match(\/\\.[a-z]{2,3}$\/i)[0]; \n\/\/ tld = \".com\"\n"
                            }
                        ]
                    },
                    {
                        "type": "rich_text_section",
                        "elements": [
                            {
                                "type": "text",
                                "text": "\n\nマッチする文字列の末尾をキャプチャするために`$"
                            },
                            {
                                "type": "text",
                                "text": "を使用し、大文字小文字を区別しないように",
                                "style": {
                                    "code": true
                                }
                            },
                            {
                                "type": "text",
                                "text": "i`フラグを付け加えています。"
                            }
                        ]
                    }
                ]
            }
        ],
        "team": "T04TGFGMK7C",
        "bot_profile": {
            "id": "B05L54QHYHJ",
            "app_id": "A04KGS7N9A8",
            "name": "Claude",
            "icons": {
                "image_36": "https:\/\/avatars.slack-edge.com\/2023-01-25\/4682316783575_bbab0cdcdb3685eb5c87_36.png",
                "image_48": "https:\/\/avatars.slack-edge.com\/2023-01-25\/4682316783575_bbab0cdcdb3685eb5c87_48.png",
                "image_72": "https:\/\/avatars.slack-edge.com\/2023-01-25\/4682316783575_bbab0cdcdb3685eb5c87_72.png"
            },
            "deleted": false,
            "updated": 1691033238,
            "team_id": "T04TGFGMK7C"
        },
        "edited": {
            "user": "B05L54QHYHJ",
            "ts": "1699156192.000000"
        },
        "thread_ts": "1699156182.264429",
        "parent_user_id": "U04TGBZ4XEX"
    },
    {
        "client_msg_id": "e7526e07-ca34-412d-98ba-a9c46f1641ce",
        "type": "message",
        "text": "<@U05KW1T3HBQ> トップレベルドメインまでを取得する正規表現を教えてください。言語はRubyでお願いします",
        "user": "U04TGBZ4XEX",
        "ts": "1699156219.926989",
        "blocks": [
            {
                "type": "rich_text",
                "block_id": "5MbD9",
                "elements": [
                    {
                        "type": "rich_text_section",
                        "elements": [
                            {
                                "type": "user",
                                "user_id": "U05KW1T3HBQ"
                            },
                            {
                                "type": "text",
                                "text": " トップレベルドメインまでを取得する正規表現を教えてください。言語はRubyでお願いします"
                            }
                        ]
                    }
                ]
            }
        ],
        "team": "T04TGFGMK7C",
        "user_team": "T04TGFGMK7C",
        "source_team": "T04TGFGMK7C",
        "user_profile": {
            "avatar_hash": "824241a82bdf",
            "image_72": "https:\/\/avatars.slack-edge.com\/2023-05-03\/5205694948836_824241a82bdf37206daa_72.jpg",
            "first_name": "satoshi.​hirata",
            "real_name": "satoshi.​hirata",
            "display_name": "satoshi.hirata",
            "team": "T04TGFGMK7C",
            "name": "a2236sh",
            "is_restricted": false,
            "is_ultra_restricted": false
        },
        "thread_ts": "1699156182.264429",
        "parent_user_id": "U04TGBZ4XEX"
    },
    {
        "bot_id": "B05L54QHYHJ",
        "type": "message",
        "text": " Rubyでトップレベルドメインを取得する正規表現は以下のようになります。\n\n```ruby\n\/\\.[a-z]{2,3}\\z\/i\n```\n\n解説:\n\n- `\\.` - ドット文字をマッチ\n- `[a-z]{2,3}` - 2文字から3文字の英小文字をマッチ\n- `\\z` - 文字列の末尾を指定\n- `i` - 大文字小文字を区別しない\n\n使用例:\n\n```ruby\nurl = \"<http:\/\/www.example.com|www.example.com>\"\ntld = url[\/\\.[a-z]{2,3}\\z\/i]\n# tld =&gt; \".com\"\n```\n\n`\\z`を使って末尾を指定し、マッチした文字列全部をキャプチャしています。\n\nまた、`i`フラグを付けることで大文字小文字を区別しないようにしています。",
        "user": "U05KW1T3HBQ",
        "ts": "1699156221.031179",
        "app_id": "A04KGS7N9A8",
        "blocks": [
            {
                "type": "rich_text",
                "block_id": "Prq",
                "elements": [
                    {
                        "type": "rich_text_section",
                        "elements": [
                            {
                                "type": "text",
                                "text": "Rubyでトップレベルドメインを取得する正規表現は以下のようになります。\n\n"
                            }
                        ]
                    },
                    {
                        "type": "rich_text_preformatted",
                        "elements": [
                            {
                                "type": "text",
                                "text": "ruby\n\/\\.[a-z]{2,3}\\z\/i\n"
                            }
                        ]
                    },
                    {
                        "type": "rich_text_section",
                        "elements": [
                            {
                                "type": "text",
                                "text": "\n\n解説:\n\n- "
                            },
                            {
                                "type": "text",
                                "text": "\\.",
                                "style": {
                                    "code": true
                                }
                            },
                            {
                                "type": "text",
                                "text": " - ドット文字をマッチ\n- "
                            },
                            {
                                "type": "text",
                                "text": "[a-z]{2,3}",
                                "style": {
                                    "code": true
                                }
                            },
                            {
                                "type": "text",
                                "text": " - 2文字から3文字の英小文字をマッチ\n- "
                            },
                            {
                                "type": "text",
                                "text": "\\z",
                                "style": {
                                    "code": true
                                }
                            },
                            {
                                "type": "text",
                                "text": " - 文字列の末尾を指定\n- "
                            },
                            {
                                "type": "text",
                                "text": "i",
                                "style": {
                                    "code": true
                                }
                            },
                            {
                                "type": "text",
                                "text": " - 大文字小文字を区別しない\n\n使用例:\n\n"
                            }
                        ]
                    },
                    {
                        "type": "rich_text_preformatted",
                        "elements": [
                            {
                                "type": "text",
                                "text": "ruby\nurl = \""
                            },
                            {
                                "type": "link",
                                "url": "http:\/\/www.example.com",
                                "text": "www.example.com"
                            },
                            {
                                "type": "text",
                                "text": "\"\ntld = url[\/\\.[a-z]{2,3}\\z\/i]\n# tld => \".com\"\n"
                            }
                        ]
                    },
                    {
                        "type": "rich_text_section",
                        "elements": [
                            {
                                "type": "text",
                                "text": "\n\n"
                            },
                            {
                                "type": "text",
                                "text": "\\z",
                                "style": {
                                    "code": true
                                }
                            },
                            {
                                "type": "text",
                                "text": "を使って末尾を指定し、マッチした文字列全部をキャプチャしています。\n\nまた、`i`フラグを付けることで大文字小文字を区別しないようにしています。"
                            }
                        ]
                    }
                ]
            }
        ],
        "team": "T04TGFGMK7C",
        "bot_profile": {
            "id": "B05L54QHYHJ",
            "app_id": "A04KGS7N9A8",
            "name": "Claude",
            "icons": {
                "image_36": "https:\/\/avatars.slack-edge.com\/2023-01-25\/4682316783575_bbab0cdcdb3685eb5c87_36.png",
                "image_48": "https:\/\/avatars.slack-edge.com\/2023-01-25\/4682316783575_bbab0cdcdb3685eb5c87_48.png",
                "image_72": "https:\/\/avatars.slack-edge.com\/2023-01-25\/4682316783575_bbab0cdcdb3685eb5c87_72.png"
            },
            "deleted": false,
            "updated": 1691033238,
            "team_id": "T04TGFGMK7C"
        },
        "edited": {
            "user": "B05L54QHYHJ",
            "ts": "1699156228.000000"
        },
        "thread_ts": "1699156182.264429",
        "parent_user_id": "U04TGBZ4XEX"
    },
    {
        "type": "message",
        "subtype": "thread_broadcast",
        "text": "memo: (おそらく追加で許可が必要そうな) 画像のドメイン\n```<https:\/\/imagecdn.shiseido.co.jp\/>\n<https:\/\/www.shiseido.co.jp\/>\n<https:\/\/m.media-amazon.com\/>```",
        "user": "U04TGBZ4XEX",
        "ts": "1699157709.191069",
        "thread_ts": "1699156079.000169",
        "root": {
            "type": "message",
            "text": "外部から画像URL取得する場合、フロント側の許可が必要そう",
            "files": [
                {
                    "id": "F0643N2EK0W",
                    "created": 1699156074,
                    "timestamp": 1699156074,
                    "name": "ss 2.png",
                    "title": "ss 2.png",
                    "mimetype": "image\/png",
                    "filetype": "png",
                    "pretty_type": "PNG",
                    "user": "U04TGBZ4XEX",
                    "user_team": "T04TGFGMK7C",
                    "editable": false,
                    "size": 362180,
                    "mode": "hosted",
                    "is_external": false,
                    "external_type": "",
                    "is_public": true,
                    "public_url_shared": false,
                    "display_as_bot": false,
                    "username": "",
                    "url_private": "https:\/\/files.slack.com\/files-pri\/T04TGFGMK7C-F0643N2EK0W\/ss_2.png?t=xoxe-4934526733250-6374789194866-6374789570354-af963380c45b108ab500a7bde0440c66",
                    "url_private_download": "https:\/\/files.slack.com\/files-pri\/T04TGFGMK7C-F0643N2EK0W\/download\/ss_2.png?t=xoxe-4934526733250-6374789194866-6374789570354-af963380c45b108ab500a7bde0440c66",
                    "media_display_type": "unknown",
                    "thumb_64": "https:\/\/files.slack.com\/files-tmb\/T04TGFGMK7C-F0643N2EK0W-0c0b5ef737\/ss_2_64.png?t=xoxe-4934526733250-6374789194866-6374789570354-af963380c45b108ab500a7bde0440c66",
                    "thumb_80": "https:\/\/files.slack.com\/files-tmb\/T04TGFGMK7C-F0643N2EK0W-0c0b5ef737\/ss_2_80.png?t=xoxe-4934526733250-6374789194866-6374789570354-af963380c45b108ab500a7bde0440c66",
                    "thumb_360": "https:\/\/files.slack.com\/files-tmb\/T04TGFGMK7C-F0643N2EK0W-0c0b5ef737\/ss_2_360.png?t=xoxe-4934526733250-6374789194866-6374789570354-af963380c45b108ab500a7bde0440c66",
                    "thumb_360_w": 360,
                    "thumb_360_h": 225,
                    "thumb_480": "https:\/\/files.slack.com\/files-tmb\/T04TGFGMK7C-F0643N2EK0W-0c0b5ef737\/ss_2_480.png?t=xoxe-4934526733250-6374789194866-6374789570354-af963380c45b108ab500a7bde0440c66",
                    "thumb_480_w": 480,
                    "thumb_480_h": 300,
                    "thumb_160": "https:\/\/files.slack.com\/files-tmb\/T04TGFGMK7C-F0643N2EK0W-0c0b5ef737\/ss_2_160.png?t=xoxe-4934526733250-6374789194866-6374789570354-af963380c45b108ab500a7bde0440c66",
                    "thumb_720": "https:\/\/files.slack.com\/files-tmb\/T04TGFGMK7C-F0643N2EK0W-0c0b5ef737\/ss_2_720.png?t=xoxe-4934526733250-6374789194866-6374789570354-af963380c45b108ab500a7bde0440c66",
                    "thumb_720_w": 720,
                    "thumb_720_h": 450,
                    "thumb_800": "https:\/\/files.slack.com\/files-tmb\/T04TGFGMK7C-F0643N2EK0W-0c0b5ef737\/ss_2_800.png?t=xoxe-4934526733250-6374789194866-6374789570354-af963380c45b108ab500a7bde0440c66",
                    "thumb_800_w": 800,
                    "thumb_800_h": 500,
                    "thumb_960": "https:\/\/files.slack.com\/files-tmb\/T04TGFGMK7C-F0643N2EK0W-0c0b5ef737\/ss_2_960.png?t=xoxe-4934526733250-6374789194866-6374789570354-af963380c45b108ab500a7bde0440c66",
                    "thumb_960_w": 960,
                    "thumb_960_h": 599,
                    "thumb_1024": "https:\/\/files.slack.com\/files-tmb\/T04TGFGMK7C-F0643N2EK0W-0c0b5ef737\/ss_2_1024.png?t=xoxe-4934526733250-6374789194866-6374789570354-af963380c45b108ab500a7bde0440c66",
                    "thumb_1024_w": 1024,
                    "thumb_1024_h": 639,
                    "original_w": 3456,
                    "original_h": 2158,
                    "thumb_tiny": "AwAdADCyLGHnKn25NL9hg\/ut\/wB9GrNFAFb7BB\/db\/vo0n2C3\/uH\/vo1aooArfYbf+4fzpPsEOfu8VaooAKKiikLsQQOKloG1YKKKKBBRRRQB\/\/Z",
                    "permalink": "https:\/\/chubachi-pt-2023.slack.com\/files\/U04TGBZ4XEX\/F0643N2EK0W\/ss_2.png",
                    "permalink_public": "https:\/\/slack-files.com\/T04TGFGMK7C-F0643N2EK0W-da3f0ea473",
                    "is_starred": false,
                    "has_rich_preview": false,
                    "file_access": "visible"
                }
            ],
            "upload": false,
            "user": "U04TGBZ4XEX",
            "display_as_bot": false,
            "ts": "1699156079.000169",
            "blocks": [
                {
                    "type": "rich_text",
                    "block_id": "58D1t",
                    "elements": [
                        {
                            "type": "rich_text_section",
                            "elements": [
                                {
                                    "type": "text",
                                    "text": "外部から画像URL取得する場合、フロント側の許可が必要そう"
                                }
                            ]
                        }
                    ]
                }
            ],
            "client_msg_id": "5f98d66d-5a0f-4cd9-930e-d9e988d93d89",
            "thread_ts": "1699156079.000169",
            "reply_count": 1,
            "reply_users_count": 1,
            "latest_reply": "1699157709.191069",
            "reply_users": [
                "U04TGBZ4XEX"
            ],
            "replies": [
                {
                    "user": "U04TGBZ4XEX",
                    "ts": "1699157709.191069"
                }
            ],
            "is_locked": false,
            "subscribed": false
        },
        "blocks": [
            {
                "type": "rich_text",
                "block_id": "4gzqF",
                "elements": [
                    {
                        "type": "rich_text_section",
                        "elements": [
                            {
                                "type": "text",
                                "text": "memo: (おそらく追加で許可が必要そうな) 画像のドメイン\n"
                            }
                        ]
                    },
                    {
                        "type": "rich_text_preformatted",
                        "elements": [
                            {
                                "type": "link",
                                "url": "https:\/\/imagecdn.shiseido.co.jp\/"
                            },
                            {
                                "type": "text",
                                "text": "\n"
                            },
                            {
                                "type": "link",
                                "url": "https:\/\/www.shiseido.co.jp\/"
                            },
                            {
                                "type": "text",
                                "text": "\n"
                            },
                            {
                                "type": "link",
                                "url": "https:\/\/m.media-amazon.com\/"
                            }
                        ],
                        "border": 0
                    }
                ]
            }
        ],
        "client_msg_id": "9b46efd7-c0b4-4d06-8501-f30343bd87d9",
        "edited": {
            "user": "U04TGBZ4XEX",
            "ts": "1699158945.000000"
        },
        "reactions": [
            {
                "name": "+1",
                "users": [
                    "U04T9TDB58W"
                ],
                "count": 1
            }
        ]
    },
    {
        "client_msg_id": "dbc7e3e2-deb3-4a21-83fb-6ae1a7e280a0",
        "type": "message",
        "text": "<@U05KW1T3HBQ> 参考になりました、いつもありがとうございます",
        "user": "U04TGBZ4XEX",
        "ts": "1699158884.917479",
        "blocks": [
            {
                "type": "rich_text",
                "block_id": "YUi1i",
                "elements": [
                    {
                        "type": "rich_text_section",
                        "elements": [
                            {
                                "type": "user",
                                "user_id": "U05KW1T3HBQ"
                            },
                            {
                                "type": "text",
                                "text": " 参考になりました、いつもありがとうございます"
                            }
                        ]
                    }
                ]
            }
        ],
        "team": "T04TGFGMK7C",
        "user_team": "T04TGFGMK7C",
        "source_team": "T04TGFGMK7C",
        "user_profile": {
            "avatar_hash": "824241a82bdf",
            "image_72": "https:\/\/avatars.slack-edge.com\/2023-05-03\/5205694948836_824241a82bdf37206daa_72.jpg",
            "first_name": "satoshi.​hirata",
            "real_name": "satoshi.​hirata",
            "display_name": "satoshi.hirata",
            "team": "T04TGFGMK7C",
            "name": "a2236sh",
            "is_restricted": false,
            "is_ultra_restricted": false
        },
        "thread_ts": "1699156182.264429",
        "parent_user_id": "U04TGBZ4XEX"
    },
    {
        "bot_id": "B05L54QHYHJ",
        "type": "message",
        "text": " はい、役に立ててよかったです。正規表現は非常に強力で、様々な文字列処理に応用できるので、ぜひ使いこなせるように練習していってください。わからないことがありましたら、また質問してください。プログラミング学習のお手伝いできることを嬉しく思います。",
        "user": "U05KW1T3HBQ",
        "ts": "1699158885.877359",
        "app_id": "A04KGS7N9A8",
        "blocks": [
            {
                "type": "rich_text",
                "block_id": "eURzL",
                "elements": [
                    {
                        "type": "rich_text_section",
                        "elements": [
                            {
                                "type": "text",
                                "text": "はい、役に立ててよかったです。正規表現は非常に強力で、様々な文字列処理に応用できるので、ぜひ使いこなせるように練習していってください。わからないことがありましたら、また質問してください。プログラミング学習のお手伝いできることを嬉しく思います。"
                            }
                        ]
                    }
                ]
            }
        ],
        "team": "T04TGFGMK7C",
        "bot_profile": {
            "id": "B05L54QHYHJ",
            "app_id": "A04KGS7N9A8",
            "name": "Claude",
            "icons": {
                "image_36": "https:\/\/avatars.slack-edge.com\/2023-01-25\/4682316783575_bbab0cdcdb3685eb5c87_36.png",
                "image_48": "https:\/\/avatars.slack-edge.com\/2023-01-25\/4682316783575_bbab0cdcdb3685eb5c87_48.png",
                "image_72": "https:\/\/avatars.slack-edge.com\/2023-01-25\/4682316783575_bbab0cdcdb3685eb5c87_72.png"
            },
            "deleted": false,
            "updated": 1691033238,
            "team_id": "T04TGFGMK7C"
        },
        "edited": {
            "user": "B05L54QHYHJ",
            "ts": "1699158891.000000"
        },
        "thread_ts": "1699156182.264429",
        "parent_user_id": "U04TGBZ4XEX"
    }
]