[
    {
        "type": "message",
        "text": "気合でなんとかした",
        "files": [
            {
                "id": "F0620CXE5DJ",
                "created": 1697733370,
                "timestamp": 1697733370,
                "name": "ss 6.png",
                "title": "ss 6.png",
                "mimetype": "image\/png",
                "filetype": "png",
                "pretty_type": "PNG",
                "user": "U04TGBZ4XEX",
                "user_team": "T04TGFGMK7C",
                "editable": false,
                "size": 189191,
                "mode": "hosted",
                "is_external": false,
                "external_type": "",
                "is_public": true,
                "public_url_shared": false,
                "display_as_bot": false,
                "username": "",
                "url_private": "https:\/\/files.slack.com\/files-pri\/T04TGFGMK7C-F0620CXE5DJ\/ss_6.png?t=xoxe-4934526733250-6397687879216-6360367946327-fc1a6eed2fc8fac326fea1f2a3ab7c6e",
                "url_private_download": "https:\/\/files.slack.com\/files-pri\/T04TGFGMK7C-F0620CXE5DJ\/download\/ss_6.png?t=xoxe-4934526733250-6397687879216-6360367946327-fc1a6eed2fc8fac326fea1f2a3ab7c6e",
                "media_display_type": "unknown",
                "thumb_64": "https:\/\/files.slack.com\/files-tmb\/T04TGFGMK7C-F0620CXE5DJ-0f3e3cd7c3\/ss_6_64.png?t=xoxe-4934526733250-6397687879216-6360367946327-fc1a6eed2fc8fac326fea1f2a3ab7c6e",
                "thumb_80": "https:\/\/files.slack.com\/files-tmb\/T04TGFGMK7C-F0620CXE5DJ-0f3e3cd7c3\/ss_6_80.png?t=xoxe-4934526733250-6397687879216-6360367946327-fc1a6eed2fc8fac326fea1f2a3ab7c6e",
                "thumb_360": "https:\/\/files.slack.com\/files-tmb\/T04TGFGMK7C-F0620CXE5DJ-0f3e3cd7c3\/ss_6_360.png?t=xoxe-4934526733250-6397687879216-6360367946327-fc1a6eed2fc8fac326fea1f2a3ab7c6e",
                "thumb_360_w": 360,
                "thumb_360_h": 134,
                "thumb_480": "https:\/\/files.slack.com\/files-tmb\/T04TGFGMK7C-F0620CXE5DJ-0f3e3cd7c3\/ss_6_480.png?t=xoxe-4934526733250-6397687879216-6360367946327-fc1a6eed2fc8fac326fea1f2a3ab7c6e",
                "thumb_480_w": 480,
                "thumb_480_h": 179,
                "thumb_160": "https:\/\/files.slack.com\/files-tmb\/T04TGFGMK7C-F0620CXE5DJ-0f3e3cd7c3\/ss_6_160.png?t=xoxe-4934526733250-6397687879216-6360367946327-fc1a6eed2fc8fac326fea1f2a3ab7c6e",
                "thumb_720": "https:\/\/files.slack.com\/files-tmb\/T04TGFGMK7C-F0620CXE5DJ-0f3e3cd7c3\/ss_6_720.png?t=xoxe-4934526733250-6397687879216-6360367946327-fc1a6eed2fc8fac326fea1f2a3ab7c6e",
                "thumb_720_w": 720,
                "thumb_720_h": 268,
                "thumb_800": "https:\/\/files.slack.com\/files-tmb\/T04TGFGMK7C-F0620CXE5DJ-0f3e3cd7c3\/ss_6_800.png?t=xoxe-4934526733250-6397687879216-6360367946327-fc1a6eed2fc8fac326fea1f2a3ab7c6e",
                "thumb_800_w": 800,
                "thumb_800_h": 298,
                "thumb_960": "https:\/\/files.slack.com\/files-tmb\/T04TGFGMK7C-F0620CXE5DJ-0f3e3cd7c3\/ss_6_960.png?t=xoxe-4934526733250-6397687879216-6360367946327-fc1a6eed2fc8fac326fea1f2a3ab7c6e",
                "thumb_960_w": 960,
                "thumb_960_h": 357,
                "thumb_1024": "https:\/\/files.slack.com\/files-tmb\/T04TGFGMK7C-F0620CXE5DJ-0f3e3cd7c3\/ss_6_1024.png?t=xoxe-4934526733250-6397687879216-6360367946327-fc1a6eed2fc8fac326fea1f2a3ab7c6e",
                "thumb_1024_w": 1024,
                "thumb_1024_h": 381,
                "original_w": 1628,
                "original_h": 606,
                "thumb_tiny": "AwARADDRIx60YHrStSJ3oAX8aTI9aWmr9ygBcg\/xUADsaOxpVoAR6RO9K9InegB1Mj\/1dPpkf+roAd2NC0djQtAH\/9k=",
                "permalink": "https:\/\/chubachi-pt-2023.slack.com\/files\/U04TGBZ4XEX\/F0620CXE5DJ\/ss_6.png",
                "permalink_public": "https:\/\/slack-files.com\/T04TGFGMK7C-F0620CXE5DJ-440b9ad873",
                "is_starred": false,
                "has_rich_preview": false,
                "file_access": "visible"
            }
        ],
        "upload": false,
        "user": "U04TGBZ4XEX",
        "display_as_bot": false,
        "ts": "1697733374.831489",
        "blocks": [
            {
                "type": "rich_text",
                "block_id": "7caao",
                "elements": [
                    {
                        "type": "rich_text_section",
                        "elements": [
                            {
                                "type": "text",
                                "text": "気合でなんとかした"
                            }
                        ]
                    }
                ]
            }
        ],
        "client_msg_id": "317dc0c0-dc3e-4abd-b83b-d357ad83aadd",
        "thread_ts": "1697618524.304549",
        "parent_user_id": "U04TGBZ4XEX"
    },
    {
        "client_msg_id": "c0c1542d-dec0-4678-9fb0-28da4f7cccb4",
        "type": "message",
        "text": "第4回のレポートなんかふわっとしてちょっとめんどくさかった。。\nセンセそんな言うほど特徴並べて言ってた? って感じだった",
        "user": "U04TGBZ4XEX",
        "ts": "1697733837.438269",
        "blocks": [
            {
                "type": "rich_text",
                "block_id": "q9qHS",
                "elements": [
                    {
                        "type": "rich_text_section",
                        "elements": [
                            {
                                "type": "text",
                                "text": "第4回のレポートなんかふわっとしてちょっとめんどくさかった。。\nセンセそんな言うほど特徴並べて言ってた? って感じだった"
                            }
                        ]
                    }
                ]
            }
        ],
        "team": "T04TGFGMK7C",
        "user_team": "T04TGFGMK7C",
        "source_team": "T04TGFGMK7C",
        "user_profile": {
            "avatar_hash": "824241a82bdf",
            "image_72": "https:\/\/avatars.slack-edge.com\/2023-05-03\/5205694948836_824241a82bdf37206daa_72.jpg",
            "first_name": "satoshi.​hirata",
            "real_name": "satoshi.​hirata",
            "display_name": "satoshi.hirata",
            "team": "T04TGFGMK7C",
            "name": "a2236sh",
            "is_restricted": false,
            "is_ultra_restricted": false
        },
        "edited": {
            "user": "U04TGBZ4XEX",
            "ts": "1697734137.000000"
        },
        "thread_ts": "1697618524.304549",
        "parent_user_id": "U04TGBZ4XEX"
    }
]