[
    {
        "client_msg_id": "f627cd39-4b66-4c39-b5ef-89fe6a50ac2c",
        "type": "message",
        "text": "プロジェクトマネジメント特論2 第1回の講義とレポートしか出してない\n週末の土曜日までに3回分どこかでまとめてビデオ見て授業後レポート3回分出さないといけない...",
        "user": "U04TGBZ4XEX",
        "ts": "1697618524.304549",
        "blocks": [
            {
                "type": "rich_text",
                "block_id": "OJBet",
                "elements": [
                    {
                        "type": "rich_text_section",
                        "elements": [
                            {
                                "type": "text",
                                "text": "プロジェクトマネジメント特論2 第1回の講義とレポートしか出してない\n週末の土曜日までに3回分どこかでまとめてビデオ見て授業後レポート3回分出さないといけない..."
                            }
                        ]
                    }
                ]
            }
        ],
        "team": "T04TGFGMK7C",
        "user_team": "T04TGFGMK7C",
        "source_team": "T04TGFGMK7C",
        "user_profile": {
            "avatar_hash": "824241a82bdf",
            "image_72": "https:\/\/avatars.slack-edge.com\/2023-05-03\/5205694948836_824241a82bdf37206daa_72.jpg",
            "first_name": "satoshi.​hirata",
            "real_name": "satoshi.​hirata",
            "display_name": "satoshi.hirata",
            "team": "T04TGFGMK7C",
            "name": "a2236sh",
            "is_restricted": false,
            "is_ultra_restricted": false
        },
        "edited": {
            "user": "U04TGBZ4XEX",
            "ts": "1697618547.000000"
        },
        "thread_ts": "1697618524.304549",
        "reply_count": 3,
        "reply_users_count": 1,
        "latest_reply": "1697733837.438269",
        "reply_users": [
            "U04TGBZ4XEX"
        ],
        "replies": [
            {
                "user": "U04TGBZ4XEX",
                "ts": "1697676781.322729"
            },
            {
                "user": "U04TGBZ4XEX",
                "ts": "1697733374.831489"
            },
            {
                "user": "U04TGBZ4XEX",
                "ts": "1697733837.438269"
            }
        ],
        "is_locked": false,
        "subscribed": false,
        "reactions": [
            {
                "name": "onajiku",
                "users": [
                    "U04T9TDB58W"
                ],
                "count": 1
            }
        ]
    },
    {
        "client_msg_id": "cd676a21-42ab-4bd1-8f6d-8b4f45602276",
        "type": "message",
        "text": "夜見て真夜中にハイでエモいレポート書くか..",
        "user": "U04TGBZ4XEX",
        "ts": "1697618754.967949",
        "blocks": [
            {
                "type": "rich_text",
                "block_id": "p\/fEr",
                "elements": [
                    {
                        "type": "rich_text_section",
                        "elements": [
                            {
                                "type": "text",
                                "text": "夜見て真夜中にハイでエモいレポート書くか.."
                            }
                        ]
                    }
                ]
            }
        ],
        "team": "T04TGFGMK7C",
        "user_team": "T04TGFGMK7C",
        "source_team": "T04TGFGMK7C",
        "user_profile": {
            "avatar_hash": "824241a82bdf",
            "image_72": "https:\/\/avatars.slack-edge.com\/2023-05-03\/5205694948836_824241a82bdf37206daa_72.jpg",
            "first_name": "satoshi.​hirata",
            "real_name": "satoshi.​hirata",
            "display_name": "satoshi.hirata",
            "team": "T04TGFGMK7C",
            "name": "a2236sh",
            "is_restricted": false,
            "is_ultra_restricted": false
        },
        "edited": {
            "user": "U04TGBZ4XEX",
            "ts": "1697618791.000000"
        }
    },
    {
        "client_msg_id": "9f640189-9298-4bcf-b66d-16cc64bda43f",
        "type": "message",
        "text": "昨日も結局できなかった.. 金曜日も遅いの確定してるので今日夜やらないといろいろ終わる",
        "user": "U04TGBZ4XEX",
        "ts": "1697676357.759649",
        "blocks": [
            {
                "type": "rich_text",
                "block_id": "v7dRD",
                "elements": [
                    {
                        "type": "rich_text_section",
                        "elements": [
                            {
                                "type": "text",
                                "text": "昨日も結局できなかった.. 金曜日も遅いの確定してるので今日夜やらないといろいろ終わる"
                            }
                        ]
                    }
                ]
            }
        ],
        "team": "T04TGFGMK7C",
        "user_team": "T04TGFGMK7C",
        "source_team": "T04TGFGMK7C",
        "user_profile": {
            "avatar_hash": "824241a82bdf",
            "image_72": "https:\/\/avatars.slack-edge.com\/2023-05-03\/5205694948836_824241a82bdf37206daa_72.jpg",
            "first_name": "satoshi.​hirata",
            "real_name": "satoshi.​hirata",
            "display_name": "satoshi.hirata",
            "team": "T04TGFGMK7C",
            "name": "a2236sh",
            "is_restricted": false,
            "is_ultra_restricted": false
        },
        "edited": {
            "user": "U04TGBZ4XEX",
            "ts": "1697676365.000000"
        },
        "reactions": [
            {
                "name": "tsurai",
                "users": [
                    "U04U66DSPEU"
                ],
                "count": 1
            }
        ]
    },
    {
        "type": "message",
        "text": ">  受付終了日時\n> 2023-10-20 23:55\n金曜いっぱいじゃん... 週末の土曜までじゃなかった...\n金曜の夜中 ~ 土曜の朝までに気合で何とかするが使えない",
        "files": [
            {
                "id": "F061TEQU52P",
                "created": 1697676760,
                "timestamp": 1697676760,
                "name": "ss.png",
                "title": "ss.png",
                "mimetype": "image\/png",
                "filetype": "png",
                "pretty_type": "PNG",
                "user": "U04TGBZ4XEX",
                "user_team": "T04TGFGMK7C",
                "editable": false,
                "size": 194807,
                "mode": "hosted",
                "is_external": false,
                "external_type": "",
                "is_public": true,
                "public_url_shared": false,
                "display_as_bot": false,
                "username": "",
                "url_private": "https:\/\/files.slack.com\/files-pri\/T04TGFGMK7C-F061TEQU52P\/ss.png?t=xoxe-4934526733250-6397687879216-6360367946327-fc1a6eed2fc8fac326fea1f2a3ab7c6e",
                "url_private_download": "https:\/\/files.slack.com\/files-pri\/T04TGFGMK7C-F061TEQU52P\/download\/ss.png?t=xoxe-4934526733250-6397687879216-6360367946327-fc1a6eed2fc8fac326fea1f2a3ab7c6e",
                "media_display_type": "unknown",
                "thumb_64": "https:\/\/files.slack.com\/files-tmb\/T04TGFGMK7C-F061TEQU52P-c7e2fc5d57\/ss_64.png?t=xoxe-4934526733250-6397687879216-6360367946327-fc1a6eed2fc8fac326fea1f2a3ab7c6e",
                "thumb_80": "https:\/\/files.slack.com\/files-tmb\/T04TGFGMK7C-F061TEQU52P-c7e2fc5d57\/ss_80.png?t=xoxe-4934526733250-6397687879216-6360367946327-fc1a6eed2fc8fac326fea1f2a3ab7c6e",
                "thumb_360": "https:\/\/files.slack.com\/files-tmb\/T04TGFGMK7C-F061TEQU52P-c7e2fc5d57\/ss_360.png?t=xoxe-4934526733250-6397687879216-6360367946327-fc1a6eed2fc8fac326fea1f2a3ab7c6e",
                "thumb_360_w": 360,
                "thumb_360_h": 152,
                "thumb_480": "https:\/\/files.slack.com\/files-tmb\/T04TGFGMK7C-F061TEQU52P-c7e2fc5d57\/ss_480.png?t=xoxe-4934526733250-6397687879216-6360367946327-fc1a6eed2fc8fac326fea1f2a3ab7c6e",
                "thumb_480_w": 480,
                "thumb_480_h": 203,
                "thumb_160": "https:\/\/files.slack.com\/files-tmb\/T04TGFGMK7C-F061TEQU52P-c7e2fc5d57\/ss_160.png?t=xoxe-4934526733250-6397687879216-6360367946327-fc1a6eed2fc8fac326fea1f2a3ab7c6e",
                "thumb_720": "https:\/\/files.slack.com\/files-tmb\/T04TGFGMK7C-F061TEQU52P-c7e2fc5d57\/ss_720.png?t=xoxe-4934526733250-6397687879216-6360367946327-fc1a6eed2fc8fac326fea1f2a3ab7c6e",
                "thumb_720_w": 720,
                "thumb_720_h": 304,
                "thumb_800": "https:\/\/files.slack.com\/files-tmb\/T04TGFGMK7C-F061TEQU52P-c7e2fc5d57\/ss_800.png?t=xoxe-4934526733250-6397687879216-6360367946327-fc1a6eed2fc8fac326fea1f2a3ab7c6e",
                "thumb_800_w": 800,
                "thumb_800_h": 338,
                "thumb_960": "https:\/\/files.slack.com\/files-tmb\/T04TGFGMK7C-F061TEQU52P-c7e2fc5d57\/ss_960.png?t=xoxe-4934526733250-6397687879216-6360367946327-fc1a6eed2fc8fac326fea1f2a3ab7c6e",
                "thumb_960_w": 960,
                "thumb_960_h": 406,
                "thumb_1024": "https:\/\/files.slack.com\/files-tmb\/T04TGFGMK7C-F061TEQU52P-c7e2fc5d57\/ss_1024.png?t=xoxe-4934526733250-6397687879216-6360367946327-fc1a6eed2fc8fac326fea1f2a3ab7c6e",
                "thumb_1024_w": 1024,
                "thumb_1024_h": 433,
                "original_w": 1586,
                "original_h": 670,
                "thumb_tiny": "AwAUADDQ2gf\/AKqXaPahutIvOe9AC4+lLge1GPamgfKaAFx9KAo9qAB6ChRz0oAcRmkAx6\/nS0UAGKTFLRQAYoxRRQB\/\/9k=",
                "permalink": "https:\/\/chubachi-pt-2023.slack.com\/files\/U04TGBZ4XEX\/F061TEQU52P\/ss.png",
                "permalink_public": "https:\/\/slack-files.com\/T04TGFGMK7C-F061TEQU52P-e2338867d4",
                "is_starred": false,
                "has_rich_preview": false,
                "file_access": "visible"
            }
        ],
        "upload": false,
        "user": "U04TGBZ4XEX",
        "display_as_bot": false,
        "ts": "1697676781.322729",
        "blocks": [
            {
                "type": "rich_text",
                "block_id": "UGEtO",
                "elements": [
                    {
                        "type": "rich_text_quote",
                        "elements": [
                            {
                                "type": "text",
                                "text": " 受付終了日時\n2023-10-20 23:55"
                            }
                        ]
                    },
                    {
                        "type": "rich_text_section",
                        "elements": [
                            {
                                "type": "text",
                                "text": "\n金曜いっぱいじゃん... 週末の土曜までじゃなかった...\n金曜の夜中 ~ 土曜の朝までに気合で何とかするが使えない"
                            }
                        ]
                    }
                ]
            }
        ],
        "edited": {
            "user": "U04TGBZ4XEX",
            "ts": "1697677099.000000"
        },
        "client_msg_id": "45fbf4fd-6d65-46d6-bfe8-1e42c98b04d9",
        "thread_ts": "1697618524.304549",
        "parent_user_id": "U04TGBZ4XEX"
    }
]