[
    {
        "client_msg_id": "33daa603-dec7-4e8c-b259-95049ad9f379",
        "type": "message",
        "text": "所持品追加APIリリース:done:\n\nRelease 20231017\n<https:\/\/github.com\/chubachi-pt-2023\/atomono-api\/releases\/tag\/20231017>\n\ndemo用\n<https:\/\/atomono-api-dev.herokuapp.com\/api\/v1\/users\/1\/products>\n\nリモート環境のDBを直接触って開発したい人用\n開発用リモートDB接続情報\n<https:\/\/docs.google.com\/spreadsheets\/d\/17mUob3zQ2vSyVonF5QGHPuds3S12LaaYAfW6H0kdp7M\/edit#gid=0>",
        "user": "U04TGBZ4XEX",
        "ts": "1697532469.851799",
        "blocks": [
            {
                "type": "rich_text",
                "block_id": "yq5St",
                "elements": [
                    {
                        "type": "rich_text_section",
                        "elements": [
                            {
                                "type": "text",
                                "text": "所持品追加APIリリース"
                            },
                            {
                                "type": "emoji",
                                "name": "done"
                            },
                            {
                                "type": "text",
                                "text": "\n\nRelease 20231017\n"
                            },
                            {
                                "type": "link",
                                "url": "https:\/\/github.com\/chubachi-pt-2023\/atomono-api\/releases\/tag\/20231017"
                            },
                            {
                                "type": "text",
                                "text": "\n\ndemo用\n"
                            },
                            {
                                "type": "link",
                                "url": "https:\/\/atomono-api-dev.herokuapp.com\/api\/v1\/users\/1\/products"
                            },
                            {
                                "type": "text",
                                "text": "\n\nリモート環境のDBを直接触って開発したい人用\n開発用リモートDB接続情報\n"
                            },
                            {
                                "type": "link",
                                "url": "https:\/\/docs.google.com\/spreadsheets\/d\/17mUob3zQ2vSyVonF5QGHPuds3S12LaaYAfW6H0kdp7M\/edit#gid=0"
                            }
                        ]
                    }
                ]
            }
        ],
        "team": "T04TGFGMK7C",
        "user_team": "T04TGFGMK7C",
        "source_team": "T04TGFGMK7C",
        "user_profile": {
            "avatar_hash": "824241a82bdf",
            "image_72": "https:\/\/avatars.slack-edge.com\/2023-05-03\/5205694948836_824241a82bdf37206daa_72.jpg",
            "first_name": "satoshi.​hirata",
            "real_name": "satoshi.​hirata",
            "display_name": "satoshi.hirata",
            "team": "T04TGFGMK7C",
            "name": "a2236sh",
            "is_restricted": false,
            "is_ultra_restricted": false
        },
        "edited": {
            "user": "U04TGBZ4XEX",
            "ts": "1697532666.000000"
        }
    },
    {
        "client_msg_id": "841b2810-254c-47ce-975b-bcd4eac86df6",
        "type": "message",
        "text": "わかるー...",
        "user": "U04TGBZ4XEX",
        "ts": "1697539664.366539",
        "blocks": [
            {
                "type": "rich_text",
                "block_id": "awUk7",
                "elements": [
                    {
                        "type": "rich_text_section",
                        "elements": [
                            {
                                "type": "text",
                                "text": "わかるー..."
                            }
                        ]
                    }
                ]
            }
        ],
        "team": "T04TGFGMK7C",
        "user_team": "T04TGFGMK7C",
        "source_team": "T04TGFGMK7C",
        "user_profile": {
            "avatar_hash": "824241a82bdf",
            "image_72": "https:\/\/avatars.slack-edge.com\/2023-05-03\/5205694948836_824241a82bdf37206daa_72.jpg",
            "first_name": "satoshi.​hirata",
            "real_name": "satoshi.​hirata",
            "display_name": "satoshi.hirata",
            "team": "T04TGFGMK7C",
            "name": "a2236sh",
            "is_restricted": false,
            "is_ultra_restricted": false
        },
        "edited": {
            "user": "U04TGBZ4XEX",
            "ts": "1697539722.000000"
        }
    },
    {
        "client_msg_id": "d76a2b45-4833-4a0c-9ee0-399fd48a10d0",
        "type": "message",
        "text": "直ったかも..\nCORSの設定ミス修正してdevelopにマージして検証環境(heroku)にデプロイしました\n\nAT-552 cors.rbのcredentials: true設定を削除する by huro3h · Pull Request #93 · chubachi-pt-2023\/atomono-api\n<https:\/\/github.com\/chubachi-pt-2023\/atomono-api\/pull\/93>",
        "user": "U04TGBZ4XEX",
        "ts": "1697546753.935209",
        "blocks": [
            {
                "type": "rich_text",
                "block_id": "hUVGZ",
                "elements": [
                    {
                        "type": "rich_text_section",
                        "elements": [
                            {
                                "type": "text",
                                "text": "直ったかも..\nCORSの設定ミス修正してdevelopにマージして検証環境(heroku)にデプロイしました\n\nAT-552 cors.rbのcredentials: true設定を削除する by huro3h · Pull Request #93 · chubachi-pt-2023\/atomono-api\n"
                            },
                            {
                                "type": "link",
                                "url": "https:\/\/github.com\/chubachi-pt-2023\/atomono-api\/pull\/93"
                            }
                        ]
                    }
                ]
            }
        ],
        "team": "T04TGFGMK7C",
        "user_team": "T04TGFGMK7C",
        "source_team": "T04TGFGMK7C",
        "user_profile": {
            "avatar_hash": "824241a82bdf",
            "image_72": "https:\/\/avatars.slack-edge.com\/2023-05-03\/5205694948836_824241a82bdf37206daa_72.jpg",
            "first_name": "satoshi.​hirata",
            "real_name": "satoshi.​hirata",
            "display_name": "satoshi.hirata",
            "team": "T04TGFGMK7C",
            "name": "a2236sh",
            "is_restricted": false,
            "is_ultra_restricted": false
        }
    },
    {
        "client_msg_id": "1e043745-117b-4ced-a2f2-506f57524612",
        "type": "message",
        "text": "<https:\/\/chubachi-pt-2023.atlassian.net\/browse\/AT-547>",
        "user": "U04T9TDB58W",
        "ts": "1697550504.738209",
        "blocks": [
            {
                "type": "rich_text",
                "block_id": "gUbxB",
                "elements": [
                    {
                        "type": "rich_text_section",
                        "elements": [
                            {
                                "type": "link",
                                "url": "https:\/\/chubachi-pt-2023.atlassian.net\/browse\/AT-547"
                            }
                        ]
                    }
                ]
            }
        ],
        "team": "T04TGFGMK7C",
        "user_team": "T04TGFGMK7C",
        "source_team": "T04TGFGMK7C",
        "user_profile": {
            "avatar_hash": "183a619e0408",
            "image_72": "https:\/\/avatars.slack-edge.com\/2023-03-11\/4958815898464_183a619e0408c53031fd_72.jpg",
            "first_name": "Hibiki",
            "real_name": "Hibiki Mizuno",
            "display_name": "Jabelic スクラムマスター",
            "team": "T04TGFGMK7C",
            "name": "a2239hm",
            "is_restricted": false,
            "is_ultra_restricted": false
        },
        "attachments": [
            {
                "id": 1,
                "blocks": [
                    {
                        "type": "section",
                        "block_id": "uf:ih:10569::d8814fb06cf311eeaad3ffe20bee3c2e",
                        "text": {
                            "type": "mrkdwn",
                            "text": "*<https:\/\/chubachi-pt-2023.atlassian.net\/browse\/AT-547?atlOrigin=eyJpIjoiMTUzNDY0ODcwMGJmNGQxNjk4NWY4OGY2MjcxMDM5YTgiLCJwIjoiamlyYS1zbGFjay1pbnQifQ|AT-547 Prod: 所持品リスト検索のCORSエラー>*",
                            "verbatim": false
                        }
                    },
                    {
                        "type": "context",
                        "block_id": "uf:cx:10569::d8814fb26cf311eeaad3ffe20bee3c2e",
                        "elements": [
                            {
                                "type": "mrkdwn",
                                "text": "Status: *To Do*",
                                "verbatim": false
                            },
                            {
                                "type": "image",
                                "image_url": "https:\/\/product-integrations-cdn.atl-paas.net\/jira-issuetype\/bug.png",
                                "alt_text": "Bug"
                            },
                            {
                                "type": "mrkdwn",
                                "text": "Type: *Bug*",
                                "verbatim": false
                            },
                            {
                                "type": "image",
                                "image_url": "https:\/\/product-integrations-cdn.atl-paas.net\/icons\/unknown-user.png",
                                "alt_text": "Unassigned"
                            },
                            {
                                "type": "mrkdwn",
                                "text": "Assignee: *Unassigned*",
                                "verbatim": false
                            },
                            {
                                "type": "image",
                                "image_url": "https:\/\/product-integrations-cdn.atl-paas.net\/jira-priority\/medium.png",
                                "alt_text": "Medium"
                            },
                            {
                                "type": "mrkdwn",
                                "text": "Priority: *Medium*",
                                "verbatim": false
                            }
                        ]
                    },
                    {
                        "type": "actions",
                        "block_id": "uf:issueFooterActions:10569::d8814fb16cf311eeaad3ffe20bee3c2e",
                        "elements": [
                            {
                                "type": "button",
                                "action_id": "{\"issueId\":\"10569\",\"instanceId\":\"5c23e16f-eefd-3c64-9603-064f32c410c0\",\"projectId\":\"10002\",\"action\":\"watch\",\"nType\":\"ISSUE_UNFURL\",\"nPlace\":\"main\"}",
                                "text": {
                                    "type": "plain_text",
                                    "text": "Watch",
                                    "emoji": true
                                },
                                "value": "watch"
                            },
                            {
                                "type": "static_select",
                                "action_id": "{\"issueId\":\"10569\",\"instanceId\":\"5c23e16f-eefd-3c64-9603-064f32c410c0\",\"projectId\":\"10002\",\"nType\":\"ISSUE_UNFURL\",\"nPlace\":\"menu\"}",
                                "placeholder": {
                                    "type": "plain_text",
                                    "text": "More actions...",
                                    "emoji": true
                                },
                                "options": [
                                    {
                                        "text": {
                                            "type": "plain_text",
                                            "text": "Comment",
                                            "emoji": true
                                        },
                                        "value": "comment"
                                    },
                                    {
                                        "text": {
                                            "type": "plain_text",
                                            "text": "Assign",
                                            "emoji": true
                                        },
                                        "value": "assign"
                                    },
                                    {
                                        "text": {
                                            "type": "plain_text",
                                            "text": "Transition",
                                            "emoji": true
                                        },
                                        "value": "transition"
                                    },
                                    {
                                        "text": {
                                            "type": "plain_text",
                                            "text": "Why am I seeing this?",
                                            "emoji": true
                                        },
                                        "value": "why"
                                    },
                                    {
                                        "text": {
                                            "type": "plain_text",
                                            "text": "Receive updates in channel",
                                            "emoji": true
                                        },
                                        "value": "connect"
                                    }
                                ]
                            }
                        ]
                    }
                ],
                "color": "#2684FF",
                "fallback": "[no preview available]",
                "bot_id": "B054V2LRMFX",
                "app_unfurl_url": "https:\/\/chubachi-pt-2023.atlassian.net\/browse\/AT-547",
                "is_app_unfurl": true,
                "app_id": "A2RPP3NFR"
            }
        ]
    },
    {
        "client_msg_id": "fb76fe0a-fde8-4b7f-b1f9-7d9eb0c0b7ee",
        "type": "message",
        "text": "<https:\/\/front-opzidsl35-jabelic.vercel.app\/userProduct>",
        "user": "U04T9TDB58W",
        "ts": "1697551367.007959",
        "blocks": [
            {
                "type": "rich_text",
                "block_id": "JCWH9",
                "elements": [
                    {
                        "type": "rich_text_section",
                        "elements": [
                            {
                                "type": "link",
                                "url": "https:\/\/front-opzidsl35-jabelic.vercel.app\/userProduct"
                            }
                        ]
                    }
                ]
            }
        ],
        "team": "T04TGFGMK7C",
        "user_team": "T04TGFGMK7C",
        "source_team": "T04TGFGMK7C",
        "user_profile": {
            "avatar_hash": "183a619e0408",
            "image_72": "https:\/\/avatars.slack-edge.com\/2023-03-11\/4958815898464_183a619e0408c53031fd_72.jpg",
            "first_name": "Hibiki",
            "real_name": "Hibiki Mizuno",
            "display_name": "Jabelic スクラムマスター",
            "team": "T04TGFGMK7C",
            "name": "a2239hm",
            "is_restricted": false,
            "is_ultra_restricted": false
        },
        "reactions": [
            {
                "name": "pray",
                "users": [
                    "U04TGBZ4XEX"
                ],
                "count": 1
            }
        ]
    },
    {
        "client_msg_id": "8384f243-84b8-42bf-b643-e689c20445c6",
        "type": "message",
        "text": "動いたかもしれない",
        "user": "U04TGBZ4XEX",
        "ts": "1697557550.563569",
        "blocks": [
            {
                "type": "rich_text",
                "block_id": "SUAP2",
                "elements": [
                    {
                        "type": "rich_text_section",
                        "elements": [
                            {
                                "type": "text",
                                "text": "動いたかもしれない"
                            }
                        ]
                    }
                ]
            }
        ],
        "team": "T04TGFGMK7C",
        "user_team": "T04TGFGMK7C",
        "source_team": "T04TGFGMK7C",
        "user_profile": {
            "avatar_hash": "824241a82bdf",
            "image_72": "https:\/\/avatars.slack-edge.com\/2023-05-03\/5205694948836_824241a82bdf37206daa_72.jpg",
            "first_name": "satoshi.​hirata",
            "real_name": "satoshi.​hirata",
            "display_name": "satoshi.hirata",
            "team": "T04TGFGMK7C",
            "name": "a2236sh",
            "is_restricted": false,
            "is_ultra_restricted": false
        },
        "thread_ts": "1697557550.563569",
        "reply_count": 4,
        "reply_users_count": 1,
        "latest_reply": "1697558664.203029",
        "reply_users": [
            "U04TGBZ4XEX"
        ],
        "replies": [
            {
                "user": "U04TGBZ4XEX",
                "ts": "1697557898.300699"
            },
            {
                "user": "U04TGBZ4XEX",
                "ts": "1697558158.937409"
            },
            {
                "user": "U04TGBZ4XEX",
                "ts": "1697558209.667279"
            },
            {
                "user": "U04TGBZ4XEX",
                "ts": "1697558664.203029"
            }
        ],
        "is_locked": false,
        "subscribed": false
    },
    {
        "type": "message",
        "text": "> Access-Control-Allow-Origin: '*'\n",
        "files": [
            {
                "id": "F061WS1L3J5",
                "created": 1697557892,
                "timestamp": 1697557892,
                "name": "ss.png",
                "title": "ss.png",
                "mimetype": "image\/png",
                "filetype": "png",
                "pretty_type": "PNG",
                "user": "U04TGBZ4XEX",
                "user_team": "T04TGFGMK7C",
                "editable": false,
                "size": 795107,
                "mode": "hosted",
                "is_external": false,
                "external_type": "",
                "is_public": true,
                "public_url_shared": false,
                "display_as_bot": false,
                "username": "",
                "url_private": "https:\/\/files.slack.com\/files-pri\/T04TGFGMK7C-F061WS1L3J5\/ss.png?t=xoxe-4934526733250-6397687879216-6360367946327-fc1a6eed2fc8fac326fea1f2a3ab7c6e",
                "url_private_download": "https:\/\/files.slack.com\/files-pri\/T04TGFGMK7C-F061WS1L3J5\/download\/ss.png?t=xoxe-4934526733250-6397687879216-6360367946327-fc1a6eed2fc8fac326fea1f2a3ab7c6e",
                "media_display_type": "unknown",
                "thumb_64": "https:\/\/files.slack.com\/files-tmb\/T04TGFGMK7C-F061WS1L3J5-a78f65b1ee\/ss_64.png?t=xoxe-4934526733250-6397687879216-6360367946327-fc1a6eed2fc8fac326fea1f2a3ab7c6e",
                "thumb_80": "https:\/\/files.slack.com\/files-tmb\/T04TGFGMK7C-F061WS1L3J5-a78f65b1ee\/ss_80.png?t=xoxe-4934526733250-6397687879216-6360367946327-fc1a6eed2fc8fac326fea1f2a3ab7c6e",
                "thumb_360": "https:\/\/files.slack.com\/files-tmb\/T04TGFGMK7C-F061WS1L3J5-a78f65b1ee\/ss_360.png?t=xoxe-4934526733250-6397687879216-6360367946327-fc1a6eed2fc8fac326fea1f2a3ab7c6e",
                "thumb_360_w": 360,
                "thumb_360_h": 225,
                "thumb_480": "https:\/\/files.slack.com\/files-tmb\/T04TGFGMK7C-F061WS1L3J5-a78f65b1ee\/ss_480.png?t=xoxe-4934526733250-6397687879216-6360367946327-fc1a6eed2fc8fac326fea1f2a3ab7c6e",
                "thumb_480_w": 480,
                "thumb_480_h": 300,
                "thumb_160": "https:\/\/files.slack.com\/files-tmb\/T04TGFGMK7C-F061WS1L3J5-a78f65b1ee\/ss_160.png?t=xoxe-4934526733250-6397687879216-6360367946327-fc1a6eed2fc8fac326fea1f2a3ab7c6e",
                "thumb_720": "https:\/\/files.slack.com\/files-tmb\/T04TGFGMK7C-F061WS1L3J5-a78f65b1ee\/ss_720.png?t=xoxe-4934526733250-6397687879216-6360367946327-fc1a6eed2fc8fac326fea1f2a3ab7c6e",
                "thumb_720_w": 720,
                "thumb_720_h": 450,
                "thumb_800": "https:\/\/files.slack.com\/files-tmb\/T04TGFGMK7C-F061WS1L3J5-a78f65b1ee\/ss_800.png?t=xoxe-4934526733250-6397687879216-6360367946327-fc1a6eed2fc8fac326fea1f2a3ab7c6e",
                "thumb_800_w": 800,
                "thumb_800_h": 500,
                "thumb_960": "https:\/\/files.slack.com\/files-tmb\/T04TGFGMK7C-F061WS1L3J5-a78f65b1ee\/ss_960.png?t=xoxe-4934526733250-6397687879216-6360367946327-fc1a6eed2fc8fac326fea1f2a3ab7c6e",
                "thumb_960_w": 960,
                "thumb_960_h": 599,
                "thumb_1024": "https:\/\/files.slack.com\/files-tmb\/T04TGFGMK7C-F061WS1L3J5-a78f65b1ee\/ss_1024.png?t=xoxe-4934526733250-6397687879216-6360367946327-fc1a6eed2fc8fac326fea1f2a3ab7c6e",
                "thumb_1024_w": 1024,
                "thumb_1024_h": 639,
                "original_w": 3456,
                "original_h": 2158,
                "thumb_tiny": "AwAdADBbe2jdyGXPHrVj7DB\/dP8A30aZZ\/69uP4f61bcE7cDoc0AV\/sEH91v++jR9gt\/7rf99GrDELyeBSqwYZU5FAFf7Db\/ANw\/nVa4t4o3AVccd60qp3fMg+lAGcsjKchiPoad58p\/5aN+dRYpf4aAH+Y\/99v++jSea\/8Afb\/vo03tSUAP8x\/77f8AfRpCzH+In6mm0UAf\/9k=",
                "permalink": "https:\/\/chubachi-pt-2023.slack.com\/files\/U04TGBZ4XEX\/F061WS1L3J5\/ss.png",
                "permalink_public": "https:\/\/slack-files.com\/T04TGFGMK7C-F061WS1L3J5-2fbe2e1ecb",
                "is_starred": false,
                "has_rich_preview": false,
                "file_access": "visible"
            }
        ],
        "upload": false,
        "user": "U04TGBZ4XEX",
        "display_as_bot": false,
        "ts": "1697557898.300699",
        "blocks": [
            {
                "type": "rich_text",
                "block_id": "Os7xe",
                "elements": [
                    {
                        "type": "rich_text_quote",
                        "elements": [
                            {
                                "type": "text",
                                "text": "Access-Control-Allow-Origin: '*'"
                            }
                        ]
                    },
                    {
                        "type": "rich_text_section",
                        "elements": []
                    }
                ]
            }
        ],
        "edited": {
            "user": "U04TGBZ4XEX",
            "ts": "1697559142.000000"
        },
        "client_msg_id": "690c9e36-bc64-4264-95b4-02e9e70c5d50",
        "thread_ts": "1697557550.563569",
        "parent_user_id": "U04TGBZ4XEX"
    },
    {
        "type": "message",
        "text": "originの設定を元に戻す\n<https:\/\/github.com\/chubachi-pt-2023\/atomono-api\/commit\/e163471088459fcd853476ac43a949145d8b9f93>\n\nいけたっぽい",
        "files": [
            {
                "id": "F061LM9K4LC",
                "created": 1697558147,
                "timestamp": 1697558147,
                "name": "ss 1.png",
                "title": "ss 1.png",
                "mimetype": "image\/png",
                "filetype": "png",
                "pretty_type": "PNG",
                "user": "U04TGBZ4XEX",
                "user_team": "T04TGFGMK7C",
                "editable": false,
                "size": 798545,
                "mode": "hosted",
                "is_external": false,
                "external_type": "",
                "is_public": true,
                "public_url_shared": false,
                "display_as_bot": false,
                "username": "",
                "url_private": "https:\/\/files.slack.com\/files-pri\/T04TGFGMK7C-F061LM9K4LC\/ss_1.png?t=xoxe-4934526733250-6397687879216-6360367946327-fc1a6eed2fc8fac326fea1f2a3ab7c6e",
                "url_private_download": "https:\/\/files.slack.com\/files-pri\/T04TGFGMK7C-F061LM9K4LC\/download\/ss_1.png?t=xoxe-4934526733250-6397687879216-6360367946327-fc1a6eed2fc8fac326fea1f2a3ab7c6e",
                "media_display_type": "unknown",
                "thumb_64": "https:\/\/files.slack.com\/files-tmb\/T04TGFGMK7C-F061LM9K4LC-ce2b9c788f\/ss_1_64.png?t=xoxe-4934526733250-6397687879216-6360367946327-fc1a6eed2fc8fac326fea1f2a3ab7c6e",
                "thumb_80": "https:\/\/files.slack.com\/files-tmb\/T04TGFGMK7C-F061LM9K4LC-ce2b9c788f\/ss_1_80.png?t=xoxe-4934526733250-6397687879216-6360367946327-fc1a6eed2fc8fac326fea1f2a3ab7c6e",
                "thumb_360": "https:\/\/files.slack.com\/files-tmb\/T04TGFGMK7C-F061LM9K4LC-ce2b9c788f\/ss_1_360.png?t=xoxe-4934526733250-6397687879216-6360367946327-fc1a6eed2fc8fac326fea1f2a3ab7c6e",
                "thumb_360_w": 360,
                "thumb_360_h": 225,
                "thumb_480": "https:\/\/files.slack.com\/files-tmb\/T04TGFGMK7C-F061LM9K4LC-ce2b9c788f\/ss_1_480.png?t=xoxe-4934526733250-6397687879216-6360367946327-fc1a6eed2fc8fac326fea1f2a3ab7c6e",
                "thumb_480_w": 480,
                "thumb_480_h": 300,
                "thumb_160": "https:\/\/files.slack.com\/files-tmb\/T04TGFGMK7C-F061LM9K4LC-ce2b9c788f\/ss_1_160.png?t=xoxe-4934526733250-6397687879216-6360367946327-fc1a6eed2fc8fac326fea1f2a3ab7c6e",
                "thumb_720": "https:\/\/files.slack.com\/files-tmb\/T04TGFGMK7C-F061LM9K4LC-ce2b9c788f\/ss_1_720.png?t=xoxe-4934526733250-6397687879216-6360367946327-fc1a6eed2fc8fac326fea1f2a3ab7c6e",
                "thumb_720_w": 720,
                "thumb_720_h": 450,
                "thumb_800": "https:\/\/files.slack.com\/files-tmb\/T04TGFGMK7C-F061LM9K4LC-ce2b9c788f\/ss_1_800.png?t=xoxe-4934526733250-6397687879216-6360367946327-fc1a6eed2fc8fac326fea1f2a3ab7c6e",
                "thumb_800_w": 800,
                "thumb_800_h": 500,
                "thumb_960": "https:\/\/files.slack.com\/files-tmb\/T04TGFGMK7C-F061LM9K4LC-ce2b9c788f\/ss_1_960.png?t=xoxe-4934526733250-6397687879216-6360367946327-fc1a6eed2fc8fac326fea1f2a3ab7c6e",
                "thumb_960_w": 960,
                "thumb_960_h": 599,
                "thumb_1024": "https:\/\/files.slack.com\/files-tmb\/T04TGFGMK7C-F061LM9K4LC-ce2b9c788f\/ss_1_1024.png?t=xoxe-4934526733250-6397687879216-6360367946327-fc1a6eed2fc8fac326fea1f2a3ab7c6e",
                "thumb_1024_w": 1024,
                "thumb_1024_h": 639,
                "original_w": 3456,
                "original_h": 2158,
                "thumb_tiny": "AwAdADBbe2jd2DLnj1qx9hg\/un\/vo0yz\/wBe3H8P9atuCduB0OaAK\/2CD+63\/fRo+wW\/91vzNWGIXk4xSqwYZU5FAFf7Db\/3D+dVri3ijcBVxx3rSqnd\/wCsH+7QBnCRlOQxB9jTvPlI\/wBY351HijoKAH+Y\/wDfb\/vo0nmv\/fb\/AL6NN\/hzSUAP8x\/77f8AfRpNzHqxP402igD\/2Q==",
                "permalink": "https:\/\/chubachi-pt-2023.slack.com\/files\/U04TGBZ4XEX\/F061LM9K4LC\/ss_1.png",
                "permalink_public": "https:\/\/slack-files.com\/T04TGFGMK7C-F061LM9K4LC-66c34184ab",
                "is_starred": false,
                "has_rich_preview": false,
                "file_access": "visible"
            }
        ],
        "upload": false,
        "user": "U04TGBZ4XEX",
        "display_as_bot": false,
        "ts": "1697558158.937409",
        "blocks": [
            {
                "type": "rich_text",
                "block_id": "axpSl",
                "elements": [
                    {
                        "type": "rich_text_section",
                        "elements": [
                            {
                                "type": "text",
                                "text": "originの設定を元に戻す\n"
                            },
                            {
                                "type": "link",
                                "url": "https:\/\/github.com\/chubachi-pt-2023\/atomono-api\/commit\/e163471088459fcd853476ac43a949145d8b9f93"
                            },
                            {
                                "type": "text",
                                "text": "\n\nいけたっぽい"
                            }
                        ]
                    }
                ]
            }
        ],
        "client_msg_id": "b7abaa1f-d5d1-4a32-9107-9c5763c2f0d0",
        "thread_ts": "1697557550.563569",
        "parent_user_id": "U04TGBZ4XEX",
        "reactions": [
            {
                "name": "astonished",
                "users": [
                    "U04T9TDB58W"
                ],
                "count": 1
            }
        ]
    },
    {
        "client_msg_id": "32fd03f0-1854-40cc-8134-55b3e0e52321",
        "type": "message",
        "text": "なんでさっき通らなかったのかはほんとうに謎。。",
        "user": "U04TGBZ4XEX",
        "ts": "1697558209.667279",
        "blocks": [
            {
                "type": "rich_text",
                "block_id": "4Yh3V",
                "elements": [
                    {
                        "type": "rich_text_section",
                        "elements": [
                            {
                                "type": "text",
                                "text": "なんでさっき通らなかったのかはほんとうに謎。。"
                            }
                        ]
                    }
                ]
            }
        ],
        "team": "T04TGFGMK7C",
        "user_team": "T04TGFGMK7C",
        "source_team": "T04TGFGMK7C",
        "user_profile": {
            "avatar_hash": "824241a82bdf",
            "image_72": "https:\/\/avatars.slack-edge.com\/2023-05-03\/5205694948836_824241a82bdf37206daa_72.jpg",
            "first_name": "satoshi.​hirata",
            "real_name": "satoshi.​hirata",
            "display_name": "satoshi.hirata",
            "team": "T04TGFGMK7C",
            "name": "a2236sh",
            "is_restricted": false,
            "is_ultra_restricted": false
        },
        "edited": {
            "user": "U04TGBZ4XEX",
            "ts": "1697558704.000000"
        },
        "thread_ts": "1697557550.563569",
        "parent_user_id": "U04TGBZ4XEX"
    },
    {
        "type": "message",
        "text": "<https:\/\/front-opzidsl35-jabelic.vercel.app\/userProduct>\n\noriginsの設計に入れて検証\n<https:\/\/github.com\/chubachi-pt-2023\/atomono-api\/commit\/1c8268a9539daf75fc812141d125e331b0a3781f>\n\n&gt;  Access-Control-Allow-Origin: <https:\/\/front-opzidsl35-jabelic.vercel.app>\n大丈夫ぽい",
        "files": [
            {
                "id": "F061BLS7BF0",
                "created": 1697558655,
                "timestamp": 1697558655,
                "name": "ss 2.png",
                "title": "ss 2.png",
                "mimetype": "image\/png",
                "filetype": "png",
                "pretty_type": "PNG",
                "user": "U04TGBZ4XEX",
                "user_team": "T04TGFGMK7C",
                "editable": false,
                "size": 902974,
                "mode": "hosted",
                "is_external": false,
                "external_type": "",
                "is_public": true,
                "public_url_shared": false,
                "display_as_bot": false,
                "username": "",
                "url_private": "https:\/\/files.slack.com\/files-pri\/T04TGFGMK7C-F061BLS7BF0\/ss_2.png?t=xoxe-4934526733250-6397687879216-6360367946327-fc1a6eed2fc8fac326fea1f2a3ab7c6e",
                "url_private_download": "https:\/\/files.slack.com\/files-pri\/T04TGFGMK7C-F061BLS7BF0\/download\/ss_2.png?t=xoxe-4934526733250-6397687879216-6360367946327-fc1a6eed2fc8fac326fea1f2a3ab7c6e",
                "media_display_type": "unknown",
                "thumb_64": "https:\/\/files.slack.com\/files-tmb\/T04TGFGMK7C-F061BLS7BF0-b8fa113f26\/ss_2_64.png?t=xoxe-4934526733250-6397687879216-6360367946327-fc1a6eed2fc8fac326fea1f2a3ab7c6e",
                "thumb_80": "https:\/\/files.slack.com\/files-tmb\/T04TGFGMK7C-F061BLS7BF0-b8fa113f26\/ss_2_80.png?t=xoxe-4934526733250-6397687879216-6360367946327-fc1a6eed2fc8fac326fea1f2a3ab7c6e",
                "thumb_360": "https:\/\/files.slack.com\/files-tmb\/T04TGFGMK7C-F061BLS7BF0-b8fa113f26\/ss_2_360.png?t=xoxe-4934526733250-6397687879216-6360367946327-fc1a6eed2fc8fac326fea1f2a3ab7c6e",
                "thumb_360_w": 360,
                "thumb_360_h": 225,
                "thumb_480": "https:\/\/files.slack.com\/files-tmb\/T04TGFGMK7C-F061BLS7BF0-b8fa113f26\/ss_2_480.png?t=xoxe-4934526733250-6397687879216-6360367946327-fc1a6eed2fc8fac326fea1f2a3ab7c6e",
                "thumb_480_w": 480,
                "thumb_480_h": 300,
                "thumb_160": "https:\/\/files.slack.com\/files-tmb\/T04TGFGMK7C-F061BLS7BF0-b8fa113f26\/ss_2_160.png?t=xoxe-4934526733250-6397687879216-6360367946327-fc1a6eed2fc8fac326fea1f2a3ab7c6e",
                "thumb_720": "https:\/\/files.slack.com\/files-tmb\/T04TGFGMK7C-F061BLS7BF0-b8fa113f26\/ss_2_720.png?t=xoxe-4934526733250-6397687879216-6360367946327-fc1a6eed2fc8fac326fea1f2a3ab7c6e",
                "thumb_720_w": 720,
                "thumb_720_h": 450,
                "thumb_800": "https:\/\/files.slack.com\/files-tmb\/T04TGFGMK7C-F061BLS7BF0-b8fa113f26\/ss_2_800.png?t=xoxe-4934526733250-6397687879216-6360367946327-fc1a6eed2fc8fac326fea1f2a3ab7c6e",
                "thumb_800_w": 800,
                "thumb_800_h": 500,
                "thumb_960": "https:\/\/files.slack.com\/files-tmb\/T04TGFGMK7C-F061BLS7BF0-b8fa113f26\/ss_2_960.png?t=xoxe-4934526733250-6397687879216-6360367946327-fc1a6eed2fc8fac326fea1f2a3ab7c6e",
                "thumb_960_w": 960,
                "thumb_960_h": 599,
                "thumb_1024": "https:\/\/files.slack.com\/files-tmb\/T04TGFGMK7C-F061BLS7BF0-b8fa113f26\/ss_2_1024.png?t=xoxe-4934526733250-6397687879216-6360367946327-fc1a6eed2fc8fac326fea1f2a3ab7c6e",
                "thumb_1024_w": 1024,
                "thumb_1024_h": 639,
                "original_w": 3456,
                "original_h": 2158,
                "thumb_tiny": "AwAdADBbe2jd2DLnj1qx9hg\/un\/vqmWf+vbj+H+tW3BO3A6HNAFf7BB\/db\/vo0fYIP7rf99GrDELycYpVYMMqcigCv8AYbf+4fzqtcW8UbgKuOO9aVU7v\/WD\/doAzhI6nIYg+xpwnlI++351Hz60c7etAD\/Mk\/vt\/wB9Gk81\/wC+3\/fRpMfLSYoAd5j\/AN9vzNIWY\/xE\/jSYoxQB\/9k=",
                "permalink": "https:\/\/chubachi-pt-2023.slack.com\/files\/U04TGBZ4XEX\/F061BLS7BF0\/ss_2.png",
                "permalink_public": "https:\/\/slack-files.com\/T04TGFGMK7C-F061BLS7BF0-65458162d1",
                "is_starred": false,
                "has_rich_preview": false,
                "file_access": "visible"
            }
        ],
        "upload": false,
        "user": "U04TGBZ4XEX",
        "display_as_bot": false,
        "ts": "1697558664.203029",
        "blocks": [
            {
                "type": "rich_text",
                "block_id": "s1icy",
                "elements": [
                    {
                        "type": "rich_text_section",
                        "elements": [
                            {
                                "type": "link",
                                "url": "https:\/\/front-opzidsl35-jabelic.vercel.app\/userProduct"
                            },
                            {
                                "type": "text",
                                "text": "\n\noriginsの設計に入れて検証\n"
                            },
                            {
                                "type": "link",
                                "url": "https:\/\/github.com\/chubachi-pt-2023\/atomono-api\/commit\/1c8268a9539daf75fc812141d125e331b0a3781f"
                            },
                            {
                                "type": "text",
                                "text": "\n\n"
                            }
                        ]
                    },
                    {
                        "type": "rich_text_quote",
                        "elements": [
                            {
                                "type": "text",
                                "text": " Access-Control-Allow-Origin: "
                            },
                            {
                                "type": "link",
                                "url": "https:\/\/front-opzidsl35-jabelic.vercel.app"
                            }
                        ]
                    },
                    {
                        "type": "rich_text_section",
                        "elements": [
                            {
                                "type": "text",
                                "text": "大丈夫ぽい"
                            }
                        ]
                    }
                ]
            }
        ],
        "client_msg_id": "29f595c0-c522-47a0-be36-b9bd4e3b7132",
        "thread_ts": "1697557550.563569",
        "parent_user_id": "U04TGBZ4XEX"
    },
    {
        "client_msg_id": "16e05950-9b23-4034-b334-2daf34877299",
        "type": "message",
        "text": "大丈夫そうなので修正PRマージして検証環境に一旦反映させます",
        "user": "U04TGBZ4XEX",
        "ts": "1697561564.243909",
        "blocks": [
            {
                "type": "rich_text",
                "block_id": "f9sjm",
                "elements": [
                    {
                        "type": "rich_text_section",
                        "elements": [
                            {
                                "type": "text",
                                "text": "大丈夫そうなので修正PRマージして検証環境に一旦反映させます"
                            }
                        ]
                    }
                ]
            }
        ],
        "team": "T04TGFGMK7C",
        "user_team": "T04TGFGMK7C",
        "source_team": "T04TGFGMK7C",
        "user_profile": {
            "avatar_hash": "824241a82bdf",
            "image_72": "https:\/\/avatars.slack-edge.com\/2023-05-03\/5205694948836_824241a82bdf37206daa_72.jpg",
            "first_name": "satoshi.​hirata",
            "real_name": "satoshi.​hirata",
            "display_name": "satoshi.hirata",
            "team": "T04TGFGMK7C",
            "name": "a2236sh",
            "is_restricted": false,
            "is_ultra_restricted": false
        },
        "reactions": [
            {
                "name": "done",
                "users": [
                    "U04TGBZ4XEX"
                ],
                "count": 1
            }
        ]
    }
]