[
    {
        "client_msg_id": "5940488a-5e6f-4bd5-8b34-86be680d4ccd",
        "type": "message",
        "text": "<https:\/\/www.w3schools.com\/howto\/howto_js_dropdown.asp> dropdown menu",
        "user": "U04TV4NASPK",
        "ts": "1699089635.597769",
        "blocks": [
            {
                "type": "rich_text",
                "block_id": "x7vxB",
                "elements": [
                    {
                        "type": "rich_text_section",
                        "elements": [
                            {
                                "type": "link",
                                "url": "https:\/\/www.w3schools.com\/howto\/howto_js_dropdown.asp"
                            },
                            {
                                "type": "text",
                                "text": " dropdown menu"
                            }
                        ]
                    }
                ]
            }
        ],
        "team": "T04TGFGMK7C",
        "user_team": "T04TGFGMK7C",
        "source_team": "T04TGFGMK7C",
        "user_profile": {
            "avatar_hash": "342942264635",
            "image_72": "https:\/\/avatars.slack-edge.com\/2023-03-11\/4927985433382_34294226463524804a2d_72.jpg",
            "first_name": "Nakayama",
            "real_name": "Nakayama Kenta",
            "display_name": "Nakayama",
            "team": "T04TGFGMK7C",
            "name": "a2231kn",
            "is_restricted": false,
            "is_ultra_restricted": false
        },
        "attachments": [
            {
                "image_url": "https:\/\/www.w3schools.com\/images\/w3schools_logo_436_2.png",
                "image_width": 436,
                "image_height": 228,
                "image_bytes": 6369,
                "from_url": "https:\/\/www.w3schools.com\/howto\/howto_js_dropdown.asp",
                "service_icon": "https:\/\/www.w3schools.com\/apple-touch-icon.png",
                "id": 1,
                "original_url": "https:\/\/www.w3schools.com\/howto\/howto_js_dropdown.asp",
                "fallback": "How To Create a Dropdown Menu With CSS and JavaScript",
                "text": "W3Schools offers free online tutorials, references and exercises in all the major languages of the web. Covering popular subjects like HTML, CSS, JavaScript, Python, SQL, Java, and many, many more.",
                "title": "How To Create a Dropdown Menu With CSS and JavaScript",
                "title_link": "https:\/\/www.w3schools.com\/howto\/howto_js_dropdown.asp",
                "service_name": "w3schools.com"
            }
        ]
    },
    {
        "client_msg_id": "132211c2-60e0-4a7c-9cf7-fc2ba69c6ef4",
        "type": "message",
        "text": "<https:\/\/daisyui.com\/components\/dropdown\/>",
        "user": "U04TV4NASPK",
        "ts": "1699089681.512489",
        "blocks": [
            {
                "type": "rich_text",
                "block_id": "jD6Zv",
                "elements": [
                    {
                        "type": "rich_text_section",
                        "elements": [
                            {
                                "type": "link",
                                "url": "https:\/\/daisyui.com\/components\/dropdown\/"
                            }
                        ]
                    }
                ]
            }
        ],
        "team": "T04TGFGMK7C",
        "user_team": "T04TGFGMK7C",
        "source_team": "T04TGFGMK7C",
        "user_profile": {
            "avatar_hash": "342942264635",
            "image_72": "https:\/\/avatars.slack-edge.com\/2023-03-11\/4927985433382_34294226463524804a2d_72.jpg",
            "first_name": "Nakayama",
            "real_name": "Nakayama Kenta",
            "display_name": "Nakayama",
            "team": "T04TGFGMK7C",
            "name": "a2231kn",
            "is_restricted": false,
            "is_ultra_restricted": false
        },
        "attachments": [
            {
                "image_url": "https:\/\/daisyui.com\/images\/components\/dropdown.jpg",
                "image_width": 800,
                "image_height": 418,
                "image_bytes": 30866,
                "from_url": "https:\/\/daisyui.com\/components\/dropdown\/",
                "service_icon": "https:\/\/daisyui.com\/favicon.ico",
                "id": 1,
                "original_url": "https:\/\/daisyui.com\/components\/dropdown\/",
                "fallback": "Tailwind Dropdown Component — Tailwind CSS Components",
                "text": "Tailwind Dropdown examples: Dropdown can open a menu or any other element when the button is clicked. component",
                "title": "Tailwind Dropdown Component — Tailwind CSS Components",
                "title_link": "https:\/\/daisyui.com\/components\/dropdown\/",
                "service_name": "daisyui.com"
            }
        ]
    },
    {
        "client_msg_id": "928176e6-a7b7-42b5-be0c-e211ad69fcd4",
        "type": "message",
        "text": "<https:\/\/www.svgrepo.com\/svg\/124304\/three-dots> svg",
        "user": "U04TV4NASPK",
        "ts": "1699090085.884019",
        "blocks": [
            {
                "type": "rich_text",
                "block_id": "jLn4b",
                "elements": [
                    {
                        "type": "rich_text_section",
                        "elements": [
                            {
                                "type": "link",
                                "url": "https:\/\/www.svgrepo.com\/svg\/124304\/three-dots"
                            },
                            {
                                "type": "text",
                                "text": " svg"
                            }
                        ]
                    }
                ]
            }
        ],
        "team": "T04TGFGMK7C",
        "user_team": "T04TGFGMK7C",
        "source_team": "T04TGFGMK7C",
        "user_profile": {
            "avatar_hash": "342942264635",
            "image_72": "https:\/\/avatars.slack-edge.com\/2023-03-11\/4927985433382_34294226463524804a2d_72.jpg",
            "first_name": "Nakayama",
            "real_name": "Nakayama Kenta",
            "display_name": "Nakayama",
            "team": "T04TGFGMK7C",
            "name": "a2231kn",
            "is_restricted": false,
            "is_ultra_restricted": false
        },
        "attachments": [
            {
                "image_url": "https:\/\/www.svgrepo.com\/social.png",
                "image_width": 1600,
                "image_height": 800,
                "image_bytes": 39829,
                "from_url": "https:\/\/www.svgrepo.com\/svg\/124304\/three-dots",
                "service_icon": "https:\/\/www.svgrepo.com\/favicon.ico",
                "id": 1,
                "original_url": "https:\/\/www.svgrepo.com\/svg\/124304\/three-dots",
                "fallback": "SVG Repo: Three Dots Vector SVG Icon - SVG Repo",
                "text": "Free Three Dots Vector Icon in SVG format. :white_check_mark: Download Free Three Dots Vector and icons for commercial use. Three Dots SVG vector illustration graphic art design format.SVG Vector vectors.",
                "title": "Three Dots Vector SVG Icon - SVG Repo",
                "title_link": "https:\/\/www.svgrepo.com\/svg\/124304\/three-dots",
                "service_name": "SVG Repo"
            }
        ]
    },
    {
        "client_msg_id": "985c1caf-9282-4ebb-8a19-5b2b9f0a53e4",
        "type": "message",
        "text": "drop down menu　作ったことないから引き引き",
        "user": "U04TV4NASPK",
        "ts": "1699090131.720129",
        "blocks": [
            {
                "type": "rich_text",
                "block_id": "\/6Z8P",
                "elements": [
                    {
                        "type": "rich_text_section",
                        "elements": [
                            {
                                "type": "text",
                                "text": "drop down menu　作ったことないから引き引き"
                            }
                        ]
                    }
                ]
            }
        ],
        "team": "T04TGFGMK7C",
        "user_team": "T04TGFGMK7C",
        "source_team": "T04TGFGMK7C",
        "user_profile": {
            "avatar_hash": "342942264635",
            "image_72": "https:\/\/avatars.slack-edge.com\/2023-03-11\/4927985433382_34294226463524804a2d_72.jpg",
            "first_name": "Nakayama",
            "real_name": "Nakayama Kenta",
            "display_name": "Nakayama",
            "team": "T04TGFGMK7C",
            "name": "a2231kn",
            "is_restricted": false,
            "is_ultra_restricted": false
        }
    },
    {
        "client_msg_id": "19f82d38-d459-47c3-bb15-f6e720ea5b7c",
        "type": "message",
        "text": "スロークエリ発生しまくってインシデントだけで終わっちまったよ。。",
        "user": "U04TV4NASPK",
        "ts": "1699107969.271849",
        "blocks": [
            {
                "type": "rich_text",
                "block_id": "2UMZ3",
                "elements": [
                    {
                        "type": "rich_text_section",
                        "elements": [
                            {
                                "type": "text",
                                "text": "スロークエリ発生しまくってインシデントだけで終わっちまったよ。。"
                            }
                        ]
                    }
                ]
            }
        ],
        "team": "T04TGFGMK7C",
        "user_team": "T04TGFGMK7C",
        "source_team": "T04TGFGMK7C",
        "user_profile": {
            "avatar_hash": "342942264635",
            "image_72": "https:\/\/avatars.slack-edge.com\/2023-03-11\/4927985433382_34294226463524804a2d_72.jpg",
            "first_name": "Nakayama",
            "real_name": "Nakayama Kenta",
            "display_name": "Nakayama",
            "team": "T04TGFGMK7C",
            "name": "a2231kn",
            "is_restricted": false,
            "is_ultra_restricted": false
        },
        "reactions": [
            {
                "name": "wakarimi",
                "users": [
                    "U04U66DSPEU"
                ],
                "count": 1
            },
            {
                "name": "otsukaresamadesu",
                "users": [
                    "U04TGBZ4XEX"
                ],
                "count": 1
            }
        ]
    }
]