[
    {
        "client_msg_id": "9b5843f5-ca72-4262-80a9-06d91aee0194",
        "type": "message",
        "text": "yahooなのかpaypayなのかlineなのかはっきりして欲しいわ。。",
        "user": "U04TV4NASPK",
        "ts": "1698843578.096229",
        "blocks": [
            {
                "type": "rich_text",
                "block_id": "tngQu",
                "elements": [
                    {
                        "type": "rich_text_section",
                        "elements": [
                            {
                                "type": "text",
                                "text": "yahooなのかpaypayなのかlineなのかはっきりして欲しいわ。。"
                            }
                        ]
                    }
                ]
            }
        ],
        "team": "T04TGFGMK7C",
        "user_team": "T04TGFGMK7C",
        "source_team": "T04TGFGMK7C",
        "user_profile": {
            "avatar_hash": "342942264635",
            "image_72": "https:\/\/avatars.slack-edge.com\/2023-03-11\/4927985433382_34294226463524804a2d_72.jpg",
            "first_name": "Nakayama",
            "real_name": "Nakayama Kenta",
            "display_name": "Nakayama",
            "team": "T04TGFGMK7C",
            "name": "a2231kn",
            "is_restricted": false,
            "is_ultra_restricted": false
        },
        "reactions": [
            {
                "name": "wakarimi",
                "users": [
                    "U04T201950F",
                    "U04T9TDB58W"
                ],
                "count": 2
            }
        ]
    }
]