[
    {
        "client_msg_id": "25924983-2f7e-4343-8f22-faec21e53bd2",
        "type": "message",
        "text": "<https:\/\/flowbite.com\/docs\/getting-started\/next-js\/>",
        "user": "U04TV4NASPK",
        "ts": "1699171892.207869",
        "blocks": [
            {
                "type": "rich_text",
                "block_id": "uxPJ8",
                "elements": [
                    {
                        "type": "rich_text_section",
                        "elements": [
                            {
                                "type": "link",
                                "url": "https:\/\/flowbite.com\/docs\/getting-started\/next-js\/"
                            }
                        ]
                    }
                ]
            }
        ],
        "team": "T04TGFGMK7C",
        "user_team": "T04TGFGMK7C",
        "source_team": "T04TGFGMK7C",
        "user_profile": {
            "avatar_hash": "342942264635",
            "image_72": "https:\/\/avatars.slack-edge.com\/2023-03-11\/4927985433382_34294226463524804a2d_72.jpg",
            "first_name": "Nakayama",
            "real_name": "Nakayama Kenta",
            "display_name": "Nakayama",
            "team": "T04TGFGMK7C",
            "name": "a2231kn",
            "is_restricted": false,
            "is_ultra_restricted": false
        },
        "attachments": [
            {
                "from_url": "https:\/\/flowbite.com\/docs\/getting-started\/next-js\/",
                "service_icon": "https:\/\/flowbite.com\/docs\/apple-icon-57x57.png",
                "thumb_url": "https:\/\/flowbite.com\/docs\/images\/og-image.png",
                "thumb_width": 870,
                "thumb_height": 435,
                "id": 1,
                "original_url": "https:\/\/flowbite.com\/docs\/getting-started\/next-js\/",
                "fallback": "Tailwind CSS Next.js - Flowbite",
                "text": "Learn how to install Tailwind CSS with Flowbite for your Next.js project and start developing with the most popular React-based framework built by Vercel",
                "title": "Tailwind CSS Next.js - Flowbite",
                "title_link": "https:\/\/flowbite.com\/docs\/getting-started\/next-js\/",
                "service_name": "flowbite.com"
            }
        ]
    },
    {
        "type": "message",
        "text": "2columnにするだけで時間食ったな。",
        "files": [
            {
                "id": "F064D35TQQL",
                "created": 1699174107,
                "timestamp": 1699174107,
                "name": "Cursor_and_アトモノ.png",
                "title": "Cursor_and_アトモノ.png",
                "mimetype": "image\/png",
                "filetype": "png",
                "pretty_type": "PNG",
                "user": "U04TV4NASPK",
                "user_team": "T04TGFGMK7C",
                "editable": false,
                "size": 330511,
                "mode": "hosted",
                "is_external": false,
                "external_type": "",
                "is_public": true,
                "public_url_shared": false,
                "display_as_bot": false,
                "username": "",
                "url_private": "https:\/\/files.slack.com\/files-pri\/T04TGFGMK7C-F064D35TQQL\/cursor_and_____________.png?t=xoxe-4934526733250-6374789194866-6374789570354-af963380c45b108ab500a7bde0440c66",
                "url_private_download": "https:\/\/files.slack.com\/files-pri\/T04TGFGMK7C-F064D35TQQL\/download\/cursor_and_____________.png?t=xoxe-4934526733250-6374789194866-6374789570354-af963380c45b108ab500a7bde0440c66",
                "media_display_type": "unknown",
                "thumb_64": "https:\/\/files.slack.com\/files-tmb\/T04TGFGMK7C-F064D35TQQL-5b9a28cd11\/cursor_and______________64.png?t=xoxe-4934526733250-6374789194866-6374789570354-af963380c45b108ab500a7bde0440c66",
                "thumb_80": "https:\/\/files.slack.com\/files-tmb\/T04TGFGMK7C-F064D35TQQL-5b9a28cd11\/cursor_and______________80.png?t=xoxe-4934526733250-6374789194866-6374789570354-af963380c45b108ab500a7bde0440c66",
                "thumb_360": "https:\/\/files.slack.com\/files-tmb\/T04TGFGMK7C-F064D35TQQL-5b9a28cd11\/cursor_and______________360.png?t=xoxe-4934526733250-6374789194866-6374789570354-af963380c45b108ab500a7bde0440c66",
                "thumb_360_w": 360,
                "thumb_360_h": 208,
                "thumb_480": "https:\/\/files.slack.com\/files-tmb\/T04TGFGMK7C-F064D35TQQL-5b9a28cd11\/cursor_and______________480.png?t=xoxe-4934526733250-6374789194866-6374789570354-af963380c45b108ab500a7bde0440c66",
                "thumb_480_w": 480,
                "thumb_480_h": 277,
                "thumb_160": "https:\/\/files.slack.com\/files-tmb\/T04TGFGMK7C-F064D35TQQL-5b9a28cd11\/cursor_and______________160.png?t=xoxe-4934526733250-6374789194866-6374789570354-af963380c45b108ab500a7bde0440c66",
                "thumb_720": "https:\/\/files.slack.com\/files-tmb\/T04TGFGMK7C-F064D35TQQL-5b9a28cd11\/cursor_and______________720.png?t=xoxe-4934526733250-6374789194866-6374789570354-af963380c45b108ab500a7bde0440c66",
                "thumb_720_w": 720,
                "thumb_720_h": 415,
                "thumb_800": "https:\/\/files.slack.com\/files-tmb\/T04TGFGMK7C-F064D35TQQL-5b9a28cd11\/cursor_and______________800.png?t=xoxe-4934526733250-6374789194866-6374789570354-af963380c45b108ab500a7bde0440c66",
                "thumb_800_w": 800,
                "thumb_800_h": 461,
                "thumb_960": "https:\/\/files.slack.com\/files-tmb\/T04TGFGMK7C-F064D35TQQL-5b9a28cd11\/cursor_and______________960.png?t=xoxe-4934526733250-6374789194866-6374789570354-af963380c45b108ab500a7bde0440c66",
                "thumb_960_w": 960,
                "thumb_960_h": 553,
                "thumb_1024": "https:\/\/files.slack.com\/files-tmb\/T04TGFGMK7C-F064D35TQQL-5b9a28cd11\/cursor_and______________1024.png?t=xoxe-4934526733250-6374789194866-6374789570354-af963380c45b108ab500a7bde0440c66",
                "thumb_1024_w": 1024,
                "thumb_1024_h": 590,
                "original_w": 2876,
                "original_h": 1658,
                "thumb_tiny": "AwAbADCZbWEsQYnA7E0ptLYH7h\/OrVRN940FJEX2W2\/uH86Pstt\/cP51JRSuPlRGbS27IfzpjW8aZKcenWp6a33aLhyosVE33jUtRN940AhKKKKRQUyT7hzT6QgEYNMD\/9k=",
                "permalink": "https:\/\/chubachi-pt-2023.slack.com\/files\/U04TV4NASPK\/F064D35TQQL\/cursor_and_____________.png",
                "permalink_public": "https:\/\/slack-files.com\/T04TGFGMK7C-F064D35TQQL-c903742184",
                "is_starred": false,
                "has_rich_preview": false,
                "file_access": "visible"
            }
        ],
        "upload": false,
        "user": "U04TV4NASPK",
        "display_as_bot": false,
        "ts": "1699174120.972099",
        "blocks": [
            {
                "type": "rich_text",
                "block_id": "aC\/uX",
                "elements": [
                    {
                        "type": "rich_text_section",
                        "elements": [
                            {
                                "type": "text",
                                "text": "2columnにするだけで時間食ったな。"
                            }
                        ]
                    }
                ]
            }
        ],
        "client_msg_id": "c2d9ea51-f0e9-4fee-a76b-9bd9e657fc8b"
    },
    {
        "client_msg_id": "ddefa611-99b5-4681-be83-c03ac8f2f0d6",
        "type": "message",
        "text": "<https:\/\/flowbite.com\/blocks\/application\/filter\/#filter-by-category> 有料だった",
        "user": "U04TV4NASPK",
        "ts": "1699193949.248889",
        "blocks": [
            {
                "type": "rich_text",
                "block_id": "KLm\/e",
                "elements": [
                    {
                        "type": "rich_text_section",
                        "elements": [
                            {
                                "type": "link",
                                "url": "https:\/\/flowbite.com\/blocks\/application\/filter\/#filter-by-category"
                            },
                            {
                                "type": "text",
                                "text": " 有料だった"
                            }
                        ]
                    }
                ]
            }
        ],
        "team": "T04TGFGMK7C",
        "user_team": "T04TGFGMK7C",
        "source_team": "T04TGFGMK7C",
        "user_profile": {
            "avatar_hash": "342942264635",
            "image_72": "https:\/\/avatars.slack-edge.com\/2023-03-11\/4927985433382_34294226463524804a2d_72.jpg",
            "first_name": "Nakayama",
            "real_name": "Nakayama Kenta",
            "display_name": "Nakayama",
            "team": "T04TGFGMK7C",
            "name": "a2231kn",
            "is_restricted": false,
            "is_ultra_restricted": false
        }
    },
    {
        "client_msg_id": "58507c15-6535-468b-8b8b-f1ce0478174a",
        "type": "message",
        "text": "<https:\/\/codesandbox.io\/s\/react-checkboxes-filter-cn5k3>",
        "user": "U04TV4NASPK",
        "ts": "1699194264.061999",
        "blocks": [
            {
                "type": "rich_text",
                "block_id": "\/nY8y",
                "elements": [
                    {
                        "type": "rich_text_section",
                        "elements": [
                            {
                                "type": "link",
                                "url": "https:\/\/codesandbox.io\/s\/react-checkboxes-filter-cn5k3"
                            }
                        ]
                    }
                ]
            }
        ],
        "team": "T04TGFGMK7C",
        "user_team": "T04TGFGMK7C",
        "source_team": "T04TGFGMK7C",
        "user_profile": {
            "avatar_hash": "342942264635",
            "image_72": "https:\/\/avatars.slack-edge.com\/2023-03-11\/4927985433382_34294226463524804a2d_72.jpg",
            "first_name": "Nakayama",
            "real_name": "Nakayama Kenta",
            "display_name": "Nakayama",
            "team": "T04TGFGMK7C",
            "name": "a2231kn",
            "is_restricted": false,
            "is_ultra_restricted": false
        },
        "attachments": [
            {
                "image_url": "https:\/\/codesandbox.io\/api\/v1\/sandboxes\/cn5k3\/screenshot.png",
                "image_width": 1200,
                "image_height": 630,
                "image_bytes": 11344,
                "from_url": "https:\/\/codesandbox.io\/s\/react-checkboxes-filter-cn5k3",
                "service_icon": "https:\/\/codesandbox.io\/favicon.ico",
                "ts": 1594792482,
                "id": 1,
                "original_url": "https:\/\/codesandbox.io\/s\/react-checkboxes-filter-cn5k3",
                "fallback": "CodeSandbox: React checkboxes filter - CodeSandbox",
                "text": "React checkboxes filter by stormdice using react, react-dom, react-scripts",
                "title": "React checkboxes filter - CodeSandbox",
                "title_link": "https:\/\/codesandbox.io\/s\/react-checkboxes-filter-cn5k3",
                "service_name": "CodeSandbox"
            }
        ]
    },
    {
        "client_msg_id": "0719ece2-a151-4c1e-82d4-57862a984c2d",
        "type": "message",
        "text": "<https:\/\/medium.com\/@ryanmambou\/search-filter-in-nextjs-b30381c96f06>",
        "user": "U04TV4NASPK",
        "ts": "1699194569.560549",
        "blocks": [
            {
                "type": "rich_text",
                "block_id": "IwgoC",
                "elements": [
                    {
                        "type": "rich_text_section",
                        "elements": [
                            {
                                "type": "link",
                                "url": "https:\/\/medium.com\/@ryanmambou\/search-filter-in-nextjs-b30381c96f06"
                            }
                        ]
                    }
                ]
            }
        ],
        "team": "T04TGFGMK7C",
        "user_team": "T04TGFGMK7C",
        "source_team": "T04TGFGMK7C",
        "user_profile": {
            "avatar_hash": "342942264635",
            "image_72": "https:\/\/avatars.slack-edge.com\/2023-03-11\/4927985433382_34294226463524804a2d_72.jpg",
            "first_name": "Nakayama",
            "real_name": "Nakayama Kenta",
            "display_name": "Nakayama",
            "team": "T04TGFGMK7C",
            "name": "a2231kn",
            "is_restricted": false,
            "is_ultra_restricted": false
        },
        "attachments": [
            {
                "image_url": "https:\/\/miro.medium.com\/v2\/resize:fit:1200\/1*evWiCwVffl0RCeaqayMFxw.png",
                "image_width": 1200,
                "image_height": 719,
                "image_bytes": 26027,
                "from_url": "https:\/\/medium.com\/@ryanmambou\/search-filter-in-nextjs-b30381c96f06",
                "service_icon": "https:\/\/miro.medium.com\/v2\/resize:fill:152:152\/1*sHhtYhaCe2Uc3IU0IgKwIQ.png",
                "ts": 1664436740,
                "id": 1,
                "original_url": "https:\/\/medium.com\/@ryanmambou\/search-filter-in-nextjs-b30381c96f06",
                "fallback": "Medium: Search Filter in NextJS",
                "text": "Have you ever wondered on how to make search results instantly available while still typing on the search bar in websites ? It seems quite…",
                "title": "Search Filter in NextJS",
                "title_link": "https:\/\/medium.com\/@ryanmambou\/search-filter-in-nextjs-b30381c96f06",
                "service_name": "Medium",
                "fields": [
                    {
                        "value": "4 min read",
                        "title": "Reading time",
                        "short": true
                    }
                ]
            }
        ]
    },
    {
        "client_msg_id": "51bf5da9-ebce-44a3-ad65-8244b55fe9e1",
        "type": "message",
        "text": "<https:\/\/route360.dev\/ja\/post\/filter-array-list\/>",
        "user": "U04TV4NASPK",
        "ts": "1699194882.875819",
        "blocks": [
            {
                "type": "rich_text",
                "block_id": "9qoFk",
                "elements": [
                    {
                        "type": "rich_text_section",
                        "elements": [
                            {
                                "type": "link",
                                "url": "https:\/\/route360.dev\/ja\/post\/filter-array-list\/"
                            }
                        ]
                    }
                ]
            }
        ],
        "team": "T04TGFGMK7C",
        "user_team": "T04TGFGMK7C",
        "source_team": "T04TGFGMK7C",
        "user_profile": {
            "avatar_hash": "342942264635",
            "image_72": "https:\/\/avatars.slack-edge.com\/2023-03-11\/4927985433382_34294226463524804a2d_72.jpg",
            "first_name": "Nakayama",
            "real_name": "Nakayama Kenta",
            "display_name": "Nakayama",
            "team": "T04TGFGMK7C",
            "name": "a2231kn",
            "is_restricted": false,
            "is_ultra_restricted": false
        },
        "attachments": [
            {
                "from_url": "https:\/\/route360.dev\/ja\/post\/filter-array-list\/",
                "service_icon": "https:\/\/route360.dev\/icons\/icon-48x48.png?v=4d15a4c779c83cc59c6fa31711176b53",
                "thumb_url": "https:\/\/route360.dev\/static\/favicon-4d15a4c779c83cc59c6fa31711176b53.png",
                "thumb_width": 512,
                "thumb_height": 512,
                "id": 1,
                "original_url": "https:\/\/route360.dev\/ja\/post\/filter-array-list\/",
                "fallback": "Route360: Reactでアイテムを絞り込み（マルチフィルター）を行う方法 - Route360",
                "text": "EC・ショッピングアプリなどで、グループや種類による複数条件での絞り込みをReactで行う方法です。 今回は例として、プロダクト毎にタグをつけ、タグで絞り込みができるようにします。 デモ コード（GitHub） 今回利用するReact Hookはとなります。 動作環境： Nod…",
                "title": "Reactでアイテムを絞り込み（マルチフィルター）を行う方法 - Route360",
                "title_link": "https:\/\/route360.dev\/ja\/post\/filter-array-list\/",
                "service_name": "Route360"
            }
        ]
    }
]