[
    {
        "client_msg_id": "cdb20de1-ab5a-4029-96cb-0488e3cea694",
        "type": "message",
        "text": "TODO: <https:\/\/chubachi-pt-2023.slack.com\/archives\/C054R4216MB\/p1697202635333889>",
        "user": "U04T9TDB58W",
        "ts": "1697234976.777009",
        "blocks": [
            {
                "type": "rich_text",
                "block_id": "4omCa",
                "elements": [
                    {
                        "type": "rich_text_section",
                        "elements": [
                            {
                                "type": "text",
                                "text": "TODO: "
                            },
                            {
                                "type": "link",
                                "url": "https:\/\/chubachi-pt-2023.slack.com\/archives\/C054R4216MB\/p1697202635333889"
                            }
                        ]
                    }
                ]
            }
        ],
        "team": "T04TGFGMK7C",
        "user_team": "T04TGFGMK7C",
        "source_team": "T04TGFGMK7C",
        "user_profile": {
            "avatar_hash": "183a619e0408",
            "image_72": "https:\/\/avatars.slack-edge.com\/2023-03-11\/4958815898464_183a619e0408c53031fd_72.jpg",
            "first_name": "Hibiki",
            "real_name": "Hibiki Mizuno",
            "display_name": "Jabelic スクラムマスター",
            "team": "T04TGFGMK7C",
            "name": "a2239hm",
            "is_restricted": false,
            "is_ultra_restricted": false
        },
        "attachments": [
            {
                "from_url": "https:\/\/chubachi-pt-2023.slack.com\/archives\/C054R4216MB\/p1697202635333889",
                "ts": "1697202635.333889",
                "author_id": "U04U66DSPEU",
                "channel_id": "C054R4216MB",
                "channel_team": "T04TGFGMK7C",
                "is_msg_unfurl": true,
                "message_blocks": [
                    {
                        "team": "T04TGFGMK7C",
                        "channel": "C054R4216MB",
                        "ts": "1697202635.333889",
                        "message": {
                            "blocks": [
                                {
                                    "type": "rich_text",
                                    "block_id": "ldbRv",
                                    "elements": [
                                        {
                                            "type": "rich_text_section",
                                            "elements": [
                                                {
                                                    "type": "user",
                                                    "user_id": "U04T9TDB58W"
                                                },
                                                {
                                                    "type": "text",
                                                    "text": "\n所持品ページ追加の件、PRを作成しました\n"
                                                },
                                                {
                                                    "type": "link",
                                                    "url": "https:\/\/github.com\/chubachi-pt-2023\/atomono-front\/pulls"
                                                },
                                                {
                                                    "type": "text",
                                                    "text": "\n\nお時間のある時にご確認お願いします"
                                                },
                                                {
                                                    "type": "emoji",
                                                    "name": "man-bowing",
                                                    "unicode": "1f647-200d-2642-fe0f"
                                                },
                                                {
                                                    "type": "text",
                                                    "text": "\n\n所持品登録のページはまだですが、方向性チェックをお願いします"
                                                },
                                                {
                                                    "type": "emoji",
                                                    "name": "pray",
                                                    "unicode": "1f64f"
                                                }
                                            ]
                                        }
                                    ]
                                }
                            ]
                        }
                    }
                ],
                "id": 1,
                "original_url": "https:\/\/chubachi-pt-2023.slack.com\/archives\/C054R4216MB\/p1697202635333889",
                "fallback": "[October 13th, 2023 6:10 AM] a2237mf: <@U04T9TDB58W>\n所持品ページ追加の件、PRを作成しました\n<https:\/\/github.com\/chubachi-pt-2023\/atomono-front\/pulls>\n\nお時間のある時にご確認お願いします:man-bowing:\n\n所持品登録のページはまだですが、方向性チェックをお願いします:pray:",
                "text": "<@U04T9TDB58W>\n所持品ページ追加の件、PRを作成しました\n<https:\/\/github.com\/chubachi-pt-2023\/atomono-front\/pulls>\n\nお時間のある時にご確認お願いします:man-bowing:\n\n所持品登録のページはまだですが、方向性チェックをお願いします:pray:",
                "author_name": "FABIAN M. FERNANDEZ",
                "author_link": "https:\/\/chubachi-pt-2023.slack.com\/team\/U04U66DSPEU",
                "author_icon": "https:\/\/avatars.slack-edge.com\/2023-04-25\/5164292307843_eded816e5002d89cd475_48.png",
                "author_subname": "FABIAN M. FERNANDEZ",
                "mrkdwn_in": [
                    "text"
                ],
                "footer": "Slack の会話"
            }
        ],
        "reactions": [
            {
                "name": "done",
                "users": [
                    "U04T9TDB58W"
                ],
                "count": 1
            }
        ]
    },
    {
        "client_msg_id": "234f6d25-56a9-46d6-ba4f-843dacd7319d",
        "type": "message",
        "text": "borderRadiousが無効になってる件、わかった",
        "user": "U04T9TDB58W",
        "ts": "1697247360.239219",
        "blocks": [
            {
                "type": "rich_text",
                "block_id": "XWymk",
                "elements": [
                    {
                        "type": "rich_text_section",
                        "elements": [
                            {
                                "type": "text",
                                "text": "borderRadiousが無効になってる件、わかった"
                            }
                        ]
                    }
                ]
            }
        ],
        "team": "T04TGFGMK7C",
        "user_team": "T04TGFGMK7C",
        "source_team": "T04TGFGMK7C",
        "user_profile": {
            "avatar_hash": "183a619e0408",
            "image_72": "https:\/\/avatars.slack-edge.com\/2023-03-11\/4958815898464_183a619e0408c53031fd_72.jpg",
            "first_name": "Hibiki",
            "real_name": "Hibiki Mizuno",
            "display_name": "Jabelic スクラムマスター",
            "team": "T04TGFGMK7C",
            "name": "a2239hm",
            "is_restricted": false,
            "is_ultra_restricted": false
        }
    },
    {
        "client_msg_id": "2d4451e7-9949-43d8-bdc7-f507f0c157ac",
        "type": "message",
        "text": "なおす",
        "user": "U04T9TDB58W",
        "ts": "1697247403.111439",
        "blocks": [
            {
                "type": "rich_text",
                "block_id": "tN4kP",
                "elements": [
                    {
                        "type": "rich_text_section",
                        "elements": [
                            {
                                "type": "text",
                                "text": "なおす"
                            }
                        ]
                    }
                ]
            }
        ],
        "team": "T04TGFGMK7C",
        "user_team": "T04TGFGMK7C",
        "source_team": "T04TGFGMK7C",
        "user_profile": {
            "avatar_hash": "183a619e0408",
            "image_72": "https:\/\/avatars.slack-edge.com\/2023-03-11\/4958815898464_183a619e0408c53031fd_72.jpg",
            "first_name": "Hibiki",
            "real_name": "Hibiki Mizuno",
            "display_name": "Jabelic スクラムマスター",
            "team": "T04TGFGMK7C",
            "name": "a2239hm",
            "is_restricted": false,
            "is_ultra_restricted": false
        }
    },
    {
        "client_msg_id": "4247ea6e-3206-48d8-8531-01f3ce336dc7",
        "type": "message",
        "text": "<https:\/\/chubachi-pt-2023.atlassian.net\/browse\/AT-539>　:done:",
        "user": "U04T9TDB58W",
        "ts": "1697247638.492579",
        "blocks": [
            {
                "type": "rich_text",
                "block_id": "9v7R6",
                "elements": [
                    {
                        "type": "rich_text_section",
                        "elements": [
                            {
                                "type": "link",
                                "url": "https:\/\/chubachi-pt-2023.atlassian.net\/browse\/AT-539"
                            },
                            {
                                "type": "text",
                                "text": "　"
                            },
                            {
                                "type": "emoji",
                                "name": "done"
                            }
                        ]
                    }
                ]
            }
        ],
        "team": "T04TGFGMK7C",
        "user_team": "T04TGFGMK7C",
        "source_team": "T04TGFGMK7C",
        "user_profile": {
            "avatar_hash": "183a619e0408",
            "image_72": "https:\/\/avatars.slack-edge.com\/2023-03-11\/4958815898464_183a619e0408c53031fd_72.jpg",
            "first_name": "Hibiki",
            "real_name": "Hibiki Mizuno",
            "display_name": "Jabelic スクラムマスター",
            "team": "T04TGFGMK7C",
            "name": "a2239hm",
            "is_restricted": false,
            "is_ultra_restricted": false
        },
        "edited": {
            "user": "U04T9TDB58W",
            "ts": "1697247644.000000"
        },
        "attachments": [
            {
                "id": 1,
                "blocks": [
                    {
                        "type": "section",
                        "block_id": "uf:ih:10561::ae0f47506a3211ee9767f9a5f2388487",
                        "text": {
                            "type": "mrkdwn",
                            "text": "*<https:\/\/chubachi-pt-2023.atlassian.net\/browse\/AT-539?atlOrigin=eyJpIjoiMzRjMjBiMWJmYTZjNDE3YjgzZjkzMDJjYjdjNzBiY2YiLCJwIjoiamlyYS1zbGFjay1pbnQifQ|AT-539 border radiousが一部効かなくなっている>*",
                            "verbatim": false
                        }
                    },
                    {
                        "type": "context",
                        "block_id": "uf:cx:10561::ae0f47526a3211ee9767f9a5f2388487",
                        "elements": [
                            {
                                "type": "mrkdwn",
                                "text": "Status: *Done*",
                                "verbatim": false
                            },
                            {
                                "type": "image",
                                "image_url": "https:\/\/product-integrations-cdn.atl-paas.net\/jira-issuetype\/bug.png",
                                "alt_text": "Bug"
                            },
                            {
                                "type": "mrkdwn",
                                "text": "Type: *Bug*",
                                "verbatim": false
                            },
                            {
                                "type": "image",
                                "image_url": "https:\/\/avatar-management--avatars.us-west-2.prod.public.atl-paas.net\/62d6d768657fc166e26036e9\/85cc1e3a-26ef-42d5-82ea-162c6ec56ac7\/48?d=https%3A%2F%2Fproduct-integrations-cdn.atl-paas.net%2Ficons%2Funknown-user.png",
                                "alt_text": "HibikiMizuno"
                            },
                            {
                                "type": "mrkdwn",
                                "text": "Assignee: *HibikiMizuno*",
                                "verbatim": false
                            },
                            {
                                "type": "image",
                                "image_url": "https:\/\/product-integrations-cdn.atl-paas.net\/jira-priority\/medium.png",
                                "alt_text": "Medium"
                            },
                            {
                                "type": "mrkdwn",
                                "text": "Priority: *Medium*",
                                "verbatim": false
                            }
                        ]
                    },
                    {
                        "type": "actions",
                        "block_id": "uf:issueFooterActions:10561::ae0f47516a3211ee9767f9a5f2388487",
                        "elements": [
                            {
                                "type": "button",
                                "action_id": "{\"issueId\":\"10561\",\"instanceId\":\"5c23e16f-eefd-3c64-9603-064f32c410c0\",\"projectId\":\"10002\",\"action\":\"watch\",\"nType\":\"ISSUE_UNFURL\",\"nPlace\":\"main\"}",
                                "text": {
                                    "type": "plain_text",
                                    "text": "Watch",
                                    "emoji": true
                                },
                                "value": "watch"
                            },
                            {
                                "type": "static_select",
                                "action_id": "{\"issueId\":\"10561\",\"instanceId\":\"5c23e16f-eefd-3c64-9603-064f32c410c0\",\"projectId\":\"10002\",\"nType\":\"ISSUE_UNFURL\",\"nPlace\":\"menu\"}",
                                "placeholder": {
                                    "type": "plain_text",
                                    "text": "More actions...",
                                    "emoji": true
                                },
                                "options": [
                                    {
                                        "text": {
                                            "type": "plain_text",
                                            "text": "Comment",
                                            "emoji": true
                                        },
                                        "value": "comment"
                                    },
                                    {
                                        "text": {
                                            "type": "plain_text",
                                            "text": "Assign",
                                            "emoji": true
                                        },
                                        "value": "assign"
                                    },
                                    {
                                        "text": {
                                            "type": "plain_text",
                                            "text": "Transition",
                                            "emoji": true
                                        },
                                        "value": "transition"
                                    },
                                    {
                                        "text": {
                                            "type": "plain_text",
                                            "text": "Why am I seeing this?",
                                            "emoji": true
                                        },
                                        "value": "why"
                                    },
                                    {
                                        "text": {
                                            "type": "plain_text",
                                            "text": "Receive updates in channel",
                                            "emoji": true
                                        },
                                        "value": "connect"
                                    }
                                ]
                            }
                        ]
                    }
                ],
                "color": "#2684FF",
                "fallback": "[no preview available]",
                "bot_id": "B054V2LRMFX",
                "app_unfurl_url": "https:\/\/chubachi-pt-2023.atlassian.net\/browse\/AT-539",
                "is_app_unfurl": true,
                "app_id": "A2RPP3NFR"
            }
        ]
    },
    {
        "client_msg_id": "5efbe1af-381f-4a47-8a81-8419458df958",
        "type": "message",
        "text": "`@storybook\/addon-actions` 入れたいな",
        "user": "U04T9TDB58W",
        "ts": "1697248114.807279",
        "blocks": [
            {
                "type": "rich_text",
                "block_id": "19Sjr",
                "elements": [
                    {
                        "type": "rich_text_section",
                        "elements": [
                            {
                                "type": "text",
                                "text": "@storybook\/addon-actions",
                                "style": {
                                    "code": true
                                }
                            },
                            {
                                "type": "text",
                                "text": " 入れたいな"
                            }
                        ]
                    }
                ]
            }
        ],
        "team": "T04TGFGMK7C",
        "user_team": "T04TGFGMK7C",
        "source_team": "T04TGFGMK7C",
        "user_profile": {
            "avatar_hash": "183a619e0408",
            "image_72": "https:\/\/avatars.slack-edge.com\/2023-03-11\/4958815898464_183a619e0408c53031fd_72.jpg",
            "first_name": "Hibiki",
            "real_name": "Hibiki Mizuno",
            "display_name": "Jabelic スクラムマスター",
            "team": "T04TGFGMK7C",
            "name": "a2239hm",
            "is_restricted": false,
            "is_ultra_restricted": false
        }
    },
    {
        "client_msg_id": "35335594-c676-498d-bc95-dfe14bf4aedb",
        "type": "message",
        "text": "brand color以外にもgrayの定義とかしたいな <https:\/\/chubachi-pt-2023.slack.com\/archives\/C053FF1M4AY\/p1696999016075689>",
        "user": "U04T9TDB58W",
        "ts": "1697248231.368269",
        "blocks": [
            {
                "type": "rich_text",
                "block_id": "KoZL3",
                "elements": [
                    {
                        "type": "rich_text_section",
                        "elements": [
                            {
                                "type": "text",
                                "text": "brand color以外にもgrayの定義とかしたいな "
                            },
                            {
                                "type": "link",
                                "url": "https:\/\/chubachi-pt-2023.slack.com\/archives\/C053FF1M4AY\/p1696999016075689"
                            }
                        ]
                    }
                ]
            }
        ],
        "team": "T04TGFGMK7C",
        "user_team": "T04TGFGMK7C",
        "source_team": "T04TGFGMK7C",
        "user_profile": {
            "avatar_hash": "183a619e0408",
            "image_72": "https:\/\/avatars.slack-edge.com\/2023-03-11\/4958815898464_183a619e0408c53031fd_72.jpg",
            "first_name": "Hibiki",
            "real_name": "Hibiki Mizuno",
            "display_name": "Jabelic スクラムマスター",
            "team": "T04TGFGMK7C",
            "name": "a2239hm",
            "is_restricted": false,
            "is_ultra_restricted": false
        },
        "attachments": [
            {
                "from_url": "https:\/\/chubachi-pt-2023.slack.com\/archives\/C053FF1M4AY\/p1696999016075689",
                "ts": "1696999016.075689",
                "author_id": "U04T9TDB58W",
                "channel_id": "C053FF1M4AY",
                "channel_team": "T04TGFGMK7C",
                "is_msg_unfurl": true,
                "message_blocks": [
                    {
                        "team": "T04TGFGMK7C",
                        "channel": "C053FF1M4AY",
                        "ts": "1696999016.075689",
                        "message": {
                            "blocks": [
                                {
                                    "type": "rich_text",
                                    "block_id": "5AL5R",
                                    "elements": [
                                        {
                                            "type": "rich_text_section",
                                            "elements": [
                                                {
                                                    "type": "text",
                                                    "text": "色はこれを(使うものだけ)再定義するのがいいかも. greyだけでもいいかも\n"
                                                },
                                                {
                                                    "type": "link",
                                                    "url": "https:\/\/vuetifyjs.com\/en\/styles\/colors\/#material-colors"
                                                }
                                            ]
                                        }
                                    ]
                                }
                            ]
                        }
                    }
                ],
                "id": 1,
                "original_url": "https:\/\/chubachi-pt-2023.slack.com\/archives\/C053FF1M4AY\/p1696999016075689",
                "fallback": "[October 10th, 2023 9:36 PM] a2239hm: 色はこれを(使うものだけ)再定義するのがいいかも. greyだけでもいいかも\n<https:\/\/vuetifyjs.com\/en\/styles\/colors\/#material-colors>",
                "text": "色はこれを(使うものだけ)再定義するのがいいかも. greyだけでもいいかも\n<https:\/\/vuetifyjs.com\/en\/styles\/colors\/#material-colors>",
                "author_name": "Hibiki Mizuno",
                "author_link": "https:\/\/chubachi-pt-2023.slack.com\/team\/U04T9TDB58W",
                "author_icon": "https:\/\/avatars.slack-edge.com\/2023-03-11\/4958815898464_183a619e0408c53031fd_48.jpg",
                "author_subname": "Hibiki Mizuno",
                "mrkdwn_in": [
                    "text"
                ],
                "footer": "Slack の会話"
            }
        ]
    },
    {
        "client_msg_id": "cbf3c183-307e-40d9-bfae-5e8d8a1b981d",
        "type": "message",
        "text": "これはバトンタッチした",
        "user": "U04T9TDB58W",
        "ts": "1697249053.019589",
        "blocks": [
            {
                "type": "rich_text",
                "block_id": "B\/YCm",
                "elements": [
                    {
                        "type": "rich_text_section",
                        "elements": [
                            {
                                "type": "text",
                                "text": "これはバトンタッチした"
                            }
                        ]
                    }
                ]
            }
        ],
        "team": "T04TGFGMK7C",
        "user_team": "T04TGFGMK7C",
        "source_team": "T04TGFGMK7C",
        "user_profile": {
            "avatar_hash": "183a619e0408",
            "image_72": "https:\/\/avatars.slack-edge.com\/2023-03-11\/4958815898464_183a619e0408c53031fd_72.jpg",
            "first_name": "Hibiki",
            "real_name": "Hibiki Mizuno",
            "display_name": "Jabelic スクラムマスター",
            "team": "T04TGFGMK7C",
            "name": "a2239hm",
            "is_restricted": false,
            "is_ultra_restricted": false
        },
        "thread_ts": "1697128508.555469",
        "parent_user_id": "U04T9TDB58W"
    },
    {
        "client_msg_id": "ce84ee0d-82a8-4855-94c8-ad67f0aa7de8",
        "type": "message",
        "text": "<https:\/\/chubachi-pt-2023.slack.com\/archives\/C053FF1M4AY\/p1697164392002799>",
        "user": "U04T9TDB58W",
        "ts": "1697249110.428409",
        "blocks": [
            {
                "type": "rich_text",
                "block_id": "PJGe+",
                "elements": [
                    {
                        "type": "rich_text_section",
                        "elements": [
                            {
                                "type": "link",
                                "url": "https:\/\/chubachi-pt-2023.slack.com\/archives\/C053FF1M4AY\/p1697164392002799"
                            }
                        ]
                    }
                ]
            }
        ],
        "team": "T04TGFGMK7C",
        "user_team": "T04TGFGMK7C",
        "source_team": "T04TGFGMK7C",
        "user_profile": {
            "avatar_hash": "183a619e0408",
            "image_72": "https:\/\/avatars.slack-edge.com\/2023-03-11\/4958815898464_183a619e0408c53031fd_72.jpg",
            "first_name": "Hibiki",
            "real_name": "Hibiki Mizuno",
            "display_name": "Jabelic スクラムマスター",
            "team": "T04TGFGMK7C",
            "name": "a2239hm",
            "is_restricted": false,
            "is_ultra_restricted": false
        },
        "attachments": [
            {
                "from_url": "https:\/\/chubachi-pt-2023.slack.com\/archives\/C053FF1M4AY\/p1697164392002799",
                "ts": "1697164392.002799",
                "author_id": "U04T9TDB58W",
                "channel_id": "C053FF1M4AY",
                "channel_team": "T04TGFGMK7C",
                "is_msg_unfurl": true,
                "message_blocks": [
                    {
                        "team": "T04TGFGMK7C",
                        "channel": "C053FF1M4AY",
                        "ts": "1697164392.002799",
                        "message": {
                            "blocks": [
                                {
                                    "type": "rich_text",
                                    "block_id": "6TGrW",
                                    "elements": [
                                        {
                                            "type": "rich_text_section",
                                            "elements": [
                                                {
                                                    "type": "text",
                                                    "text": "TODO: 外部設計変更(bearer token)"
                                                }
                                            ]
                                        }
                                    ]
                                }
                            ]
                        }
                    }
                ],
                "id": 1,
                "original_url": "https:\/\/chubachi-pt-2023.slack.com\/archives\/C053FF1M4AY\/p1697164392002799",
                "fallback": "[October 12th, 2023 7:33 PM] a2239hm: TODO: 外部設計変更(bearer token)",
                "text": "TODO: 外部設計変更(bearer token)",
                "author_name": "Hibiki Mizuno",
                "author_link": "https:\/\/chubachi-pt-2023.slack.com\/team\/U04T9TDB58W",
                "author_icon": "https:\/\/avatars.slack-edge.com\/2023-03-11\/4958815898464_183a619e0408c53031fd_48.jpg",
                "author_subname": "Hibiki Mizuno",
                "mrkdwn_in": [
                    "text"
                ],
                "footer": "Slack の会話"
            }
        ]
    },
    {
        "client_msg_id": "e7306817-5215-4f7e-bf4a-7c69fa99be3f",
        "type": "message",
        "text": "メシ",
        "user": "U04T9TDB58W",
        "ts": "1697257780.652499",
        "blocks": [
            {
                "type": "rich_text",
                "block_id": "pu7Bo",
                "elements": [
                    {
                        "type": "rich_text_section",
                        "elements": [
                            {
                                "type": "text",
                                "text": "メシ"
                            }
                        ]
                    }
                ]
            }
        ],
        "team": "T04TGFGMK7C",
        "user_team": "T04TGFGMK7C",
        "source_team": "T04TGFGMK7C",
        "user_profile": {
            "avatar_hash": "183a619e0408",
            "image_72": "https:\/\/avatars.slack-edge.com\/2023-03-11\/4958815898464_183a619e0408c53031fd_72.jpg",
            "first_name": "Hibiki",
            "real_name": "Hibiki Mizuno",
            "display_name": "Jabelic スクラムマスター",
            "team": "T04TGFGMK7C",
            "name": "a2239hm",
            "is_restricted": false,
            "is_ultra_restricted": false
        },
        "reactions": [
            {
                "name": "done",
                "users": [
                    "U04T9TDB58W"
                ],
                "count": 1
            }
        ]
    }
]