[
    {
        "client_msg_id": "948f7e37-d04b-4c45-8f12-01e5c9560f40",
        "type": "message",
        "text": "TOOD: <https:\/\/github.com\/chubachi-pt-2023\/atomono-front\/pull\/52>",
        "user": "U04T9TDB58W",
        "ts": "1697128480.711619",
        "blocks": [
            {
                "type": "rich_text",
                "block_id": "ldime",
                "elements": [
                    {
                        "type": "rich_text_section",
                        "elements": [
                            {
                                "type": "text",
                                "text": "TOOD: "
                            },
                            {
                                "type": "link",
                                "url": "https:\/\/github.com\/chubachi-pt-2023\/atomono-front\/pull\/52"
                            }
                        ]
                    }
                ]
            }
        ],
        "team": "T04TGFGMK7C",
        "user_team": "T04TGFGMK7C",
        "source_team": "T04TGFGMK7C",
        "user_profile": {
            "avatar_hash": "183a619e0408",
            "image_72": "https:\/\/avatars.slack-edge.com\/2023-03-11\/4958815898464_183a619e0408c53031fd_72.jpg",
            "first_name": "Hibiki",
            "real_name": "Hibiki Mizuno",
            "display_name": "Jabelic スクラムマスター",
            "team": "T04TGFGMK7C",
            "name": "a2239hm",
            "is_restricted": false,
            "is_ultra_restricted": false
        },
        "reactions": [
            {
                "name": "done",
                "users": [
                    "U04T9TDB58W"
                ],
                "count": 1
            }
        ]
    },
    {
        "client_msg_id": "e8eb5c27-a6d9-4fdf-a5b5-f14f61639c3a",
        "type": "message",
        "text": "TODO: <https:\/\/chubachi-pt-2023.slack.com\/archives\/C053FF1M4AY\/p1697041539131599>",
        "user": "U04T9TDB58W",
        "ts": "1697128508.555469",
        "blocks": [
            {
                "type": "rich_text",
                "block_id": "0oM+J",
                "elements": [
                    {
                        "type": "rich_text_section",
                        "elements": [
                            {
                                "type": "text",
                                "text": "TODO: "
                            },
                            {
                                "type": "link",
                                "url": "https:\/\/chubachi-pt-2023.slack.com\/archives\/C053FF1M4AY\/p1697041539131599"
                            }
                        ]
                    }
                ]
            }
        ],
        "team": "T04TGFGMK7C",
        "user_team": "T04TGFGMK7C",
        "source_team": "T04TGFGMK7C",
        "user_profile": {
            "avatar_hash": "183a619e0408",
            "image_72": "https:\/\/avatars.slack-edge.com\/2023-03-11\/4958815898464_183a619e0408c53031fd_72.jpg",
            "first_name": "Hibiki",
            "real_name": "Hibiki Mizuno",
            "display_name": "Jabelic スクラムマスター",
            "team": "T04TGFGMK7C",
            "name": "a2239hm",
            "is_restricted": false,
            "is_ultra_restricted": false
        },
        "attachments": [
            {
                "from_url": "https:\/\/chubachi-pt-2023.slack.com\/archives\/C053FF1M4AY\/p1697041539131599",
                "ts": "1697041539.131599",
                "author_id": "U04T9TDB58W",
                "channel_id": "C053FF1M4AY",
                "channel_team": "T04TGFGMK7C",
                "is_msg_unfurl": true,
                "message_blocks": [
                    {
                        "team": "T04TGFGMK7C",
                        "channel": "C053FF1M4AY",
                        "ts": "1697041539.131599",
                        "message": {
                            "blocks": [
                                {
                                    "type": "rich_text",
                                    "block_id": "9ACGX",
                                    "elements": [
                                        {
                                            "type": "rich_text_section",
                                            "elements": [
                                                {
                                                    "type": "text",
                                                    "text": "これ明日に後回し  "
                                                },
                                                {
                                                    "type": "link",
                                                    "url": "https:\/\/chubachi-pt-2023.slack.com\/archives\/C053FF1M4AY\/p1697027344717829"
                                                }
                                            ]
                                        }
                                    ]
                                }
                            ]
                        }
                    }
                ],
                "id": 1,
                "original_url": "https:\/\/chubachi-pt-2023.slack.com\/archives\/C053FF1M4AY\/p1697041539131599",
                "fallback": "[October 11th, 2023 9:25 AM] a2239hm: これ明日に後回し  <https:\/\/chubachi-pt-2023.slack.com\/archives\/C053FF1M4AY\/p1697027344717829>",
                "text": "これ明日に後回し  <https:\/\/chubachi-pt-2023.slack.com\/archives\/C053FF1M4AY\/p1697027344717829>",
                "author_name": "Hibiki Mizuno",
                "author_link": "https:\/\/chubachi-pt-2023.slack.com\/team\/U04T9TDB58W",
                "author_icon": "https:\/\/avatars.slack-edge.com\/2023-03-11\/4958815898464_183a619e0408c53031fd_48.jpg",
                "author_subname": "Hibiki Mizuno",
                "mrkdwn_in": [
                    "text"
                ],
                "footer": "Slack の会話"
            }
        ],
        "thread_ts": "1697128508.555469",
        "reply_count": 1,
        "reply_users_count": 1,
        "latest_reply": "1697249053.019589",
        "reply_users": [
            "U04T9TDB58W"
        ],
        "replies": [
            {
                "user": "U04T9TDB58W",
                "ts": "1697249053.019589"
            }
        ],
        "is_locked": false,
        "subscribed": false,
        "reactions": [
            {
                "name": "passenger_ship",
                "users": [
                    "U04T9TDB58W"
                ],
                "count": 1
            },
            {
                "name": "dusty_stick",
                "users": [
                    "U04T9TDB58W"
                ],
                "count": 1
            }
        ]
    },
    {
        "client_msg_id": "0d88d9bb-05ee-4d3b-ac25-ad754909f046",
        "type": "message",
        "text": "TODO: 外部設計変更(bearer token)",
        "user": "U04T9TDB58W",
        "ts": "1697164392.002799",
        "blocks": [
            {
                "type": "rich_text",
                "block_id": "6TGrW",
                "elements": [
                    {
                        "type": "rich_text_section",
                        "elements": [
                            {
                                "type": "text",
                                "text": "TODO: 外部設計変更(bearer token)"
                            }
                        ]
                    }
                ]
            }
        ],
        "team": "T04TGFGMK7C",
        "user_team": "T04TGFGMK7C",
        "source_team": "T04TGFGMK7C",
        "user_profile": {
            "avatar_hash": "183a619e0408",
            "image_72": "https:\/\/avatars.slack-edge.com\/2023-03-11\/4958815898464_183a619e0408c53031fd_72.jpg",
            "first_name": "Hibiki",
            "real_name": "Hibiki Mizuno",
            "display_name": "Jabelic スクラムマスター",
            "team": "T04TGFGMK7C",
            "name": "a2239hm",
            "is_restricted": false,
            "is_ultra_restricted": false
        }
    }
]