[
    {
        "client_msg_id": "c3db221c-8435-4096-81e5-f22a2003cb2e",
        "type": "message",
        "text": "自分の環境だけかもしれませんが、Figmaのpresentation modeで次のスライドへ進むことができない:thinking_face:\nこれ全部試したが…\n\n<https:\/\/help.figma.com\/hc\/en-us\/articles\/360040318013-Play-your-prototypes>\n```When playing your prototype, you can press →, Space, or N to navigate to the next frame, and ← to navigate to the previous frame. This setting is enabled by default.```",
        "user": "U04U66DSPEU",
        "ts": "1690865330.327229",
        "blocks": [
            {
                "type": "rich_text",
                "block_id": "dakZ",
                "elements": [
                    {
                        "type": "rich_text_section",
                        "elements": [
                            {
                                "type": "text",
                                "text": "自分の環境だけかもしれませんが、Figmaのpresentation modeで次のスライドへ進むことができない"
                            },
                            {
                                "type": "emoji",
                                "name": "thinking_face",
                                "unicode": "1f914"
                            },
                            {
                                "type": "text",
                                "text": "\nこれ全部試したが…\n\n"
                            },
                            {
                                "type": "link",
                                "url": "https:\/\/help.figma.com\/hc\/en-us\/articles\/360040318013-Play-your-prototypes"
                            },
                            {
                                "type": "text",
                                "text": "\n"
                            }
                        ]
                    },
                    {
                        "type": "rich_text_preformatted",
                        "elements": [
                            {
                                "type": "text",
                                "text": "When playing your prototype, you can press →, Space, or N to navigate to the next frame, and ← to navigate to the previous frame. This setting is enabled by default."
                            }
                        ],
                        "border": 0
                    }
                ]
            }
        ],
        "team": "T04TGFGMK7C",
        "user_team": "T04TGFGMK7C",
        "source_team": "T04TGFGMK7C",
        "user_profile": {
            "avatar_hash": "eded816e5002",
            "image_72": "https:\/\/avatars.slack-edge.com\/2023-04-25\/5164292307843_eded816e5002d89cd475_72.png",
            "first_name": "FABIAN",
            "real_name": "FABIAN M. FERNANDEZ",
            "display_name": "Fernandez",
            "team": "T04TGFGMK7C",
            "name": "a2237mf",
            "is_restricted": false,
            "is_ultra_restricted": false
        },
        "thread_ts": "1690865330.327229",
        "reply_count": 1,
        "reply_users_count": 1,
        "latest_reply": "1690865526.018169",
        "reply_users": [
            "U04U66DSPEU"
        ],
        "replies": [
            {
                "user": "U04U66DSPEU",
                "ts": "1690865526.018169"
            }
        ],
        "is_locked": false,
        "subscribed": false
    },
    {
        "client_msg_id": "aad3197b-d259-4167-aefd-1a67ce0db86d",
        "type": "message",
        "text": "Flowまだかも",
        "user": "U04U66DSPEU",
        "ts": "1690865526.018169",
        "blocks": [
            {
                "type": "rich_text",
                "block_id": "bkL\/h",
                "elements": [
                    {
                        "type": "rich_text_section",
                        "elements": [
                            {
                                "type": "text",
                                "text": "Flowまだかも"
                            }
                        ]
                    }
                ]
            }
        ],
        "team": "T04TGFGMK7C",
        "user_team": "T04TGFGMK7C",
        "source_team": "T04TGFGMK7C",
        "user_profile": {
            "avatar_hash": "eded816e5002",
            "image_72": "https:\/\/avatars.slack-edge.com\/2023-04-25\/5164292307843_eded816e5002d89cd475_72.png",
            "first_name": "FABIAN",
            "real_name": "FABIAN M. FERNANDEZ",
            "display_name": "Fernandez",
            "team": "T04TGFGMK7C",
            "name": "a2237mf",
            "is_restricted": false,
            "is_ultra_restricted": false
        },
        "thread_ts": "1690865330.327229",
        "parent_user_id": "U04U66DSPEU"
    }
]