[
    {
        "type": "message",
        "subtype": "reminder_add",
        "text": "  毎日 9:00 , 日本標準時 にこのチャンネルでこれをリマインドするよう設定しました : “今週のスプリントゴールは「所持品リストのページを作って所持品を表示する」ことです。今日やることを記載してください。” ",
        "user": "U04TV4NASPK",
        "ts": "1697033754.334649"
    },
    {
        "client_msg_id": "cac23cc1-4bda-4aab-8cb7-e1169e2736ab",
        "type": "message",
        "text": "ユーザの所持品リストに商品を追加するAPIを作成",
        "user": "U04TGBZ4XEX",
        "ts": "1697042072.043979",
        "blocks": [
            {
                "type": "rich_text",
                "block_id": "mC0if",
                "elements": [
                    {
                        "type": "rich_text_section",
                        "elements": [
                            {
                                "type": "text",
                                "text": "ユーザの所持品リストに商品を追加するAPIを作成"
                            }
                        ]
                    }
                ]
            }
        ],
        "team": "T04TGFGMK7C",
        "user_team": "T04TGFGMK7C",
        "source_team": "T04TGFGMK7C",
        "user_profile": {
            "avatar_hash": "824241a82bdf",
            "image_72": "https:\/\/avatars.slack-edge.com\/2023-05-03\/5205694948836_824241a82bdf37206daa_72.jpg",
            "first_name": "satoshi.​hirata",
            "real_name": "satoshi.​hirata",
            "display_name": "satoshi.hirata",
            "team": "T04TGFGMK7C",
            "name": "a2236sh",
            "is_restricted": false,
            "is_ultra_restricted": false
        },
        "thread_ts": "1696982425.814209",
        "parent_user_id": "USLACKBOT"
    },
    {
        "bot_id": "B01",
        "type": "message",
        "text": "リマインダー : 今週のスプリントゴールは「所持品リストのページを作って所持品を表示する」ことです。今日やることを記載してください。",
        "user": "USLACKBOT",
        "ts": "1697068803.845989",
        "blocks": [
            {
                "type": "rich_text",
                "block_id": "7B54",
                "elements": [
                    {
                        "type": "rich_text_section",
                        "elements": [
                            {
                                "type": "text",
                                "text": "リマインダー : 今週のスプリントゴールは「所持品リストのページを作って所持品を表示する」ことです。今日やることを記載してください。"
                            }
                        ]
                    }
                ]
            }
        ],
        "team": "T04TGFGMK7C",
        "thread_ts": "1697068803.845989",
        "reply_count": 4,
        "reply_users_count": 4,
        "latest_reply": "1697156588.515529",
        "reply_users": [
            "U04T201950F",
            "U04TV4NASPK",
            "U04T9TDB58W",
            "U04U66DNCRE"
        ],
        "replies": [
            {
                "user": "U04T201950F",
                "ts": "1697075185.953509"
            },
            {
                "user": "U04TV4NASPK",
                "ts": "1697082385.460679"
            },
            {
                "user": "U04T9TDB58W",
                "ts": "1697123203.166319"
            },
            {
                "user": "U04U66DNCRE",
                "ts": "1697156588.515529"
            }
        ],
        "is_locked": false,
        "subscribed": false
    },
    {
        "client_msg_id": "64677faf-5c9b-4da2-b420-0d8714ba0015",
        "type": "message",
        "text": "レビュー対応（朝）",
        "user": "U04T201950F",
        "ts": "1697075185.953509",
        "blocks": [
            {
                "type": "rich_text",
                "block_id": "hCept",
                "elements": [
                    {
                        "type": "rich_text_section",
                        "elements": [
                            {
                                "type": "text",
                                "text": "レビュー対応（朝）"
                            }
                        ]
                    }
                ]
            }
        ],
        "team": "T04TGFGMK7C",
        "user_team": "T04TGFGMK7C",
        "source_team": "T04TGFGMK7C",
        "user_profile": {
            "avatar_hash": "37195c285ebd",
            "image_72": "https:\/\/avatars.slack-edge.com\/2023-04-26\/5193192270752_37195c285ebdc8d65709_72.jpg",
            "first_name": "Dai",
            "real_name": "Dai Miyahara",
            "display_name": "Dai Miyahara",
            "team": "T04TGFGMK7C",
            "name": "a2240dm",
            "is_restricted": false,
            "is_ultra_restricted": false
        },
        "thread_ts": "1697068803.845989",
        "parent_user_id": "USLACKBOT"
    },
    {
        "client_msg_id": "1e4e959d-8beb-4c60-996a-d67309a97722",
        "type": "message",
        "text": "レビュー対応、モーダル周り 夜",
        "user": "U04TV4NASPK",
        "ts": "1697082385.460679",
        "blocks": [
            {
                "type": "rich_text",
                "block_id": "0TekN",
                "elements": [
                    {
                        "type": "rich_text_section",
                        "elements": [
                            {
                                "type": "text",
                                "text": "レビュー対応、モーダル周り 夜"
                            }
                        ]
                    }
                ]
            }
        ],
        "team": "T04TGFGMK7C",
        "user_team": "T04TGFGMK7C",
        "source_team": "T04TGFGMK7C",
        "user_profile": {
            "avatar_hash": "342942264635",
            "image_72": "https:\/\/avatars.slack-edge.com\/2023-03-11\/4927985433382_34294226463524804a2d_72.jpg",
            "first_name": "Nakayama",
            "real_name": "Nakayama Kenta",
            "display_name": "Nakayama",
            "team": "T04TGFGMK7C",
            "name": "a2231kn",
            "is_restricted": false,
            "is_ultra_restricted": false
        },
        "thread_ts": "1697068803.845989",
        "parent_user_id": "USLACKBOT"
    }
]