[
    {
        "client_msg_id": "5c688db0-e8d0-4710-9d96-ba3513031955",
        "type": "message",
        "text": "登録ボタンの実装（昨日作業できなかったので今日作業してます）",
        "user": "U04TDHFKJ85",
        "ts": "1696924389.822819",
        "blocks": [
            {
                "type": "rich_text",
                "block_id": "zGJ66",
                "elements": [
                    {
                        "type": "rich_text_section",
                        "elements": [
                            {
                                "type": "text",
                                "text": "登録ボタンの実装（昨日作業できなかったので今日作業してます）"
                            }
                        ]
                    }
                ]
            }
        ],
        "team": "T04TGFGMK7C",
        "user_team": "T04TGFGMK7C",
        "source_team": "T04TGFGMK7C",
        "user_profile": {
            "avatar_hash": "4f9ceaf45fef",
            "image_72": "https:\/\/avatars.slack-edge.com\/2023-04-25\/5158348926726_4f9ceaf45fefba755a9b_72.jpg",
            "first_name": "鈴木真希",
            "real_name": "鈴木真希",
            "display_name": "",
            "team": "T04TGFGMK7C",
            "name": "a2216ms",
            "is_restricted": false,
            "is_ultra_restricted": false
        },
        "thread_ts": "1696896008.427129",
        "parent_user_id": "USLACKBOT"
    },
    {
        "bot_id": "B01",
        "type": "message",
        "text": "リマインダー : 今週のスプリントゴールは「所持品リスト作成してUIコンポーネントが完成している」こと、「プロジェクト計画書の作成」です。今日やることを記載してください。",
        "user": "USLACKBOT",
        "ts": "1696982425.814209",
        "blocks": [
            {
                "type": "rich_text",
                "block_id": "Afho0",
                "elements": [
                    {
                        "type": "rich_text_section",
                        "elements": [
                            {
                                "type": "text",
                                "text": "リマインダー : 今週のスプリントゴールは「所持品リスト作成してUIコンポーネントが完成している」こと、「プロジェクト計画書の作成」です。今日やることを記載してください。"
                            }
                        ]
                    }
                ]
            }
        ],
        "team": "T04TGFGMK7C",
        "thread_ts": "1696982425.814209",
        "reply_count": 4,
        "reply_users_count": 4,
        "latest_reply": "1697042072.043979",
        "reply_users": [
            "U04TDHFKJ85",
            "U04T201950F",
            "U04TV4NASPK",
            "U04TGBZ4XEX"
        ],
        "replies": [
            {
                "user": "U04TDHFKJ85",
                "ts": "1696983892.589959"
            },
            {
                "user": "U04T201950F",
                "ts": "1696983989.823549"
            },
            {
                "user": "U04TV4NASPK",
                "ts": "1697005587.068309"
            },
            {
                "user": "U04TGBZ4XEX",
                "ts": "1697042072.043979"
            }
        ],
        "is_locked": false,
        "subscribed": false
    },
    {
        "client_msg_id": "5bfbd300-d01b-4f7c-bdf2-18786b1ef528",
        "type": "message",
        "text": "登録ボタンのgit pushの作業＆プロジェクト計画書提出＆週報",
        "user": "U04TDHFKJ85",
        "ts": "1696983892.589959",
        "blocks": [
            {
                "type": "rich_text",
                "block_id": "6K6O0",
                "elements": [
                    {
                        "type": "rich_text_section",
                        "elements": [
                            {
                                "type": "text",
                                "text": "登録ボタンのgit pushの作業＆プロジェクト計画書提出＆週報"
                            }
                        ]
                    }
                ]
            }
        ],
        "team": "T04TGFGMK7C",
        "user_team": "T04TGFGMK7C",
        "source_team": "T04TGFGMK7C",
        "user_profile": {
            "avatar_hash": "4f9ceaf45fef",
            "image_72": "https:\/\/avatars.slack-edge.com\/2023-04-25\/5158348926726_4f9ceaf45fefba755a9b_72.jpg",
            "first_name": "鈴木真希",
            "real_name": "鈴木真希",
            "display_name": "",
            "team": "T04TGFGMK7C",
            "name": "a2216ms",
            "is_restricted": false,
            "is_ultra_restricted": false
        },
        "thread_ts": "1696982425.814209",
        "parent_user_id": "USLACKBOT"
    },
    {
        "client_msg_id": "55209a0f-3e04-4752-a2b8-974e32dda8a3",
        "type": "message",
        "text": "レビュー対応（朝）\nレビュー対応（昼）",
        "user": "U04T201950F",
        "ts": "1696983989.823549",
        "blocks": [
            {
                "type": "rich_text",
                "block_id": "xQBQy",
                "elements": [
                    {
                        "type": "rich_text_section",
                        "elements": [
                            {
                                "type": "text",
                                "text": "レビュー対応（朝）\nレビュー対応（昼）"
                            }
                        ]
                    }
                ]
            }
        ],
        "team": "T04TGFGMK7C",
        "user_team": "T04TGFGMK7C",
        "source_team": "T04TGFGMK7C",
        "user_profile": {
            "avatar_hash": "37195c285ebd",
            "image_72": "https:\/\/avatars.slack-edge.com\/2023-04-26\/5193192270752_37195c285ebdc8d65709_72.jpg",
            "first_name": "Dai",
            "real_name": "Dai Miyahara",
            "display_name": "Dai Miyahara",
            "team": "T04TGFGMK7C",
            "name": "a2240dm",
            "is_restricted": false,
            "is_ultra_restricted": false
        },
        "edited": {
            "user": "U04T201950F",
            "ts": "1697001134.000000"
        },
        "thread_ts": "1696982425.814209",
        "parent_user_id": "USLACKBOT"
    },
    {
        "client_msg_id": "27d5017c-b1a4-48e3-b7fb-341ab07fd3f6",
        "type": "message",
        "text": "Reactモーダル作成 夜",
        "user": "U04TV4NASPK",
        "ts": "1697005587.068309",
        "blocks": [
            {
                "type": "rich_text",
                "block_id": "BtJgz",
                "elements": [
                    {
                        "type": "rich_text_section",
                        "elements": [
                            {
                                "type": "text",
                                "text": "Reactモーダル作成 夜"
                            }
                        ]
                    }
                ]
            }
        ],
        "team": "T04TGFGMK7C",
        "user_team": "T04TGFGMK7C",
        "source_team": "T04TGFGMK7C",
        "user_profile": {
            "avatar_hash": "342942264635",
            "image_72": "https:\/\/avatars.slack-edge.com\/2023-03-11\/4927985433382_34294226463524804a2d_72.jpg",
            "first_name": "Nakayama",
            "real_name": "Nakayama Kenta",
            "display_name": "Nakayama",
            "team": "T04TGFGMK7C",
            "name": "a2231kn",
            "is_restricted": false,
            "is_ultra_restricted": false
        },
        "thread_ts": "1696982425.814209",
        "parent_user_id": "USLACKBOT"
    }
]