[
    {
        "bot_id": "B01",
        "type": "message",
        "text": "リマインダー : 今週のスプリントゴールは「所持品リストのページを作って所持品を表示する」ことです。今日やることを記載してください。",
        "user": "USLACKBOT",
        "ts": "1697328015.232279",
        "blocks": [
            {
                "type": "rich_text",
                "block_id": "nYj",
                "elements": [
                    {
                        "type": "rich_text_section",
                        "elements": [
                            {
                                "type": "text",
                                "text": "リマインダー : 今週のスプリントゴールは「所持品リストのページを作って所持品を表示する」ことです。今日やることを記載してください。"
                            }
                        ]
                    }
                ]
            }
        ],
        "team": "T04TGFGMK7C",
        "thread_ts": "1697328015.232279",
        "reply_count": 2,
        "reply_users_count": 2,
        "latest_reply": "1697469392.966329",
        "reply_users": [
            "U04TV4NASPK",
            "U04T9TDB58W"
        ],
        "replies": [
            {
                "user": "U04TV4NASPK",
                "ts": "1697341814.501949"
            },
            {
                "user": "U04T9TDB58W",
                "ts": "1697469392.966329"
            }
        ],
        "is_locked": false,
        "subscribed": false
    },
    {
        "client_msg_id": "c22ca7e1-1c46-4c91-8068-83a2074fb11b",
        "type": "message",
        "text": "レスポンシブ対応",
        "user": "U04TV4NASPK",
        "ts": "1697341814.501949",
        "blocks": [
            {
                "type": "rich_text",
                "block_id": "5La61",
                "elements": [
                    {
                        "type": "rich_text_section",
                        "elements": [
                            {
                                "type": "text",
                                "text": "レスポンシブ対応"
                            }
                        ]
                    }
                ]
            }
        ],
        "team": "T04TGFGMK7C",
        "user_team": "T04TGFGMK7C",
        "source_team": "T04TGFGMK7C",
        "user_profile": {
            "avatar_hash": "342942264635",
            "image_72": "https:\/\/avatars.slack-edge.com\/2023-03-11\/4927985433382_34294226463524804a2d_72.jpg",
            "first_name": "Nakayama",
            "real_name": "Nakayama Kenta",
            "display_name": "Nakayama",
            "team": "T04TGFGMK7C",
            "name": "a2231kn",
            "is_restricted": false,
            "is_ultra_restricted": false
        },
        "thread_ts": "1697328015.232279",
        "parent_user_id": "USLACKBOT"
    }
]