[
    {
        "type": "message",
        "subtype": "bot_message",
        "text": "<https:\/\/status.slack.com\/\/2023-10\/2ef86432e31615ea|Incident: A small number of users are having problems loading Slack.>\nA small number of users on desktop &amp; web browsers are experiencing issues loading Slack. We’re actively investigating the issue and will report back as soon as we have more information to share. We apologise for the inconvenience.",
        "ts": "1698133842.002629",
        "username": "Slack System Status",
        "icons": {
            "image_36": "https:\/\/a.slack-edge.com\/80588\/img\/services\/rss_36.png",
            "image_48": "https:\/\/a.slack-edge.com\/80588\/img\/services\/rss_48.png",
            "image_72": "https:\/\/a.slack-edge.com\/80588\/img\/services\/rss_72.png"
        },
        "bot_id": "B05KN076YF9",
        "blocks": [
            {
                "type": "rich_text",
                "block_id": "ST3Lc",
                "elements": [
                    {
                        "type": "rich_text_section",
                        "elements": [
                            {
                                "type": "link",
                                "url": "https:\/\/status.slack.com\/\/2023-10\/2ef86432e31615ea",
                                "text": "Incident: A small number of users are having problems loading Slack."
                            },
                            {
                                "type": "text",
                                "text": "\nA small number of users on desktop & web browsers are experiencing issues loading Slack. We’re actively investigating the issue and will report back as soon as we have more information to share. We apologise for the inconvenience."
                            }
                        ]
                    }
                ]
            }
        ],
        "attachments": [
            {
                "from_url": "https:\/\/status.slack.com\/\/2023-10\/2ef86432e31615ea",
                "thumb_url": "https:\/\/status.slack.com\/img\/v2_rebrand\/slack_hash_256.png",
                "thumb_width": 256,
                "thumb_height": 256,
                "service_icon": "https:\/\/status.slack.com\/favicon.ico",
                "id": 1,
                "original_url": "https:\/\/status.slack.com\/\/2023-10\/2ef86432e31615ea",
                "fallback": "Slack: Slack System Status",
                "text": "Resources for real-time and historical information about the Slack service.",
                "title": "Slack System Status",
                "title_link": "https:\/\/status.slack.com\/\/2023-10\/2ef86432e31615ea",
                "service_name": "Slack"
            }
        ],
        "edited": {
            "user": "B05KN076YF9",
            "ts": "1698133842.000000"
        }
    },
    {
        "type": "message",
        "subtype": "bot_message",
        "text": "<https:\/\/status.slack.com\/\/2023-10\/2ef86432e31615ea|Incident: A small number of users are having problems loading Slack.>\nOur investigation has revealed that this problem is affecting our fallback content delivery network. If you experience problems loading Slack, please try restarting your Slack app to restore functionality. We’ll let you know as soon as we have another update to share.",
        "ts": "1698135644.214149",
        "username": "Slack System Status",
        "icons": {
            "image_36": "https:\/\/a.slack-edge.com\/80588\/img\/services\/rss_36.png",
            "image_48": "https:\/\/a.slack-edge.com\/80588\/img\/services\/rss_48.png",
            "image_72": "https:\/\/a.slack-edge.com\/80588\/img\/services\/rss_72.png"
        },
        "bot_id": "B05KN076YF9",
        "blocks": [
            {
                "type": "rich_text",
                "block_id": "AND",
                "elements": [
                    {
                        "type": "rich_text_section",
                        "elements": [
                            {
                                "type": "link",
                                "url": "https:\/\/status.slack.com\/\/2023-10\/2ef86432e31615ea",
                                "text": "Incident: A small number of users are having problems loading Slack."
                            },
                            {
                                "type": "text",
                                "text": "\nOur investigation has revealed that this problem is affecting our fallback content delivery network. If you experience problems loading Slack, please try restarting your Slack app to restore functionality. We’ll let you know as soon as we have another update to share."
                            }
                        ]
                    }
                ]
            }
        ]
    },
    {
        "type": "message",
        "subtype": "bot_message",
        "text": "<https:\/\/status.slack.com\/\/2023-10\/2ef86432e31615ea|Incident: A small number of users are having problems loading Slack.>\nWhile we are working towards finding the cause of the issue, the problem with our fallback content delivery network appears to be affecting less than 1% of users. If you experience problems loading Slack, please restart your Slack app (ctrl\/cmd+shift+R) to restore functionality. We’ll let you know as soon as we have more to share.",
        "ts": "1698157242.865759",
        "username": "Slack System Status",
        "icons": {
            "image_36": "https:\/\/a.slack-edge.com\/80588\/img\/services\/rss_36.png",
            "image_48": "https:\/\/a.slack-edge.com\/80588\/img\/services\/rss_48.png",
            "image_72": "https:\/\/a.slack-edge.com\/80588\/img\/services\/rss_72.png"
        },
        "bot_id": "B05KN076YF9",
        "blocks": [
            {
                "type": "rich_text",
                "block_id": "NIl9",
                "elements": [
                    {
                        "type": "rich_text_section",
                        "elements": [
                            {
                                "type": "link",
                                "url": "https:\/\/status.slack.com\/\/2023-10\/2ef86432e31615ea",
                                "text": "Incident: A small number of users are having problems loading Slack."
                            },
                            {
                                "type": "text",
                                "text": "\nWhile we are working towards finding the cause of the issue, the problem with our fallback content delivery network appears to be affecting less than 1% of users. If you experience problems loading Slack, please restart your Slack app (ctrl\/cmd+shift+R) to restore functionality. We’ll let you know as soon as we have more to share."
                            }
                        ]
                    }
                ]
            }
        ],
        "attachments": [
            {
                "from_url": "https:\/\/status.slack.com\/\/2023-10\/2ef86432e31615ea",
                "thumb_url": "https:\/\/status.slack.com\/img\/v2_rebrand\/slack_hash_256.png",
                "thumb_width": 256,
                "thumb_height": 256,
                "service_icon": "https:\/\/status.slack.com\/favicon.ico",
                "id": 1,
                "original_url": "https:\/\/status.slack.com\/\/2023-10\/2ef86432e31615ea",
                "fallback": "Slack: Slack System Status",
                "text": "Resources for real-time and historical information about the Slack service.",
                "title": "Slack System Status",
                "title_link": "https:\/\/status.slack.com\/\/2023-10\/2ef86432e31615ea",
                "service_name": "Slack"
            }
        ],
        "edited": {
            "user": "B05KN076YF9",
            "ts": "1698157243.000000"
        }
    },
    {
        "type": "message",
        "subtype": "bot_message",
        "text": "<https:\/\/status.slack.com\/\/2023-10\/2ef86432e31615ea|Incident: A small number of users are having problems loading Slack.>\nCustomers should no longer be experiencing any connection issues with Slack. Apologies for the trouble today and thank you for your patience.",
        "ts": "1698182444.304689",
        "username": "Slack System Status",
        "icons": {
            "image_36": "https:\/\/a.slack-edge.com\/80588\/img\/services\/rss_36.png",
            "image_48": "https:\/\/a.slack-edge.com\/80588\/img\/services\/rss_48.png",
            "image_72": "https:\/\/a.slack-edge.com\/80588\/img\/services\/rss_72.png"
        },
        "bot_id": "B05KN076YF9",
        "blocks": [
            {
                "type": "rich_text",
                "block_id": "Ic7YI",
                "elements": [
                    {
                        "type": "rich_text_section",
                        "elements": [
                            {
                                "type": "link",
                                "url": "https:\/\/status.slack.com\/\/2023-10\/2ef86432e31615ea",
                                "text": "Incident: A small number of users are having problems loading Slack."
                            },
                            {
                                "type": "text",
                                "text": "\nCustomers should no longer be experiencing any connection issues with Slack. Apologies for the trouble today and thank you for your patience."
                            }
                        ]
                    }
                ]
            }
        ],
        "attachments": [
            {
                "from_url": "https:\/\/status.slack.com\/\/2023-10\/2ef86432e31615ea",
                "thumb_url": "https:\/\/status.slack.com\/img\/v2_rebrand\/slack_hash_256.png",
                "thumb_width": 256,
                "thumb_height": 256,
                "service_icon": "https:\/\/status.slack.com\/favicon.ico",
                "id": 1,
                "original_url": "https:\/\/status.slack.com\/\/2023-10\/2ef86432e31615ea",
                "fallback": "Slack: Slack System Status",
                "text": "Resources for real-time and historical information about the Slack service.",
                "title": "Slack System Status",
                "title_link": "https:\/\/status.slack.com\/\/2023-10\/2ef86432e31615ea",
                "service_name": "Slack"
            }
        ],
        "edited": {
            "user": "B05KN076YF9",
            "ts": "1698182444.000000"
        }
    }
]