[
    {
        "client_msg_id": "9b632a10-cce5-4391-9a87-c08fc6c17a26",
        "type": "message",
        "text": "2023\/10\/31(火)\nコアMTG 3h",
        "user": "U04TGBZ4XEX",
        "ts": "1698757180.256559",
        "blocks": [
            {
                "type": "rich_text",
                "block_id": "zLjfz",
                "elements": [
                    {
                        "type": "rich_text_section",
                        "elements": [
                            {
                                "type": "text",
                                "text": "2023\/10\/31(火)\nコアMTG 3h"
                            }
                        ]
                    }
                ]
            }
        ],
        "team": "T04TGFGMK7C",
        "user_team": "T04TGFGMK7C",
        "source_team": "T04TGFGMK7C",
        "user_profile": {
            "avatar_hash": "824241a82bdf",
            "image_72": "https:\/\/avatars.slack-edge.com\/2023-05-03\/5205694948836_824241a82bdf37206daa_72.jpg",
            "first_name": "satoshi.​hirata",
            "real_name": "satoshi.​hirata",
            "display_name": "satoshi.hirata",
            "team": "T04TGFGMK7C",
            "name": "a2236sh",
            "is_restricted": false,
            "is_ultra_restricted": false
        }
    }
]