[
{"id":"F061T520G7K","created":1697511758,"name":"________________________","title":"\u4e0d\u5728\u6642\u306e\u5bfe\u5fdc\u8a08\u753b","mimetype":"application\/vnd.slack-docs","filetype":"quip","pretty_type":"Canvas","user":"USLACKBOT","editable":true,"size":1178,"mode":"quip","is_public":true,"is_tombstoned":false,"public_url_shared":false,"date_delete":0,"url_private_download":"https:\/\/files.slack.com\/files-pri\/T04TGFGMK7C-F061T520G7K\/download\/canvas?t=xoxe-4934526733250-6397687879216-6360367946327-fc1a6eed2fc8fac326fea1f2a3ab7c6e","shares":[{"team":"T04TGFGMK7C","channel":"C04TV4C160H"}],"export_timestamp":1703086578},
{"id":"F061T509YNM","created":1697511723,"name":"__________________________________________","title":"\u65b0\u30e1\u30f3\u30d0\u30fc\u306e\u30aa\u30f3\u30dc\u30fc\u30c7\u30a3\u30f3\u30b0","mimetype":"application\/vnd.slack-docs","filetype":"quip","pretty_type":"Canvas","user":"USLACKBOT","editable":true,"size":0,"mode":"quip","is_public":true,"is_tombstoned":false,"public_url_shared":false,"date_delete":0,"url_private_download":"https:\/\/files.slack.com\/files-pri\/T04TGFGMK7C-F061T509YNM\/download\/canvas?t=xoxe-4934526733250-6397687879216-6360367946327-fc1a6eed2fc8fac326fea1f2a3ab7c6e","shares":[{"team":"T04TGFGMK7C","channel":"C04TV4C160H"}],"export_timestamp":1703086578},
{"id":"F0623FGKBGQ","created":1697511766,"name":"___________________________","title":"\u30a4\u30f3\u30b7\u30c7\u30f3\u30c8\u306e\u6982\u8981","mimetype":"application\/vnd.slack-docs","filetype":"quip","pretty_type":"Canvas","user":"USLACKBOT","editable":true,"size":901,"mode":"quip","is_public":true,"is_tombstoned":false,"public_url_shared":false,"date_delete":0,"url_private_download":"https:\/\/files.slack.com\/files-pri\/T04TGFGMK7C-F0623FGKBGQ\/download\/canvas?t=xoxe-4934526733250-6397687879216-6360367946327-fc1a6eed2fc8fac326fea1f2a3ab7c6e","shares":[{"team":"T04TGFGMK7C","channel":"C04TV4C160H"}],"export_timestamp":1703086578},
{"id":"F061T50EQE5","created":1697511727,"name":"____________________________________","title":"\u30de\u30f3\u30b9\u30ea\u30fc\u30cb\u30e5\u30fc\u30b9\u30ec\u30bf\u30fc","mimetype":"application\/vnd.slack-docs","filetype":"quip","pretty_type":"Canvas","user":"USLACKBOT","editable":true,"size":0,"mode":"quip","is_public":true,"is_tombstoned":false,"public_url_shared":false,"date_delete":0,"url_private_download":"https:\/\/files.slack.com\/files-pri\/T04TGFGMK7C-F061T50EQE5\/download\/canvas?t=xoxe-4934526733250-6397687879216-6360367946327-fc1a6eed2fc8fac326fea1f2a3ab7c6e","shares":[{"team":"T04TGFGMK7C","channel":"C04TV4C160H"}],"export_timestamp":1703086578},
{"id":"F061T526YQ1","created":1697511762,"name":"_______________","title":"\u6280\u8853\u7684\u4ed5\u69d8","mimetype":"application\/vnd.slack-docs","filetype":"quip","pretty_type":"Canvas","user":"USLACKBOT","editable":true,"size":0,"mode":"quip","is_public":true,"is_tombstoned":false,"public_url_shared":false,"date_delete":0,"url_private_download":"https:\/\/files.slack.com\/files-pri\/T04TGFGMK7C-F061T526YQ1\/download\/canvas?t=xoxe-4934526733250-6397687879216-6360367946327-fc1a6eed2fc8fac326fea1f2a3ab7c6e","shares":[{"team":"T04TGFGMK7C","channel":"C04TV4C160H"}],"export_timestamp":1703086579},
{"id":"F0623FH77S4","created":1697511779,"name":"____________","title":"\u798f\u5229\u539a\u751f","mimetype":"application\/vnd.slack-docs","filetype":"quip","pretty_type":"Canvas","user":"USLACKBOT","editable":true,"size":716,"mode":"quip","is_public":true,"is_tombstoned":false,"public_url_shared":false,"date_delete":0,"url_private_download":"https:\/\/files.slack.com\/files-pri\/T04TGFGMK7C-F0623FH77S4\/download\/canvas?t=xoxe-4934526733250-6397687879216-6360367946327-fc1a6eed2fc8fac326fea1f2a3ab7c6e","shares":[{"team":"T04TGFGMK7C","channel":"C04TV4C160H"}],"export_timestamp":1703086579},
{"id":"F0617S80GUE","created":1697511749,"name":"________________________________________________","title":"\u30de\u30fc\u30b1\u30c6\u30a3\u30f3\u30b0\u30d7\u30ed\u30b8\u30a7\u30af\u30c8\u306e\u6982\u8981","mimetype":"application\/vnd.slack-docs","filetype":"quip","pretty_type":"Canvas","user":"USLACKBOT","editable":true,"size":784,"mode":"quip","is_public":true,"is_tombstoned":false,"public_url_shared":false,"date_delete":0,"url_private_download":"https:\/\/files.slack.com\/files-pri\/T04TGFGMK7C-F0617S80GUE\/download\/canvas?t=xoxe-4934526733250-6397687879216-6360367946327-fc1a6eed2fc8fac326fea1f2a3ab7c6e","shares":[{"team":"T04TGFGMK7C","channel":"C04TV4C160H"}],"export_timestamp":1703086579},
{"id":"F061T50LCRF","created":1697511731,"name":"________________________","title":"\u30c1\u30e3\u30f3\u30cd\u30eb\u306e\u6982\u8981","mimetype":"application\/vnd.slack-docs","filetype":"quip","pretty_type":"Canvas","user":"USLACKBOT","editable":true,"size":0,"mode":"quip","is_public":true,"is_tombstoned":false,"public_url_shared":false,"date_delete":0,"url_private_download":"https:\/\/files.slack.com\/files-pri\/T04TGFGMK7C-F061T50LCRF\/download\/canvas?t=xoxe-4934526733250-6397687879216-6360367946327-fc1a6eed2fc8fac326fea1f2a3ab7c6e","shares":[{"team":"T04TGFGMK7C","channel":"C04TV4C160H"}],"export_timestamp":1703086579},
{"id":"F061BJ0TH29","created":1697511770,"name":"______________________________","title":"\u30a4\u30d9\u30f3\u30c8\u30d7\u30e9\u30f3\u30cb\u30f3\u30b0","mimetype":"application\/vnd.slack-docs","filetype":"quip","pretty_type":"Canvas","user":"USLACKBOT","editable":true,"size":270,"mode":"quip","is_public":true,"is_tombstoned":false,"public_url_shared":false,"date_delete":0,"url_private_download":"https:\/\/files.slack.com\/files-pri\/T04TGFGMK7C-F061BJ0TH29\/download\/canvas?t=xoxe-4934526733250-6397687879216-6360367946327-fc1a6eed2fc8fac326fea1f2a3ab7c6e","shares":[{"team":"T04TGFGMK7C","channel":"C04TV4C160H"}],"export_timestamp":1703086579},
{"id":"F061T517HMF","created":1697511742,"name":"________________________","title":"\u9031\u6b21\u30df\u30fc\u30c6\u30a3\u30f3\u30b0","mimetype":"application\/vnd.slack-docs","filetype":"quip","pretty_type":"Canvas","user":"USLACKBOT","editable":true,"size":512,"mode":"quip","is_public":true,"is_tombstoned":false,"public_url_shared":false,"date_delete":0,"url_private_download":"https:\/\/files.slack.com\/files-pri\/T04TGFGMK7C-F061T517HMF\/download\/canvas?t=xoxe-4934526733250-6397687879216-6360367946327-fc1a6eed2fc8fac326fea1f2a3ab7c6e","shares":[{"team":"T04TGFGMK7C","channel":"C04TV4C160H"}],"export_timestamp":1703086579},
{"id":"F0623FGV8CQ","created":1697511773,"name":"________________________OKR___","title":"\u76ee\u6a19\u3068\u4e3b\u306a\u6210\u679c\uff08OKR\uff09","mimetype":"application\/vnd.slack-docs","filetype":"quip","pretty_type":"Canvas","user":"USLACKBOT","editable":true,"size":0,"mode":"quip","is_public":true,"is_tombstoned":false,"public_url_shared":false,"date_delete":0,"url_private_download":"https:\/\/files.slack.com\/files-pri\/T04TGFGMK7C-F0623FGV8CQ\/download\/canvas?t=xoxe-4934526733250-6397687879216-6360367946327-fc1a6eed2fc8fac326fea1f2a3ab7c6e","shares":[{"team":"T04TGFGMK7C","channel":"C04TV4C160H"}],"export_timestamp":1703086579},
{"id":"F061BJ1LS8M","created":1697511788,"name":"_______________","title":"\u30a2\u30b8\u30a7\u30f3\u30c0","mimetype":"application\/vnd.slack-docs","filetype":"quip","pretty_type":"Canvas","user":"USLACKBOT","editable":true,"size":421,"mode":"quip","is_public":true,"is_tombstoned":false,"public_url_shared":false,"date_delete":0,"url_private_download":"https:\/\/files.slack.com\/files-pri\/T04TGFGMK7C-F061BJ1LS8M\/download\/canvas?t=xoxe-4934526733250-6397687879216-6360367946327-fc1a6eed2fc8fac326fea1f2a3ab7c6e","shares":[{"team":"T04TGFGMK7C","channel":"C04TV4C160H"}],"export_timestamp":1703086579},
{"id":"F061ECV417D","created":1697511746,"name":"_______________","title":"\u88fd\u54c1\u306e\u6982\u8981","mimetype":"application\/vnd.slack-docs","filetype":"quip","pretty_type":"Canvas","user":"USLACKBOT","editable":true,"size":752,"mode":"quip","is_public":true,"is_tombstoned":false,"public_url_shared":false,"date_delete":0,"url_private_download":"https:\/\/files.slack.com\/files-pri\/T04TGFGMK7C-F061ECV417D\/download\/canvas?t=xoxe-4934526733250-6397687879216-6360367946327-fc1a6eed2fc8fac326fea1f2a3ab7c6e","shares":[{"team":"T04TGFGMK7C","channel":"C04TV4C160H"}],"export_timestamp":1703086579},
{"id":"F061BJ1EP7F","created":1697511783,"name":"__________________","title":"\u5171\u6709\u30ea\u30bd\u30fc\u30b9","mimetype":"application\/vnd.slack-docs","filetype":"quip","pretty_type":"Canvas","user":"USLACKBOT","editable":true,"size":369,"mode":"quip","is_public":true,"is_tombstoned":false,"public_url_shared":false,"date_delete":0,"url_private_download":"https:\/\/files.slack.com\/files-pri\/T04TGFGMK7C-F061BJ1EP7F\/download\/canvas?t=xoxe-4934526733250-6397687879216-6360367946327-fc1a6eed2fc8fac326fea1f2a3ab7c6e","shares":[{"team":"T04TGFGMK7C","channel":"C04TV4C160H"}],"export_timestamp":1703086579},
{"id":"F060ZVBMVDM","created":1697511753,"name":"__________________________________________","title":"\u30bb\u30fc\u30eb\u30b9\u30a4\u30cd\u30fc\u30d6\u30eb\u30e1\u30f3\u30c8\u30cf\u30d6","mimetype":"application\/vnd.slack-docs","filetype":"quip","pretty_type":"Canvas","user":"USLACKBOT","editable":true,"size":1015,"mode":"quip","is_public":true,"is_tombstoned":false,"public_url_shared":false,"date_delete":0,"url_private_download":"https:\/\/files.slack.com\/files-pri\/T04TGFGMK7C-F060ZVBMVDM\/download\/canvas?t=xoxe-4934526733250-6397687879216-6360367946327-fc1a6eed2fc8fac326fea1f2a3ab7c6e","shares":[{"team":"T04TGFGMK7C","channel":"C04TV4C160H"}],"export_timestamp":1703086579}
]