[
{"id":"U04T201950F","team_id":"T04TGFGMK7C","name":"a2240dm","deleted":false,"color":"e0a729","real_name":"Dai Miyahara","tz":"Asia\/Tokyo","tz_label":"Japan Standard Time","tz_offset":32400,"profile":{"title":"","phone":"","skype":"","real_name":"Dai Miyahara","real_name_normalized":"Dai Miyahara","display_name":"Dai Miyahara","display_name_normalized":"Dai Miyahara","fields":{},"status_text":"","status_emoji":"","status_emoji_display_info":[],"status_expiration":0,"avatar_hash":"37195c285ebd","image_original":"https:\/\/avatars.slack-edge.com\/2023-04-26\/5193192270752_37195c285ebdc8d65709_original.jpg","is_custom_image":true,"email":"a2240dm@aiit.ac.jp","huddle_state":"default_unset","huddle_state_expiration_ts":0,"first_name":"Dai","last_name":"Miyahara","image_24":"https:\/\/avatars.slack-edge.com\/2023-04-26\/5193192270752_37195c285ebdc8d65709_24.jpg","image_32":"https:\/\/avatars.slack-edge.com\/2023-04-26\/5193192270752_37195c285ebdc8d65709_32.jpg","image_48":"https:\/\/avatars.slack-edge.com\/2023-04-26\/5193192270752_37195c285ebdc8d65709_48.jpg","image_72":"https:\/\/avatars.slack-edge.com\/2023-04-26\/5193192270752_37195c285ebdc8d65709_72.jpg","image_192":"https:\/\/avatars.slack-edge.com\/2023-04-26\/5193192270752_37195c285ebdc8d65709_192.jpg","image_512":"https:\/\/avatars.slack-edge.com\/2023-04-26\/5193192270752_37195c285ebdc8d65709_512.jpg","image_1024":"https:\/\/avatars.slack-edge.com\/2023-04-26\/5193192270752_37195c285ebdc8d65709_1024.jpg","status_text_canonical":"","team":"T04TGFGMK7C"},"is_admin":false,"is_owner":false,"is_primary_owner":false,"is_restricted":false,"is_ultra_restricted":false,"is_bot":false,"is_app_user":false,"updated":1698313734,"is_email_confirmed":true,"who_can_share_contact_card":"EVERYONE"},
{"id":"U04T9TDB58W","team_id":"T04TGFGMK7C","name":"a2239hm","deleted":false,"color":"5b89d5","real_name":"Hibiki Mizuno","tz":"Asia\/Tokyo","tz_label":"Japan Standard Time","tz_offset":32400,"profile":{"title":"","phone":"","skype":"","real_name":"Hibiki Mizuno","real_name_normalized":"Hibiki Mizuno","display_name":"Jabelic \u30b9\u30af\u30e9\u30e0\u30de\u30b9\u30bf\u30fc","display_name_normalized":"Jabelic \uff7d\uff78\uff97\uff91\uff8f\uff7d\uff80\uff70","fields":{},"status_text":"","status_emoji":"","status_emoji_display_info":[],"status_expiration":0,"avatar_hash":"183a619e0408","image_original":"https:\/\/avatars.slack-edge.com\/2023-03-11\/4958815898464_183a619e0408c53031fd_original.jpg","is_custom_image":true,"email":"a2239hm@aiit.ac.jp","huddle_state":"default_unset","huddle_state_expiration_ts":0,"first_name":"Hibiki","last_name":"Mizuno","image_24":"https:\/\/avatars.slack-edge.com\/2023-03-11\/4958815898464_183a619e0408c53031fd_24.jpg","image_32":"https:\/\/avatars.slack-edge.com\/2023-03-11\/4958815898464_183a619e0408c53031fd_32.jpg","image_48":"https:\/\/avatars.slack-edge.com\/2023-03-11\/4958815898464_183a619e0408c53031fd_48.jpg","image_72":"https:\/\/avatars.slack-edge.com\/2023-03-11\/4958815898464_183a619e0408c53031fd_72.jpg","image_192":"https:\/\/avatars.slack-edge.com\/2023-03-11\/4958815898464_183a619e0408c53031fd_192.jpg","image_512":"https:\/\/avatars.slack-edge.com\/2023-03-11\/4958815898464_183a619e0408c53031fd_512.jpg","image_1024":"https:\/\/avatars.slack-edge.com\/2023-03-11\/4958815898464_183a619e0408c53031fd_1024.jpg","status_text_canonical":"","team":"T04TGFGMK7C"},"is_admin":false,"is_owner":false,"is_primary_owner":false,"is_restricted":false,"is_ultra_restricted":false,"is_bot":false,"is_app_user":false,"updated":1701831396,"is_email_confirmed":true,"who_can_share_contact_card":"EVERYONE"},
{"id":"U04TDHFKJ85","team_id":"T04TGFGMK7C","name":"a2216ms","deleted":false,"color":"674b1b","real_name":"\u9234\u6728\u771f\u5e0c","tz":"Asia\/Tokyo","tz_label":"Japan Standard Time","tz_offset":32400,"profile":{"title":"","phone":"","skype":"","real_name":"\u9234\u6728\u771f\u5e0c","real_name_normalized":"\u9234\u6728\u771f\u5e0c","display_name":"","display_name_normalized":"","fields":{},"status_text":"","status_emoji":"","status_emoji_display_info":[],"status_expiration":0,"avatar_hash":"4f9ceaf45fef","image_original":"https:\/\/avatars.slack-edge.com\/2023-04-25\/5158348926726_4f9ceaf45fefba755a9b_original.jpg","is_custom_image":true,"email":"a2216ms@aiit.ac.jp","huddle_state":"default_unset","huddle_state_expiration_ts":0,"first_name":"\u9234\u6728\u771f\u5e0c","last_name":"","image_24":"https:\/\/avatars.slack-edge.com\/2023-04-25\/5158348926726_4f9ceaf45fefba755a9b_24.jpg","image_32":"https:\/\/avatars.slack-edge.com\/2023-04-25\/5158348926726_4f9ceaf45fefba755a9b_32.jpg","image_48":"https:\/\/avatars.slack-edge.com\/2023-04-25\/5158348926726_4f9ceaf45fefba755a9b_48.jpg","image_72":"https:\/\/avatars.slack-edge.com\/2023-04-25\/5158348926726_4f9ceaf45fefba755a9b_72.jpg","image_192":"https:\/\/avatars.slack-edge.com\/2023-04-25\/5158348926726_4f9ceaf45fefba755a9b_192.jpg","image_512":"https:\/\/avatars.slack-edge.com\/2023-04-25\/5158348926726_4f9ceaf45fefba755a9b_512.jpg","image_1024":"https:\/\/avatars.slack-edge.com\/2023-04-25\/5158348926726_4f9ceaf45fefba755a9b_1024.jpg","status_text_canonical":"","team":"T04TGFGMK7C"},"is_admin":false,"is_owner":false,"is_primary_owner":false,"is_restricted":false,"is_ultra_restricted":false,"is_bot":false,"is_app_user":false,"updated":1702472192,"is_email_confirmed":true,"who_can_share_contact_card":"EVERYONE"},
{"id":"U04TGBQPCUB","team_id":"T04TGFGMK7C","name":"yc272","deleted":true,"profile":{"title":"","phone":"","skype":"","real_name":"yc","real_name_normalized":"yc","display_name":"","display_name_normalized":"","fields":{},"status_text":"","status_emoji":"","status_emoji_display_info":[],"status_expiration":0,"avatar_hash":"g4f85f3d6bd4","email":"yc@aiit.ac","first_name":"yc","last_name":"","image_24":"https:\/\/secure.gravatar.com\/avatar\/4f85f3d6bd4161c13dd1452a1fb50a10.jpg?s=24&d=https%3A%2F%2Fa.slack-edge.com%2Fdf10d%2Fimg%2Favatars%2Fava_0002-24.png","image_32":"https:\/\/secure.gravatar.com\/avatar\/4f85f3d6bd4161c13dd1452a1fb50a10.jpg?s=32&d=https%3A%2F%2Fa.slack-edge.com%2Fdf10d%2Fimg%2Favatars%2Fava_0002-32.png","image_48":"https:\/\/secure.gravatar.com\/avatar\/4f85f3d6bd4161c13dd1452a1fb50a10.jpg?s=48&d=https%3A%2F%2Fa.slack-edge.com%2Fdf10d%2Fimg%2Favatars%2Fava_0002-48.png","image_72":"https:\/\/secure.gravatar.com\/avatar\/4f85f3d6bd4161c13dd1452a1fb50a10.jpg?s=72&d=https%3A%2F%2Fa.slack-edge.com%2Fdf10d%2Fimg%2Favatars%2Fava_0002-72.png","image_192":"https:\/\/secure.gravatar.com\/avatar\/4f85f3d6bd4161c13dd1452a1fb50a10.jpg?s=192&d=https%3A%2F%2Fa.slack-edge.com%2Fdf10d%2Fimg%2Favatars%2Fava_0002-192.png","image_512":"https:\/\/secure.gravatar.com\/avatar\/4f85f3d6bd4161c13dd1452a1fb50a10.jpg?s=512&d=https%3A%2F%2Fa.slack-edge.com%2Fdf10d%2Fimg%2Favatars%2Fava_0002-512.png","status_text_canonical":"","team":"T04TGFGMK7C"},"is_bot":false,"is_app_user":false,"updated":1687256197,"is_invited_user":true},
{"id":"U04TGBZ4XEX","team_id":"T04TGFGMK7C","name":"a2236sh","deleted":false,"color":"e96699","real_name":"satoshi.\u200bhirata","tz":"Asia\/Tokyo","tz_label":"Japan Standard Time","tz_offset":32400,"profile":{"title":"","phone":"","skype":"","real_name":"satoshi.\u200bhirata","real_name_normalized":"satoshi.\u200bhirata","display_name":"satoshi.hirata","display_name_normalized":"satoshi.hirata","fields":{},"status_text":"","status_emoji":"","status_emoji_display_info":[],"status_expiration":0,"avatar_hash":"824241a82bdf","image_original":"https:\/\/avatars.slack-edge.com\/2023-05-03\/5205694948836_824241a82bdf37206daa_original.jpg","is_custom_image":true,"email":"a2236sh@aiit.ac.jp","who_can_share_contact_card":"TEAM_MEMBERS","huddle_state":"default_unset","huddle_state_expiration_ts":0,"first_name":"satoshi.\u200bhirata","last_name":"","image_24":"https:\/\/avatars.slack-edge.com\/2023-05-03\/5205694948836_824241a82bdf37206daa_24.jpg","image_32":"https:\/\/avatars.slack-edge.com\/2023-05-03\/5205694948836_824241a82bdf37206daa_32.jpg","image_48":"https:\/\/avatars.slack-edge.com\/2023-05-03\/5205694948836_824241a82bdf37206daa_48.jpg","image_72":"https:\/\/avatars.slack-edge.com\/2023-05-03\/5205694948836_824241a82bdf37206daa_72.jpg","image_192":"https:\/\/avatars.slack-edge.com\/2023-05-03\/5205694948836_824241a82bdf37206daa_192.jpg","image_512":"https:\/\/avatars.slack-edge.com\/2023-05-03\/5205694948836_824241a82bdf37206daa_512.jpg","image_1024":"https:\/\/avatars.slack-edge.com\/2023-05-03\/5205694948836_824241a82bdf37206daa_1024.jpg","status_text_canonical":"","team":"T04TGFGMK7C"},"is_admin":true,"is_owner":true,"is_primary_owner":false,"is_restricted":false,"is_ultra_restricted":false,"is_bot":false,"is_app_user":false,"updated":1699776315,"is_email_confirmed":true,"who_can_share_contact_card":"TEAM_MEMBERS"},
{"id":"U04TV4NASPK","team_id":"T04TGFGMK7C","name":"a2231kn","deleted":false,"color":"3c989f","real_name":"Nakayama Kenta","tz":"Asia\/Tokyo","tz_label":"Japan Standard Time","tz_offset":32400,"profile":{"title":"","phone":"","skype":"","real_name":"Nakayama Kenta","real_name_normalized":"Nakayama Kenta","display_name":"Nakayama","display_name_normalized":"Nakayama","fields":{},"status_text":"","status_emoji":"","status_emoji_display_info":[],"status_expiration":0,"avatar_hash":"342942264635","image_original":"https:\/\/avatars.slack-edge.com\/2023-03-11\/4927985433382_34294226463524804a2d_original.jpg","is_custom_image":true,"email":"a2231kn@aiit.ac.jp","huddle_state":"default_unset","huddle_state_expiration_ts":0,"first_name":"Nakayama","last_name":"Kenta","image_24":"https:\/\/avatars.slack-edge.com\/2023-03-11\/4927985433382_34294226463524804a2d_24.jpg","image_32":"https:\/\/avatars.slack-edge.com\/2023-03-11\/4927985433382_34294226463524804a2d_32.jpg","image_48":"https:\/\/avatars.slack-edge.com\/2023-03-11\/4927985433382_34294226463524804a2d_48.jpg","image_72":"https:\/\/avatars.slack-edge.com\/2023-03-11\/4927985433382_34294226463524804a2d_72.jpg","image_192":"https:\/\/avatars.slack-edge.com\/2023-03-11\/4927985433382_34294226463524804a2d_192.jpg","image_512":"https:\/\/avatars.slack-edge.com\/2023-03-11\/4927985433382_34294226463524804a2d_512.jpg","image_1024":"https:\/\/avatars.slack-edge.com\/2023-03-11\/4927985433382_34294226463524804a2d_1024.jpg","status_text_canonical":"","team":"T04TGFGMK7C"},"is_admin":true,"is_owner":true,"is_primary_owner":false,"is_restricted":false,"is_ultra_restricted":false,"is_bot":false,"is_app_user":false,"updated":1703083032,"is_email_confirmed":true,"who_can_share_contact_card":"EVERYONE"},
{"id":"U04U663EFEC","team_id":"T04TGFGMK7C","name":"yc","deleted":false,"color":"9f69e7","real_name":"yc","tz":"Asia\/Tokyo","tz_label":"Japan Standard Time","tz_offset":32400,"profile":{"title":"","phone":"","skype":"","real_name":"yc","real_name_normalized":"yc","display_name":"","display_name_normalized":"","fields":{},"status_text":"","status_emoji":"","status_emoji_display_info":[],"status_expiration":0,"avatar_hash":"g28808fcce6c","email":"yc@aiit.ac.jp","first_name":"yc","last_name":"","image_24":"https:\/\/secure.gravatar.com\/avatar\/28808fcce6c05ec2c32eb8d863614b13.jpg?s=24&d=https%3A%2F%2Fa.slack-edge.com%2Fdf10d%2Fimg%2Favatars%2Fava_0007-24.png","image_32":"https:\/\/secure.gravatar.com\/avatar\/28808fcce6c05ec2c32eb8d863614b13.jpg?s=32&d=https%3A%2F%2Fa.slack-edge.com%2Fdf10d%2Fimg%2Favatars%2Fava_0007-32.png","image_48":"https:\/\/secure.gravatar.com\/avatar\/28808fcce6c05ec2c32eb8d863614b13.jpg?s=48&d=https%3A%2F%2Fa.slack-edge.com%2Fdf10d%2Fimg%2Favatars%2Fava_0007-48.png","image_72":"https:\/\/secure.gravatar.com\/avatar\/28808fcce6c05ec2c32eb8d863614b13.jpg?s=72&d=https%3A%2F%2Fa.slack-edge.com%2Fdf10d%2Fimg%2Favatars%2Fava_0007-72.png","image_192":"https:\/\/secure.gravatar.com\/avatar\/28808fcce6c05ec2c32eb8d863614b13.jpg?s=192&d=https%3A%2F%2Fa.slack-edge.com%2Fdf10d%2Fimg%2Favatars%2Fava_0007-192.png","image_512":"https:\/\/secure.gravatar.com\/avatar\/28808fcce6c05ec2c32eb8d863614b13.jpg?s=512&d=https%3A%2F%2Fa.slack-edge.com%2Fdf10d%2Fimg%2Favatars%2Fava_0007-512.png","status_text_canonical":"","team":"T04TGFGMK7C"},"is_admin":true,"is_owner":true,"is_primary_owner":true,"is_restricted":false,"is_ultra_restricted":false,"is_bot":false,"is_app_user":false,"updated":1678511348,"is_email_confirmed":true,"who_can_share_contact_card":"EVERYONE"},
{"id":"U04U66DNCRE","team_id":"T04TGFGMK7C","name":"a2206ho","deleted":false,"color":"e7392d","real_name":"Ohno Hiroto","tz":"Asia\/Tokyo","tz_label":"Japan Standard Time","tz_offset":32400,"profile":{"title":"","phone":"","skype":"","real_name":"Ohno Hiroto","real_name_normalized":"Ohno Hiroto","display_name":"Ohno Hiroto","display_name_normalized":"Ohno Hiroto","fields":{},"status_text":"","status_emoji":"","status_emoji_display_info":[],"status_expiration":0,"avatar_hash":"0e82c2c0bd34","image_original":"https:\/\/avatars.slack-edge.com\/2023-04-25\/5161183917605_0e82c2c0bd34f978f1fd_original.jpg","is_custom_image":true,"email":"a2206ho@aiit.ac.jp","huddle_state":"default_unset","huddle_state_expiration_ts":0,"first_name":"Ohno","last_name":"Hiroto","image_24":"https:\/\/avatars.slack-edge.com\/2023-04-25\/5161183917605_0e82c2c0bd34f978f1fd_24.jpg","image_32":"https:\/\/avatars.slack-edge.com\/2023-04-25\/5161183917605_0e82c2c0bd34f978f1fd_32.jpg","image_48":"https:\/\/avatars.slack-edge.com\/2023-04-25\/5161183917605_0e82c2c0bd34f978f1fd_48.jpg","image_72":"https:\/\/avatars.slack-edge.com\/2023-04-25\/5161183917605_0e82c2c0bd34f978f1fd_72.jpg","image_192":"https:\/\/avatars.slack-edge.com\/2023-04-25\/5161183917605_0e82c2c0bd34f978f1fd_192.jpg","image_512":"https:\/\/avatars.slack-edge.com\/2023-04-25\/5161183917605_0e82c2c0bd34f978f1fd_512.jpg","image_1024":"https:\/\/avatars.slack-edge.com\/2023-04-25\/5161183917605_0e82c2c0bd34f978f1fd_1024.jpg","status_text_canonical":"","team":"T04TGFGMK7C"},"is_admin":false,"is_owner":false,"is_primary_owner":false,"is_restricted":false,"is_ultra_restricted":false,"is_bot":false,"is_app_user":false,"updated":1700273540,"is_email_confirmed":true,"who_can_share_contact_card":"EVERYONE"},
{"id":"U04U66DSPEU","team_id":"T04TGFGMK7C","name":"a2237mf","deleted":false,"color":"684b6c","real_name":"FABIAN M. FERNANDEZ","tz":"Asia\/Tokyo","tz_label":"Japan Standard Time","tz_offset":32400,"profile":{"title":"","phone":"","skype":"","real_name":"FABIAN M. FERNANDEZ","real_name_normalized":"FABIAN M. FERNANDEZ","display_name":"Fernandez","display_name_normalized":"Fernandez","fields":{},"status_text":"","status_emoji":"","status_emoji_display_info":[],"status_expiration":0,"avatar_hash":"eded816e5002","image_original":"https:\/\/avatars.slack-edge.com\/2023-04-25\/5164292307843_eded816e5002d89cd475_original.png","is_custom_image":true,"email":"a2237mf@aiit.ac.jp","huddle_state":"default_unset","huddle_state_expiration_ts":0,"first_name":"FABIAN","last_name":"M. FERNANDEZ","image_24":"https:\/\/avatars.slack-edge.com\/2023-04-25\/5164292307843_eded816e5002d89cd475_24.png","image_32":"https:\/\/avatars.slack-edge.com\/2023-04-25\/5164292307843_eded816e5002d89cd475_32.png","image_48":"https:\/\/avatars.slack-edge.com\/2023-04-25\/5164292307843_eded816e5002d89cd475_48.png","image_72":"https:\/\/avatars.slack-edge.com\/2023-04-25\/5164292307843_eded816e5002d89cd475_72.png","image_192":"https:\/\/avatars.slack-edge.com\/2023-04-25\/5164292307843_eded816e5002d89cd475_192.png","image_512":"https:\/\/avatars.slack-edge.com\/2023-04-25\/5164292307843_eded816e5002d89cd475_512.png","image_1024":"https:\/\/avatars.slack-edge.com\/2023-04-25\/5164292307843_eded816e5002d89cd475_1024.png","status_text_canonical":"","team":"T04TGFGMK7C"},"is_admin":false,"is_owner":false,"is_primary_owner":false,"is_restricted":false,"is_ultra_restricted":false,"is_bot":false,"is_app_user":false,"updated":1700273539,"is_email_confirmed":true,"who_can_share_contact_card":"EVERYONE"},
{"id":"U0519PJGXU7","team_id":"T04TGFGMK7C","name":"wb_bot_a051q9ysf26","deleted":true,"profile":{"title":"","phone":"","skype":"","real_name":"Friday_DailyScrum","real_name_normalized":"Friday_DailyScrum","display_name":"","display_name_normalized":"","fields":{},"status_text":"","status_emoji":"","status_emoji_display_info":[],"status_expiration":0,"avatar_hash":"73ffe4759b6f","api_app_id":"A051Q9YSF26","always_active":true,"image_original":"https:\/\/avatars.slack-edge.com\/2023-04-04\/5051775309126_73ffe4759b6f36b88a90_original.jpg","is_custom_image":true,"bot_id":"B051Q9YUARY","first_name":"Friday_DailyScrum","last_name":"","image_24":"https:\/\/avatars.slack-edge.com\/2023-04-04\/5051775309126_73ffe4759b6f36b88a90_24.jpg","image_32":"https:\/\/avatars.slack-edge.com\/2023-04-04\/5051775309126_73ffe4759b6f36b88a90_32.jpg","image_48":"https:\/\/avatars.slack-edge.com\/2023-04-04\/5051775309126_73ffe4759b6f36b88a90_48.jpg","image_72":"https:\/\/avatars.slack-edge.com\/2023-04-04\/5051775309126_73ffe4759b6f36b88a90_72.jpg","image_192":"https:\/\/avatars.slack-edge.com\/2023-04-04\/5051775309126_73ffe4759b6f36b88a90_192.jpg","image_512":"https:\/\/avatars.slack-edge.com\/2023-04-04\/5051775309126_73ffe4759b6f36b88a90_512.jpg","image_1024":"https:\/\/avatars.slack-edge.com\/2023-04-04\/5051775309126_73ffe4759b6f36b88a90_1024.jpg","status_text_canonical":"","team":"T04TGFGMK7C"},"is_bot":true,"is_app_user":false,"updated":1685444348,"is_workflow_bot":true},
{"id":"U0519QEFU1M","team_id":"T04TGFGMK7C","name":"wb_bot_a051qaus1dy","deleted":true,"profile":{"title":"","phone":"","skype":"","real_name":"Thurs_DailyScrum","real_name_normalized":"Thurs_DailyScrum","display_name":"","display_name_normalized":"","fields":{},"status_text":"","status_emoji":"","status_emoji_display_info":[],"status_expiration":0,"avatar_hash":"3fc6481b86da","api_app_id":"A051QAUS1DY","always_active":true,"image_original":"https:\/\/avatars.slack-edge.com\/2023-04-04\/5058243968707_3fc6481b86da10f981bd_original.jpg","is_custom_image":true,"bot_id":"B052E1G6J3A","first_name":"Thurs_DailyScrum","last_name":"","image_24":"https:\/\/avatars.slack-edge.com\/2023-04-04\/5058243968707_3fc6481b86da10f981bd_24.jpg","image_32":"https:\/\/avatars.slack-edge.com\/2023-04-04\/5058243968707_3fc6481b86da10f981bd_32.jpg","image_48":"https:\/\/avatars.slack-edge.com\/2023-04-04\/5058243968707_3fc6481b86da10f981bd_48.jpg","image_72":"https:\/\/avatars.slack-edge.com\/2023-04-04\/5058243968707_3fc6481b86da10f981bd_72.jpg","image_192":"https:\/\/avatars.slack-edge.com\/2023-04-04\/5058243968707_3fc6481b86da10f981bd_192.jpg","image_512":"https:\/\/avatars.slack-edge.com\/2023-04-04\/5058243968707_3fc6481b86da10f981bd_512.jpg","image_1024":"https:\/\/avatars.slack-edge.com\/2023-04-04\/5058243968707_3fc6481b86da10f981bd_1024.jpg","status_text_canonical":"","team":"T04TGFGMK7C"},"is_bot":true,"is_app_user":false,"updated":1685444329,"is_workflow_bot":true},
{"id":"U0519SS219D","team_id":"T04TGFGMK7C","name":"wb_bot_a051melnqaz","deleted":true,"profile":{"title":"","phone":"","skype":"","real_name":"Wed_SprintRetro_SprintPlan","real_name_normalized":"Wed_SprintRetro_SprintPlan","display_name":"","display_name_normalized":"","fields":{},"status_text":"","status_emoji":"","status_emoji_display_info":[],"status_expiration":0,"avatar_hash":"f5372f5ba7da","api_app_id":"A051MELNQAZ","always_active":true,"image_original":"https:\/\/avatars.slack-edge.com\/2023-04-04\/5051852988998_f5372f5ba7da2f181891_original.jpg","is_custom_image":true,"bot_id":"B05231YEGCR","first_name":"Wed_SprintRetro_SprintPlan","last_name":"","image_24":"https:\/\/avatars.slack-edge.com\/2023-04-04\/5051852988998_f5372f5ba7da2f181891_24.jpg","image_32":"https:\/\/avatars.slack-edge.com\/2023-04-04\/5051852988998_f5372f5ba7da2f181891_32.jpg","image_48":"https:\/\/avatars.slack-edge.com\/2023-04-04\/5051852988998_f5372f5ba7da2f181891_48.jpg","image_72":"https:\/\/avatars.slack-edge.com\/2023-04-04\/5051852988998_f5372f5ba7da2f181891_72.jpg","image_192":"https:\/\/avatars.slack-edge.com\/2023-04-04\/5051852988998_f5372f5ba7da2f181891_192.jpg","image_512":"https:\/\/avatars.slack-edge.com\/2023-04-04\/5051852988998_f5372f5ba7da2f181891_512.jpg","image_1024":"https:\/\/avatars.slack-edge.com\/2023-04-04\/5051852988998_f5372f5ba7da2f181891_1024.jpg","status_text_canonical":"","team":"T04TGFGMK7C"},"is_bot":true,"is_app_user":false,"updated":1685444339,"is_workflow_bot":true},
{"id":"U051SMX4AEQ","team_id":"T04TGFGMK7C","name":"wb_bot_a051smx23fw","deleted":true,"profile":{"title":"","phone":"","skype":"","real_name":"Team Standup","real_name_normalized":"Team Standup","display_name":"","display_name_normalized":"","fields":{},"status_text":"","status_emoji":"","status_emoji_display_info":[],"status_expiration":0,"avatar_hash":"e5b8cbc1c132","api_app_id":"A051SMX23FW","always_active":true,"image_original":"https:\/\/avatars.slack-edge.com\/2023-04-04\/5058276584258_e5b8cbc1c132f44cf9a6_original.png","is_custom_image":true,"bot_id":"B052DU5LNDN","first_name":"Team","last_name":"Standup","image_24":"https:\/\/avatars.slack-edge.com\/2023-04-04\/5058276584258_e5b8cbc1c132f44cf9a6_24.png","image_32":"https:\/\/avatars.slack-edge.com\/2023-04-04\/5058276584258_e5b8cbc1c132f44cf9a6_32.png","image_48":"https:\/\/avatars.slack-edge.com\/2023-04-04\/5058276584258_e5b8cbc1c132f44cf9a6_48.png","image_72":"https:\/\/avatars.slack-edge.com\/2023-04-04\/5058276584258_e5b8cbc1c132f44cf9a6_72.png","image_192":"https:\/\/avatars.slack-edge.com\/2023-04-04\/5058276584258_e5b8cbc1c132f44cf9a6_192.png","image_512":"https:\/\/avatars.slack-edge.com\/2023-04-04\/5058276584258_e5b8cbc1c132f44cf9a6_512.png","image_1024":"https:\/\/avatars.slack-edge.com\/2023-04-04\/5058276584258_e5b8cbc1c132f44cf9a6_1024.png","status_text_canonical":"","team":"T04TGFGMK7C"},"is_bot":true,"is_app_user":false,"updated":1680610266,"is_workflow_bot":true},
{"id":"U051SRG2NFN","team_id":"T04TGFGMK7C","name":"wb_bot_a052e2ag5lg","deleted":true,"profile":{"title":"","phone":"","skype":"","real_name":"Monday_DailyScrum","real_name_normalized":"Monday_DailyScrum","display_name":"","display_name_normalized":"","fields":{},"status_text":"","status_emoji":"","status_emoji_display_info":[],"status_expiration":0,"avatar_hash":"2680486e03e8","api_app_id":"A052E2AG5LG","always_active":true,"image_original":"https:\/\/avatars.slack-edge.com\/2023-04-04\/5051794650102_2680486e03e8803660d6_original.jpg","is_custom_image":true,"bot_id":"B051HP7G0P8","first_name":"Monday_DailyScrum","last_name":"","image_24":"https:\/\/avatars.slack-edge.com\/2023-04-04\/5051794650102_2680486e03e8803660d6_24.jpg","image_32":"https:\/\/avatars.slack-edge.com\/2023-04-04\/5051794650102_2680486e03e8803660d6_32.jpg","image_48":"https:\/\/avatars.slack-edge.com\/2023-04-04\/5051794650102_2680486e03e8803660d6_48.jpg","image_72":"https:\/\/avatars.slack-edge.com\/2023-04-04\/5051794650102_2680486e03e8803660d6_72.jpg","image_192":"https:\/\/avatars.slack-edge.com\/2023-04-04\/5051794650102_2680486e03e8803660d6_192.jpg","image_512":"https:\/\/avatars.slack-edge.com\/2023-04-04\/5051794650102_2680486e03e8803660d6_512.jpg","image_1024":"https:\/\/avatars.slack-edge.com\/2023-04-04\/5051794650102_2680486e03e8803660d6_1024.jpg","status_text_canonical":"","team":"T04TGFGMK7C"},"is_bot":true,"is_app_user":false,"updated":1685444325,"is_workflow_bot":true},
{"id":"U051SS15SMA","team_id":"T04TGFGMK7C","name":"wb_bot_a051mdnnfl5","deleted":true,"profile":{"title":"","phone":"","skype":"","real_name":"TuesDay_SprintReview","real_name_normalized":"TuesDay_SprintReview","display_name":"","display_name_normalized":"","fields":{},"status_text":"","status_emoji":"","status_emoji_display_info":[],"status_expiration":0,"avatar_hash":"bdbe881c164c","api_app_id":"A051MDNNFL5","always_active":true,"image_original":"https:\/\/avatars.slack-edge.com\/2023-04-04\/5082108406608_bdbe881c164cd023c4cd_original.jpg","is_custom_image":true,"bot_id":"B051MDNQ685","first_name":"TuesDay_SprintReview","last_name":"","image_24":"https:\/\/avatars.slack-edge.com\/2023-04-04\/5082108406608_bdbe881c164cd023c4cd_24.jpg","image_32":"https:\/\/avatars.slack-edge.com\/2023-04-04\/5082108406608_bdbe881c164cd023c4cd_32.jpg","image_48":"https:\/\/avatars.slack-edge.com\/2023-04-04\/5082108406608_bdbe881c164cd023c4cd_48.jpg","image_72":"https:\/\/avatars.slack-edge.com\/2023-04-04\/5082108406608_bdbe881c164cd023c4cd_72.jpg","image_192":"https:\/\/avatars.slack-edge.com\/2023-04-04\/5082108406608_bdbe881c164cd023c4cd_192.jpg","image_512":"https:\/\/avatars.slack-edge.com\/2023-04-04\/5082108406608_bdbe881c164cd023c4cd_512.jpg","image_1024":"https:\/\/avatars.slack-edge.com\/2023-04-04\/5082108406608_bdbe881c164cd023c4cd_1024.jpg","status_text_canonical":"","team":"T04TGFGMK7C"},"is_bot":true,"is_app_user":false,"updated":1686625320,"is_workflow_bot":true},
{"id":"U052E22PDUG","team_id":"T04TGFGMK7C","name":"wb_bot_a051hnzk21l","deleted":true,"profile":{"title":"","phone":"","skype":"","real_name":"Saturday_DailyScrum","real_name_normalized":"Saturday_DailyScrum","display_name":"","display_name_normalized":"","fields":{},"status_text":"","status_emoji":"","status_emoji_display_info":[],"status_expiration":0,"avatar_hash":"a829fa56d5a5","api_app_id":"A051HNZK21L","always_active":true,"image_original":"https:\/\/avatars.slack-edge.com\/2023-04-04\/5043853546887_a829fa56d5a5dc006f90_original.jpg","is_custom_image":true,"bot_id":"B051MCVRA77","first_name":"Saturday_DailyScrum","last_name":"","image_24":"https:\/\/avatars.slack-edge.com\/2023-04-04\/5043853546887_a829fa56d5a5dc006f90_24.jpg","image_32":"https:\/\/avatars.slack-edge.com\/2023-04-04\/5043853546887_a829fa56d5a5dc006f90_32.jpg","image_48":"https:\/\/avatars.slack-edge.com\/2023-04-04\/5043853546887_a829fa56d5a5dc006f90_48.jpg","image_72":"https:\/\/avatars.slack-edge.com\/2023-04-04\/5043853546887_a829fa56d5a5dc006f90_72.jpg","image_192":"https:\/\/avatars.slack-edge.com\/2023-04-04\/5043853546887_a829fa56d5a5dc006f90_192.jpg","image_512":"https:\/\/avatars.slack-edge.com\/2023-04-04\/5043853546887_a829fa56d5a5dc006f90_512.jpg","image_1024":"https:\/\/avatars.slack-edge.com\/2023-04-04\/5043853546887_a829fa56d5a5dc006f90_1024.jpg","status_text_canonical":"","team":"T04TGFGMK7C"},"is_bot":true,"is_app_user":false,"updated":1685444334,"is_workflow_bot":true},
{"id":"U05313L5DQR","team_id":"T04TGFGMK7C","name":"wb_bot_a052naz7lv9","deleted":true,"profile":{"title":"","phone":"","skype":"","real_name":"Change Host","real_name_normalized":"Change Host","display_name":"","display_name_normalized":"","fields":{},"status_text":"","status_emoji":"","status_emoji_display_info":[],"status_expiration":0,"avatar_hash":"4dfcef448ca8","api_app_id":"A052NAZ7LV9","always_active":true,"image_original":"https:\/\/avatars.slack-edge.com\/2023-04-11\/5087553188901_4dfcef448ca876b5dba3_original.png","is_custom_image":true,"bot_id":"B052FSCBS6A","first_name":"Change","last_name":"Host","image_24":"https:\/\/avatars.slack-edge.com\/2023-04-11\/5087553188901_4dfcef448ca876b5dba3_24.png","image_32":"https:\/\/avatars.slack-edge.com\/2023-04-11\/5087553188901_4dfcef448ca876b5dba3_32.png","image_48":"https:\/\/avatars.slack-edge.com\/2023-04-11\/5087553188901_4dfcef448ca876b5dba3_48.png","image_72":"https:\/\/avatars.slack-edge.com\/2023-04-11\/5087553188901_4dfcef448ca876b5dba3_72.png","image_192":"https:\/\/avatars.slack-edge.com\/2023-04-11\/5087553188901_4dfcef448ca876b5dba3_192.png","image_512":"https:\/\/avatars.slack-edge.com\/2023-04-11\/5087553188901_4dfcef448ca876b5dba3_512.png","image_1024":"https:\/\/avatars.slack-edge.com\/2023-04-11\/5087553188901_4dfcef448ca876b5dba3_1024.png","status_text_canonical":"","team":"T04TGFGMK7C"},"is_bot":true,"is_app_user":false,"updated":1681210596,"is_workflow_bot":true},
{"id":"U0543SLCFRP","team_id":"T04TGFGMK7C","name":"dots","deleted":true,"profile":{"title":"","phone":"","skype":"","real_name":"Dots","real_name_normalized":"Dots","display_name":"","display_name_normalized":"","fields":{},"status_text":"","status_emoji":"","status_emoji_display_info":[],"status_expiration":0,"avatar_hash":"073cf1fbdd24","api_app_id":"A01HMR49A65","always_active":true,"image_original":"https:\/\/avatars.slack-edge.com\/2023-04-18\/5112736863847_073cf1fbdd241ec60554_original.png","is_custom_image":true,"bot_id":"B053AMNLFL7","first_name":"Dots","last_name":"","image_24":"https:\/\/avatars.slack-edge.com\/2023-04-18\/5112736863847_073cf1fbdd241ec60554_24.png","image_32":"https:\/\/avatars.slack-edge.com\/2023-04-18\/5112736863847_073cf1fbdd241ec60554_32.png","image_48":"https:\/\/avatars.slack-edge.com\/2023-04-18\/5112736863847_073cf1fbdd241ec60554_48.png","image_72":"https:\/\/avatars.slack-edge.com\/2023-04-18\/5112736863847_073cf1fbdd241ec60554_72.png","image_192":"https:\/\/avatars.slack-edge.com\/2023-04-18\/5112736863847_073cf1fbdd241ec60554_192.png","image_512":"https:\/\/avatars.slack-edge.com\/2023-04-18\/5112736863847_073cf1fbdd241ec60554_512.png","image_1024":"https:\/\/avatars.slack-edge.com\/2023-04-18\/5112736863847_073cf1fbdd241ec60554_1024.png","status_text_canonical":"","team":"T04TGFGMK7C"},"is_bot":true,"is_app_user":false,"updated":1686051239},
{"id":"U054C0N7N9H","team_id":"T04TGFGMK7C","name":"notion","deleted":false,"color":"235e5b","real_name":"Notion","tz":"America\/Los_Angeles","tz_label":"Pacific Standard Time","tz_offset":-28800,"profile":{"title":"","phone":"","skype":"","real_name":"Notion","real_name_normalized":"Notion","display_name":"","display_name_normalized":"","fields":{},"status_text":"","status_emoji":"","status_emoji_display_info":[],"status_expiration":0,"avatar_hash":"a2ebe094cd2f","api_app_id":"A049JV0H0KC","always_active":false,"image_original":"https:\/\/avatars.slack-edge.com\/2023-04-21\/5150626629796_a2ebe094cd2fac1c49a6_original.png","is_custom_image":true,"bot_id":"B0551QLP8AU","first_name":"Notion","last_name":"","image_24":"https:\/\/avatars.slack-edge.com\/2023-04-21\/5150626629796_a2ebe094cd2fac1c49a6_24.png","image_32":"https:\/\/avatars.slack-edge.com\/2023-04-21\/5150626629796_a2ebe094cd2fac1c49a6_32.png","image_48":"https:\/\/avatars.slack-edge.com\/2023-04-21\/5150626629796_a2ebe094cd2fac1c49a6_48.png","image_72":"https:\/\/avatars.slack-edge.com\/2023-04-21\/5150626629796_a2ebe094cd2fac1c49a6_72.png","image_192":"https:\/\/avatars.slack-edge.com\/2023-04-21\/5150626629796_a2ebe094cd2fac1c49a6_192.png","image_512":"https:\/\/avatars.slack-edge.com\/2023-04-21\/5150626629796_a2ebe094cd2fac1c49a6_512.png","image_1024":"https:\/\/avatars.slack-edge.com\/2023-04-21\/5150626629796_a2ebe094cd2fac1c49a6_1024.png","status_text_canonical":"","team":"T04TGFGMK7C"},"is_admin":false,"is_owner":false,"is_primary_owner":false,"is_restricted":false,"is_ultra_restricted":false,"is_bot":true,"is_app_user":false,"updated":1682076803,"is_email_confirmed":false,"who_can_share_contact_card":"EVERYONE"},
{"id":"U055AKE99KK","team_id":"T04TGFGMK7C","name":"jirabot","deleted":false,"color":"9e3997","real_name":"Jira","tz":"America\/Los_Angeles","tz_label":"Pacific Standard Time","tz_offset":-28800,"profile":{"title":"","phone":"","skype":"","real_name":"Jira","real_name_normalized":"Jira","display_name":"","display_name_normalized":"","fields":{},"status_text":"","status_emoji":"","status_emoji_display_info":[],"status_expiration":0,"avatar_hash":"a20c3d2c7a84","api_app_id":"A2RPP3NFR","always_active":true,"image_original":"https:\/\/avatars.slack-edge.com\/2023-04-25\/5165088957413_a20c3d2c7a843915f357_original.png","is_custom_image":true,"bot_id":"B054V2LRMFX","first_name":"Jira","last_name":"","image_24":"https:\/\/avatars.slack-edge.com\/2023-04-25\/5165088957413_a20c3d2c7a843915f357_24.png","image_32":"https:\/\/avatars.slack-edge.com\/2023-04-25\/5165088957413_a20c3d2c7a843915f357_32.png","image_48":"https:\/\/avatars.slack-edge.com\/2023-04-25\/5165088957413_a20c3d2c7a843915f357_48.png","image_72":"https:\/\/avatars.slack-edge.com\/2023-04-25\/5165088957413_a20c3d2c7a843915f357_72.png","image_192":"https:\/\/avatars.slack-edge.com\/2023-04-25\/5165088957413_a20c3d2c7a843915f357_192.png","image_512":"https:\/\/avatars.slack-edge.com\/2023-04-25\/5165088957413_a20c3d2c7a843915f357_512.png","image_1024":"https:\/\/avatars.slack-edge.com\/2023-04-25\/5165088957413_a20c3d2c7a843915f357_1024.png","status_text_canonical":"","team":"T04TGFGMK7C"},"is_admin":false,"is_owner":false,"is_primary_owner":false,"is_restricted":false,"is_ultra_restricted":false,"is_bot":true,"is_app_user":false,"updated":1682467837,"is_email_confirmed":false,"who_can_share_contact_card":"EVERYONE"},
{"id":"U055C7G4QBY","team_id":"T04TGFGMK7C","name":"googledrive","deleted":false,"color":"53b759","real_name":"Google Drive","tz":"America\/Los_Angeles","tz_label":"Pacific Standard Time","tz_offset":-28800,"profile":{"title":"","phone":"","skype":"","real_name":"Google Drive","real_name_normalized":"Google Drive","display_name":"","display_name_normalized":"","fields":{},"status_text":"","status_emoji":"","status_emoji_display_info":[],"status_expiration":0,"avatar_hash":"140c20bf9df4","api_app_id":"A6NL8MJ6Q","always_active":true,"image_original":"https:\/\/avatars.slack-edge.com\/2023-04-28\/5201493569249_140c20bf9df4d4dafbd5_original.png","is_custom_image":true,"bot_id":"B05549DR3M5","first_name":"Google","last_name":"Drive","image_24":"https:\/\/avatars.slack-edge.com\/2023-04-28\/5201493569249_140c20bf9df4d4dafbd5_24.png","image_32":"https:\/\/avatars.slack-edge.com\/2023-04-28\/5201493569249_140c20bf9df4d4dafbd5_32.png","image_48":"https:\/\/avatars.slack-edge.com\/2023-04-28\/5201493569249_140c20bf9df4d4dafbd5_48.png","image_72":"https:\/\/avatars.slack-edge.com\/2023-04-28\/5201493569249_140c20bf9df4d4dafbd5_72.png","image_192":"https:\/\/avatars.slack-edge.com\/2023-04-28\/5201493569249_140c20bf9df4d4dafbd5_192.png","image_512":"https:\/\/avatars.slack-edge.com\/2023-04-28\/5201493569249_140c20bf9df4d4dafbd5_512.png","image_1024":"https:\/\/avatars.slack-edge.com\/2023-04-28\/5201493569249_140c20bf9df4d4dafbd5_1024.png","status_text_canonical":"","team":"T04TGFGMK7C"},"is_admin":false,"is_owner":false,"is_primary_owner":false,"is_restricted":false,"is_ultra_restricted":false,"is_bot":true,"is_app_user":false,"updated":1682746451,"is_email_confirmed":false,"who_can_share_contact_card":"EVERYONE"},
{"id":"U05ARP37D96","team_id":"T04TGFGMK7C","name":"github","deleted":false,"color":"c386df","real_name":"GitHub","tz":"America\/Los_Angeles","tz_label":"Pacific Standard Time","tz_offset":-28800,"profile":{"title":"","phone":"","skype":"","real_name":"GitHub","real_name_normalized":"GitHub","display_name":"","display_name_normalized":"","fields":{},"status_text":"","status_emoji":"","status_emoji_display_info":[],"status_expiration":0,"avatar_hash":"1622d16b8d87","api_app_id":"A01BP7R4KNY","always_active":false,"image_original":"https:\/\/avatars.slack-edge.com\/2023-05-30\/5327546325911_1622d16b8d871cc88008_original.png","is_custom_image":true,"bot_id":"B059VDWGJ78","first_name":"GitHub","last_name":"","image_24":"https:\/\/avatars.slack-edge.com\/2023-05-30\/5327546325911_1622d16b8d871cc88008_24.png","image_32":"https:\/\/avatars.slack-edge.com\/2023-05-30\/5327546325911_1622d16b8d871cc88008_32.png","image_48":"https:\/\/avatars.slack-edge.com\/2023-05-30\/5327546325911_1622d16b8d871cc88008_48.png","image_72":"https:\/\/avatars.slack-edge.com\/2023-05-30\/5327546325911_1622d16b8d871cc88008_72.png","image_192":"https:\/\/avatars.slack-edge.com\/2023-05-30\/5327546325911_1622d16b8d871cc88008_192.png","image_512":"https:\/\/avatars.slack-edge.com\/2023-05-30\/5327546325911_1622d16b8d871cc88008_512.png","image_1024":"https:\/\/avatars.slack-edge.com\/2023-05-30\/5327546325911_1622d16b8d871cc88008_1024.png","status_text_canonical":"","team":"T04TGFGMK7C"},"is_admin":false,"is_owner":false,"is_primary_owner":false,"is_restricted":false,"is_ultra_restricted":false,"is_bot":true,"is_app_user":false,"updated":1685444377,"is_email_confirmed":false,"who_can_share_contact_card":"EVERYONE"},
{"id":"U05D4J57XB6","team_id":"T04TGFGMK7C","name":"figma","deleted":false,"color":"385a86","real_name":"Figma","tz":"America\/Los_Angeles","tz_label":"Pacific Standard Time","tz_offset":-28800,"profile":{"title":"","phone":"","skype":"","real_name":"Figma","real_name_normalized":"Figma","display_name":"","display_name_normalized":"","fields":{},"status_text":"","status_emoji":"","status_emoji_display_info":[],"status_expiration":0,"avatar_hash":"54c0604de989","api_app_id":"A01N2QYSA81","always_active":true,"image_original":"https:\/\/avatars.slack-edge.com\/2023-06-18\/5441247124053_54c0604de989c769bd7c_original.png","is_custom_image":true,"bot_id":"B05CVFJDD6J","first_name":"Figma","last_name":"","image_24":"https:\/\/avatars.slack-edge.com\/2023-06-18\/5441247124053_54c0604de989c769bd7c_24.png","image_32":"https:\/\/avatars.slack-edge.com\/2023-06-18\/5441247124053_54c0604de989c769bd7c_32.png","image_48":"https:\/\/avatars.slack-edge.com\/2023-06-18\/5441247124053_54c0604de989c769bd7c_48.png","image_72":"https:\/\/avatars.slack-edge.com\/2023-06-18\/5441247124053_54c0604de989c769bd7c_72.png","image_192":"https:\/\/avatars.slack-edge.com\/2023-06-18\/5441247124053_54c0604de989c769bd7c_192.png","image_512":"https:\/\/avatars.slack-edge.com\/2023-06-18\/5441247124053_54c0604de989c769bd7c_512.png","image_1024":"https:\/\/avatars.slack-edge.com\/2023-06-18\/5441247124053_54c0604de989c769bd7c_1024.png","status_text_canonical":"","team":"T04TGFGMK7C"},"is_admin":false,"is_owner":false,"is_primary_owner":false,"is_restricted":false,"is_ultra_restricted":false,"is_bot":true,"is_app_user":false,"updated":1687084931,"is_email_confirmed":false,"who_can_share_contact_card":"EVERYONE"},
{"id":"U05DZNJEMQX","team_id":"T04TGFGMK7C","name":"poker_planner","deleted":false,"color":"a63024","real_name":"Poker Planner","tz":"America\/Los_Angeles","tz_label":"Pacific Standard Time","tz_offset":-28800,"profile":{"title":"","phone":"","skype":"","real_name":"Poker Planner","real_name_normalized":"Poker Planner","display_name":"","display_name_normalized":"","fields":{},"status_text":"","status_emoji":"","status_emoji_display_info":[],"status_expiration":0,"avatar_hash":"d91a5828ffeb","api_app_id":"A57FFS3QE","always_active":false,"image_original":"https:\/\/avatars.slack-edge.com\/2023-06-27\/5487372367845_d91a5828ffeb94e555ec_original.png","is_custom_image":true,"bot_id":"B05EGMTV0UU","first_name":"Poker","last_name":"Planner","image_24":"https:\/\/avatars.slack-edge.com\/2023-06-27\/5487372367845_d91a5828ffeb94e555ec_24.png","image_32":"https:\/\/avatars.slack-edge.com\/2023-06-27\/5487372367845_d91a5828ffeb94e555ec_32.png","image_48":"https:\/\/avatars.slack-edge.com\/2023-06-27\/5487372367845_d91a5828ffeb94e555ec_48.png","image_72":"https:\/\/avatars.slack-edge.com\/2023-06-27\/5487372367845_d91a5828ffeb94e555ec_72.png","image_192":"https:\/\/avatars.slack-edge.com\/2023-06-27\/5487372367845_d91a5828ffeb94e555ec_192.png","image_512":"https:\/\/avatars.slack-edge.com\/2023-06-27\/5487372367845_d91a5828ffeb94e555ec_512.png","image_1024":"https:\/\/avatars.slack-edge.com\/2023-06-27\/5487372367845_d91a5828ffeb94e555ec_1024.png","status_text_canonical":"","team":"T04TGFGMK7C"},"is_admin":false,"is_owner":false,"is_primary_owner":false,"is_restricted":false,"is_ultra_restricted":false,"is_bot":true,"is_app_user":false,"updated":1687866313,"is_email_confirmed":false,"who_can_share_contact_card":"EVERYONE"},
{"id":"U05KW1T3HBQ","team_id":"T04TGFGMK7C","name":"claude","deleted":false,"color":"5870dd","real_name":"Claude","tz":"America\/Los_Angeles","tz_label":"Pacific Standard Time","tz_offset":-28800,"profile":{"title":"","phone":"","skype":"","real_name":"Claude","real_name_normalized":"Claude","display_name":"","display_name_normalized":"","fields":{},"status_text":"","status_emoji":"","status_emoji_display_info":[],"status_expiration":0,"avatar_hash":"1cf68c9907f5","api_app_id":"A04KGS7N9A8","always_active":true,"image_original":"https:\/\/avatars.slack-edge.com\/2023-08-02\/5668167196951_1cf68c9907f53c857b5f_original.png","is_custom_image":true,"bot_id":"B05L54QHYHJ","first_name":"Claude","last_name":"","image_24":"https:\/\/avatars.slack-edge.com\/2023-08-02\/5668167196951_1cf68c9907f53c857b5f_24.png","image_32":"https:\/\/avatars.slack-edge.com\/2023-08-02\/5668167196951_1cf68c9907f53c857b5f_32.png","image_48":"https:\/\/avatars.slack-edge.com\/2023-08-02\/5668167196951_1cf68c9907f53c857b5f_48.png","image_72":"https:\/\/avatars.slack-edge.com\/2023-08-02\/5668167196951_1cf68c9907f53c857b5f_72.png","image_192":"https:\/\/avatars.slack-edge.com\/2023-08-02\/5668167196951_1cf68c9907f53c857b5f_192.png","image_512":"https:\/\/avatars.slack-edge.com\/2023-08-02\/5668167196951_1cf68c9907f53c857b5f_512.png","image_1024":"https:\/\/avatars.slack-edge.com\/2023-08-02\/5668167196951_1cf68c9907f53c857b5f_1024.png","status_text_canonical":"","team":"T04TGFGMK7C"},"is_admin":false,"is_owner":false,"is_primary_owner":false,"is_restricted":false,"is_ultra_restricted":false,"is_bot":true,"is_app_user":false,"updated":1691033242,"is_email_confirmed":false,"who_can_share_contact_card":"EVERYONE"},
{"id":"U0661SESD26","team_id":"T04TGFGMK7C","name":"party_on_slack","deleted":true,"profile":{"title":"","phone":"","skype":"","real_name":"Party on Slack","real_name_normalized":"Party on Slack","display_name":"","display_name_normalized":"","fields":{},"status_text":"","status_emoji":"","status_emoji_display_info":[],"status_expiration":0,"avatar_hash":"bc0ffa258f86","api_app_id":"A04S4LQJHHT","always_active":true,"image_original":"https:\/\/avatars.slack-edge.com\/2023-11-16\/6199258019670_bc0ffa258f864e3c4d19_original.png","is_custom_image":true,"bot_id":"B065YUFH9NZ","first_name":"Party","last_name":"on Slack","image_24":"https:\/\/avatars.slack-edge.com\/2023-11-16\/6199258019670_bc0ffa258f864e3c4d19_24.png","image_32":"https:\/\/avatars.slack-edge.com\/2023-11-16\/6199258019670_bc0ffa258f864e3c4d19_32.png","image_48":"https:\/\/avatars.slack-edge.com\/2023-11-16\/6199258019670_bc0ffa258f864e3c4d19_48.png","image_72":"https:\/\/avatars.slack-edge.com\/2023-11-16\/6199258019670_bc0ffa258f864e3c4d19_72.png","image_192":"https:\/\/avatars.slack-edge.com\/2023-11-16\/6199258019670_bc0ffa258f864e3c4d19_192.png","image_512":"https:\/\/avatars.slack-edge.com\/2023-11-16\/6199258019670_bc0ffa258f864e3c4d19_512.png","image_1024":"https:\/\/avatars.slack-edge.com\/2023-11-16\/6199258019670_bc0ffa258f864e3c4d19_1024.png","status_text_canonical":"","team":"T04TGFGMK7C"},"is_bot":true,"is_app_user":false,"updated":1700267554},
{"id":"U068E4GRQJC","team_id":"T04TGFGMK7C","name":"igarashi-t","deleted":false,"color":"50a0cf","real_name":"Igarashi","tz":"Asia\/Tokyo","tz_label":"Japan Standard Time","tz_offset":32400,"profile":{"title":"","phone":"","skype":"","real_name":"Igarashi","real_name_normalized":"Igarashi","display_name":"Igarashi","display_name_normalized":"Igarashi","fields":{},"status_text":"","status_emoji":"","status_emoji_display_info":[],"status_expiration":0,"avatar_hash":"g3b63067fd6c","email":"igarashi-t@aiit.ac.jp","first_name":"Igarashi","last_name":"","image_24":"https:\/\/secure.gravatar.com\/avatar\/3b63067fd6c498272ec138e86a197cc9.jpg?s=24&d=https%3A%2F%2Fa.slack-edge.com%2Fdf10d%2Fimg%2Favatars%2Fava_0013-24.png","image_32":"https:\/\/secure.gravatar.com\/avatar\/3b63067fd6c498272ec138e86a197cc9.jpg?s=32&d=https%3A%2F%2Fa.slack-edge.com%2Fdf10d%2Fimg%2Favatars%2Fava_0013-32.png","image_48":"https:\/\/secure.gravatar.com\/avatar\/3b63067fd6c498272ec138e86a197cc9.jpg?s=48&d=https%3A%2F%2Fa.slack-edge.com%2Fdf10d%2Fimg%2Favatars%2Fava_0013-48.png","image_72":"https:\/\/secure.gravatar.com\/avatar\/3b63067fd6c498272ec138e86a197cc9.jpg?s=72&d=https%3A%2F%2Fa.slack-edge.com%2Fdf10d%2Fimg%2Favatars%2Fava_0013-72.png","image_192":"https:\/\/secure.gravatar.com\/avatar\/3b63067fd6c498272ec138e86a197cc9.jpg?s=192&d=https%3A%2F%2Fa.slack-edge.com%2Fdf10d%2Fimg%2Favatars%2Fava_0013-192.png","image_512":"https:\/\/secure.gravatar.com\/avatar\/3b63067fd6c498272ec138e86a197cc9.jpg?s=512&d=https%3A%2F%2Fa.slack-edge.com%2Fdf10d%2Fimg%2Favatars%2Fava_0013-512.png","status_text_canonical":"","team":"T04TGFGMK7C"},"is_admin":false,"is_owner":false,"is_primary_owner":false,"is_restricted":false,"is_ultra_restricted":false,"is_bot":false,"is_app_user":false,"updated":1701264598,"is_email_confirmed":true,"who_can_share_contact_card":"EVERYONE"}
]