[
    {
        "client_msg_id": "e4b0c816-ffee-4e7c-898f-9776edd1d7eb",
        "type": "message",
        "text": "交流会のお店もおしゃれやな…中山先生のセンスに脱帽",
        "user": "U04T201950F",
        "ts": "1690415388.886339",
        "blocks": [
            {
                "type": "rich_text",
                "block_id": "4de0",
                "elements": [
                    {
                        "type": "rich_text_section",
                        "elements": [
                            {
                                "type": "text",
                                "text": "交流会のお店もおしゃれやな…中山先生のセンスに脱帽"
                            }
                        ]
                    }
                ]
            }
        ],
        "team": "T04TGFGMK7C",
        "user_team": "T04TGFGMK7C",
        "source_team": "T04TGFGMK7C",
        "user_profile": {
            "avatar_hash": "37195c285ebd",
            "image_72": "https:\/\/avatars.slack-edge.com\/2023-04-26\/5193192270752_37195c285ebdc8d65709_72.jpg",
            "first_name": "Dai",
            "real_name": "Dai Miyahara",
            "display_name": "Dai Miyahara",
            "team": "T04TGFGMK7C",
            "name": "a2240dm",
            "is_restricted": false,
            "is_ultra_restricted": false
        }
    }
]