[
    {
        "client_msg_id": "A9980819-2BF5-406D-9674-BC18EFDE35BC",
        "type": "message",
        "text": "● 自分は何が得意なのか？ \n● 自分はどうやって貢献するつもりか？ \n● 自分が大切に思う価値は何か？ \n● チームメンバーは自分にどんな成果を期待してると思うか？",
        "user": "U04T201950F",
        "ts": "1690688775.636809",
        "blocks": [
            {
                "type": "rich_text",
                "block_id": "enQTl",
                "elements": [
                    {
                        "type": "rich_text_section",
                        "elements": [
                            {
                                "type": "text",
                                "text": "● 自分は何が得意なのか？ \n● 自分はどうやって貢献するつもりか？ \n● 自分が大切に思う価値は何か？ \n● チームメンバーは自分にどんな成果を期待してると思うか？"
                            }
                        ]
                    }
                ]
            }
        ],
        "team": "T04TGFGMK7C",
        "user_team": "T04TGFGMK7C",
        "source_team": "T04TGFGMK7C",
        "user_profile": {
            "avatar_hash": "37195c285ebd",
            "image_72": "https:\/\/avatars.slack-edge.com\/2023-04-26\/5193192270752_37195c285ebdc8d65709_72.jpg",
            "first_name": "Dai",
            "real_name": "Dai Miyahara",
            "display_name": "Dai Miyahara",
            "team": "T04TGFGMK7C",
            "name": "a2240dm",
            "is_restricted": false,
            "is_ultra_restricted": false
        }
    }
]