[
    {
        "client_msg_id": "bcaafb21-66a9-4f0c-9431-788840fd67a2",
        "type": "message",
        "text": "動画に出てくる完成サイトの確認についても許可が降りました。頑張りましょう。",
        "user": "U04TV4NASPK",
        "ts": "1690447408.914849",
        "blocks": [
            {
                "type": "rich_text",
                "block_id": "JQMU7",
                "elements": [
                    {
                        "type": "rich_text_section",
                        "elements": [
                            {
                                "type": "text",
                                "text": "動画に出てくる完成サイトの確認についても許可が降りました。頑張りましょう。"
                            }
                        ]
                    }
                ]
            }
        ],
        "team": "T04TGFGMK7C",
        "user_team": "T04TGFGMK7C",
        "source_team": "T04TGFGMK7C",
        "user_profile": {
            "avatar_hash": "342942264635",
            "image_72": "https:\/\/avatars.slack-edge.com\/2023-03-11\/4927985433382_34294226463524804a2d_72.jpg",
            "first_name": "Nakayama",
            "real_name": "Nakayama Kenta",
            "display_name": "Nakayama",
            "team": "T04TGFGMK7C",
            "name": "a2231kn",
            "is_restricted": false,
            "is_ultra_restricted": false
        },
        "thread_ts": "1690437576.040429",
        "parent_user_id": "U04TV4NASPK",
        "reactions": [
            {
                "name": "なかやまきんに君",
                "users": [
                    "U04T201950F",
                    "U04T9TDB58W",
                    "U04TGBZ4XEX",
                    "U04U66DNCRE"
                ],
                "count": 4
            }
        ]
    }
]