[
    {
        "client_msg_id": "1b39bb8d-70b3-4b66-ad85-5323862b0a9c",
        "type": "message",
        "text": "スライドは中鉢先生の許可出ました",
        "user": "U04TV4NASPK",
        "ts": "1690338868.182549",
        "blocks": [
            {
                "type": "rich_text",
                "block_id": "4HM",
                "elements": [
                    {
                        "type": "rich_text_section",
                        "elements": [
                            {
                                "type": "text",
                                "text": "スライドは中鉢先生の許可出ました"
                            }
                        ]
                    }
                ]
            }
        ],
        "team": "T04TGFGMK7C",
        "user_team": "T04TGFGMK7C",
        "source_team": "T04TGFGMK7C",
        "user_profile": {
            "avatar_hash": "342942264635",
            "image_72": "https:\/\/avatars.slack-edge.com\/2023-03-11\/4927985433382_34294226463524804a2d_72.jpg",
            "first_name": "Nakayama",
            "real_name": "Nakayama Kenta",
            "display_name": "Nakayama",
            "team": "T04TGFGMK7C",
            "name": "a2231kn",
            "is_restricted": false,
            "is_ultra_restricted": false
        },
        "thread_ts": "1690127868.402049",
        "parent_user_id": "U04TV4NASPK"
    }
]