[
    {
        "client_msg_id": "8043cbe6-d7bf-4b36-883c-c915454257ff",
        "type": "message",
        "text": "<@U04T9TDB58W>\n水野さん、付録スライドのFigma移行ありがとうございます！\nまた個人感想スライドのフォーマット作成ありがとうございます！\n複製して編集しようとしたのですが、うまく編集できず…\nお手好きの際に編集方法教えていただけると助かります！\n<https:\/\/www.figma.com\/file\/e738Aj2UkL84XkKgPaB8y2\/%E3%82%A2%E3%83%88%E3%83%A2%E3%83%8E?type=design&amp;node-id=2314-1477&amp;mode=design&amp;t=FV45gUe2M6Zm56ET-4|https:\/\/www.figma.com\/file\/e738Aj2UkL84XkKgPaB8y2\/%E3%82%A2%E3%83%88%E3%83%A2%E3%83[…]type=design&amp;node-id=2314-1477&amp;mode=design&amp;t=FV45gUe2M6Zm56ET-4>\n\nSlackでもいいですし、もし直接の方が伝えやすい等ありましたら時間合わせますので教えてください:man-bowing:",
        "user": "U04T201950F",
        "ts": "1690551515.479959",
        "blocks": [
            {
                "type": "rich_text",
                "block_id": "s+t",
                "elements": [
                    {
                        "type": "rich_text_section",
                        "elements": [
                            {
                                "type": "user",
                                "user_id": "U04T9TDB58W"
                            },
                            {
                                "type": "text",
                                "text": "\n水野さん、付録スライドのFigma移行ありがとうございます！\nまた個人感想スライドのフォーマット作成ありがとうございます！\n複製して編集しようとしたのですが、うまく編集できず…\nお手好きの際に編集方法教えていただけると助かります！\n"
                            },
                            {
                                "type": "link",
                                "url": "https:\/\/www.figma.com\/file\/e738Aj2UkL84XkKgPaB8y2\/%E3%82%A2%E3%83%88%E3%83%A2%E3%83%8E?type=design&node-id=2314-1477&mode=design&t=FV45gUe2M6Zm56ET-4",
                                "text": "https:\/\/www.figma.com\/file\/e738Aj2UkL84XkKgPaB8y2\/%E3%82%A2%E3%83%88%E3%83%A2%E3%83[…]type=design&node-id=2314-1477&mode=design&t=FV45gUe2M6Zm56ET-4"
                            },
                            {
                                "type": "text",
                                "text": "\n\nSlackでもいいですし、もし直接の方が伝えやすい等ありましたら時間合わせますので教えてください"
                            },
                            {
                                "type": "emoji",
                                "name": "man-bowing",
                                "unicode": "1f647-200d-2642-fe0f"
                            }
                        ]
                    }
                ]
            }
        ],
        "team": "T04TGFGMK7C",
        "user_team": "T04TGFGMK7C",
        "source_team": "T04TGFGMK7C",
        "user_profile": {
            "avatar_hash": "37195c285ebd",
            "image_72": "https:\/\/avatars.slack-edge.com\/2023-04-26\/5193192270752_37195c285ebdc8d65709_72.jpg",
            "first_name": "Dai",
            "real_name": "Dai Miyahara",
            "display_name": "Dai Miyahara",
            "team": "T04TGFGMK7C",
            "name": "a2240dm",
            "is_restricted": false,
            "is_ultra_restricted": false
        },
        "thread_ts": "1690551515.479959",
        "reply_count": 5,
        "reply_users_count": 2,
        "latest_reply": "1690556309.860589",
        "reply_users": [
            "U04T201950F",
            "U04T9TDB58W"
        ],
        "replies": [
            {
                "user": "U04T201950F",
                "ts": "1690552475.225579"
            },
            {
                "user": "U04T9TDB58W",
                "ts": "1690554044.536009"
            },
            {
                "user": "U04T201950F",
                "ts": "1690554135.729069"
            },
            {
                "user": "U04T201950F",
                "ts": "1690554251.103449"
            },
            {
                "user": "U04T9TDB58W",
                "ts": "1690556309.860589"
            }
        ],
        "is_locked": false,
        "subscribed": false,
        "reactions": [
            {
                "name": "eyes",
                "users": [
                    "U04T9TDB58W"
                ],
                "count": 1
            }
        ]
    },
    {
        "client_msg_id": "428412c6-486d-472e-91f2-807601110ed2",
        "type": "message",
        "text": "<@U04T9TDB58W>\n【共有のみ】\nインフラ構成のスライドはFigma移行済みです！",
        "user": "U04T201950F",
        "ts": "1690551593.447629",
        "blocks": [
            {
                "type": "rich_text",
                "block_id": "zGop",
                "elements": [
                    {
                        "type": "rich_text_section",
                        "elements": [
                            {
                                "type": "user",
                                "user_id": "U04T9TDB58W"
                            },
                            {
                                "type": "text",
                                "text": "\n【共有のみ】\nインフラ構成のスライドはFigma移行済みです！"
                            }
                        ]
                    }
                ]
            }
        ],
        "team": "T04TGFGMK7C",
        "user_team": "T04TGFGMK7C",
        "source_team": "T04TGFGMK7C",
        "user_profile": {
            "avatar_hash": "37195c285ebd",
            "image_72": "https:\/\/avatars.slack-edge.com\/2023-04-26\/5193192270752_37195c285ebdc8d65709_72.jpg",
            "first_name": "Dai",
            "real_name": "Dai Miyahara",
            "display_name": "Dai Miyahara",
            "team": "T04TGFGMK7C",
            "name": "a2240dm",
            "is_restricted": false,
            "is_ultra_restricted": false
        },
        "reactions": [
            {
                "name": "raised_hands",
                "users": [
                    "U04T9TDB58W"
                ],
                "count": 1
            },
            {
                "name": "abe_hiroshi",
                "users": [
                    "U04U66DNCRE"
                ],
                "count": 1
            }
        ]
    },
    {
        "type": "message",
        "text": "ちなみにフォントのエラー出たんですが、これって解消方法わかります…？",
        "files": [
            {
                "id": "F05K8UWUZAP",
                "created": 1690552470,
                "timestamp": 1690552470,
                "name": "Screen Shot 2023-07-28 at 22.53.46.png",
                "title": "Screen Shot 2023-07-28 at 22.53.46.png",
                "mimetype": "image\/png",
                "filetype": "png",
                "pretty_type": "PNG",
                "user": "U04T201950F",
                "user_team": "T04TGFGMK7C",
                "editable": false,
                "size": 171610,
                "mode": "hosted",
                "is_external": false,
                "external_type": "",
                "is_public": true,
                "public_url_shared": false,
                "display_as_bot": false,
                "username": "",
                "url_private": "https:\/\/files.slack.com\/files-pri\/T04TGFGMK7C-F05K8UWUZAP\/screen_shot_2023-07-28_at_22.53.46.png?t=xoxe-4934526733250-6368208843238-6387480588305-95888d873daabf54b325285fb536dbb2",
                "url_private_download": "https:\/\/files.slack.com\/files-pri\/T04TGFGMK7C-F05K8UWUZAP\/download\/screen_shot_2023-07-28_at_22.53.46.png?t=xoxe-4934526733250-6368208843238-6387480588305-95888d873daabf54b325285fb536dbb2",
                "media_display_type": "unknown",
                "thumb_64": "https:\/\/files.slack.com\/files-tmb\/T04TGFGMK7C-F05K8UWUZAP-e89d8a9ccd\/screen_shot_2023-07-28_at_22.53.46_64.png?t=xoxe-4934526733250-6368208843238-6387480588305-95888d873daabf54b325285fb536dbb2",
                "thumb_80": "https:\/\/files.slack.com\/files-tmb\/T04TGFGMK7C-F05K8UWUZAP-e89d8a9ccd\/screen_shot_2023-07-28_at_22.53.46_80.png?t=xoxe-4934526733250-6368208843238-6387480588305-95888d873daabf54b325285fb536dbb2",
                "thumb_360": "https:\/\/files.slack.com\/files-tmb\/T04TGFGMK7C-F05K8UWUZAP-e89d8a9ccd\/screen_shot_2023-07-28_at_22.53.46_360.png?t=xoxe-4934526733250-6368208843238-6387480588305-95888d873daabf54b325285fb536dbb2",
                "thumb_360_w": 360,
                "thumb_360_h": 286,
                "thumb_480": "https:\/\/files.slack.com\/files-tmb\/T04TGFGMK7C-F05K8UWUZAP-e89d8a9ccd\/screen_shot_2023-07-28_at_22.53.46_480.png?t=xoxe-4934526733250-6368208843238-6387480588305-95888d873daabf54b325285fb536dbb2",
                "thumb_480_w": 480,
                "thumb_480_h": 381,
                "thumb_160": "https:\/\/files.slack.com\/files-tmb\/T04TGFGMK7C-F05K8UWUZAP-e89d8a9ccd\/screen_shot_2023-07-28_at_22.53.46_160.png?t=xoxe-4934526733250-6368208843238-6387480588305-95888d873daabf54b325285fb536dbb2",
                "thumb_720": "https:\/\/files.slack.com\/files-tmb\/T04TGFGMK7C-F05K8UWUZAP-e89d8a9ccd\/screen_shot_2023-07-28_at_22.53.46_720.png?t=xoxe-4934526733250-6368208843238-6387480588305-95888d873daabf54b325285fb536dbb2",
                "thumb_720_w": 720,
                "thumb_720_h": 571,
                "thumb_800": "https:\/\/files.slack.com\/files-tmb\/T04TGFGMK7C-F05K8UWUZAP-e89d8a9ccd\/screen_shot_2023-07-28_at_22.53.46_800.png?t=xoxe-4934526733250-6368208843238-6387480588305-95888d873daabf54b325285fb536dbb2",
                "thumb_800_w": 800,
                "thumb_800_h": 635,
                "thumb_960": "https:\/\/files.slack.com\/files-tmb\/T04TGFGMK7C-F05K8UWUZAP-e89d8a9ccd\/screen_shot_2023-07-28_at_22.53.46_960.png?t=xoxe-4934526733250-6368208843238-6387480588305-95888d873daabf54b325285fb536dbb2",
                "thumb_960_w": 960,
                "thumb_960_h": 762,
                "thumb_1024": "https:\/\/files.slack.com\/files-tmb\/T04TGFGMK7C-F05K8UWUZAP-e89d8a9ccd\/screen_shot_2023-07-28_at_22.53.46_1024.png?t=xoxe-4934526733250-6368208843238-6387480588305-95888d873daabf54b325285fb536dbb2",
                "thumb_1024_w": 1024,
                "thumb_1024_h": 813,
                "original_w": 1240,
                "original_h": 984,
                "thumb_tiny": "AwAmADCrk+v6Uh\/3qSigBTx\/Ef1o\/wCBU4j5jx+n\/wBemnpQAmT6mjJ9TR2pKAFope1JmgB5xuPT9KYelSEjeef1phIxQgE7UlL2pKAFwaMGnGigBuDRg06igBuKXjHTmg0UAf\/Z",
                "permalink": "https:\/\/chubachi-pt-2023.slack.com\/files\/U04T201950F\/F05K8UWUZAP\/screen_shot_2023-07-28_at_22.53.46.png",
                "permalink_public": "https:\/\/slack-files.com\/T04TGFGMK7C-F05K8UWUZAP-b0833e455e",
                "is_starred": false,
                "has_rich_preview": false,
                "file_access": "visible"
            }
        ],
        "upload": false,
        "user": "U04T201950F",
        "display_as_bot": false,
        "ts": "1690552475.225579",
        "blocks": [
            {
                "type": "rich_text",
                "block_id": "Z=F",
                "elements": [
                    {
                        "type": "rich_text_section",
                        "elements": [
                            {
                                "type": "text",
                                "text": "ちなみにフォントのエラー出たんですが、これって解消方法わかります…？"
                            }
                        ]
                    }
                ]
            }
        ],
        "client_msg_id": "5ea04d44-75ac-4d04-998f-d0b44449928b",
        "thread_ts": "1690551515.479959",
        "parent_user_id": "U04T201950F",
        "reactions": [
            {
                "name": "eyes",
                "users": [
                    "U04T9TDB58W"
                ],
                "count": 1
            }
        ]
    },
    {
        "client_msg_id": "0d9b2714-962c-46ef-b03a-d75f187046b4",
        "type": "message",
        "text": "【共有のみ】\nバックエンド（技術スタック部分）のスライドもFigma移行済みです！",
        "user": "U04T201950F",
        "ts": "1690553527.633299",
        "blocks": [
            {
                "type": "rich_text",
                "block_id": "V1jT",
                "elements": [
                    {
                        "type": "rich_text_section",
                        "elements": [
                            {
                                "type": "text",
                                "text": "【共有のみ】\nバックエンド（技術スタック部分）のスライドもFigma移行済みです！"
                            }
                        ]
                    }
                ]
            }
        ],
        "team": "T04TGFGMK7C",
        "user_team": "T04TGFGMK7C",
        "source_team": "T04TGFGMK7C",
        "user_profile": {
            "avatar_hash": "37195c285ebd",
            "image_72": "https:\/\/avatars.slack-edge.com\/2023-04-26\/5193192270752_37195c285ebdc8d65709_72.jpg",
            "first_name": "Dai",
            "real_name": "Dai Miyahara",
            "display_name": "Dai Miyahara",
            "team": "T04TGFGMK7C",
            "name": "a2240dm",
            "is_restricted": false,
            "is_ultra_restricted": false
        },
        "reactions": [
            {
                "name": "raised_hands",
                "users": [
                    "U04T9TDB58W"
                ],
                "count": 1
            },
            {
                "name": "abe_hiroshi",
                "users": [
                    "U04U66DNCRE"
                ],
                "count": 1
            }
        ]
    },
    {
        "client_msg_id": "782f61ba-f98a-40cf-9c52-fcab8527ec0a",
        "type": "message",
        "text": "&gt;  ちなみにフォントのエラー出たんですが、これって解消方法わかります…？\nおっと、これは私のローカルのfontを使ってるからですね. 組み込まれたfontに変更しておきます :muscle: <@U04T201950F>\n\n&gt;  水野さん、付録スライドのFigma移行ありがとうございます！\n&gt; また個人感想スライドのフォーマット作成ありがとうございます！\n&gt; 複製して編集しようとしたのですが、うまく編集できず…\n&gt; お手好きの際に編集方法教えていただけると助かります！\nテキストの編集ですかね、2回タップ とかで編集できるはずです :eyes:\nあとはパラメータですね、これはコンポーネントに組み込んじゃったので編集できないんですね, 上に編集可能なパーツを置いてきました! <@U04T201950F>",
        "user": "U04T9TDB58W",
        "ts": "1690554044.536009",
        "blocks": [
            {
                "type": "rich_text",
                "block_id": "52dmM",
                "elements": [
                    {
                        "type": "rich_text_quote",
                        "elements": [
                            {
                                "type": "text",
                                "text": " ちなみにフォントのエラー出たんですが、これって解消方法わかります…？"
                            }
                        ]
                    },
                    {
                        "type": "rich_text_section",
                        "elements": [
                            {
                                "type": "text",
                                "text": "おっと、これは私のローカルのfontを使ってるからですね. 組み込まれたfontに変更しておきます "
                            },
                            {
                                "type": "emoji",
                                "name": "muscle",
                                "unicode": "1f4aa"
                            },
                            {
                                "type": "text",
                                "text": " "
                            },
                            {
                                "type": "user",
                                "user_id": "U04T201950F"
                            },
                            {
                                "type": "text",
                                "text": "\n\n"
                            }
                        ]
                    },
                    {
                        "type": "rich_text_quote",
                        "elements": [
                            {
                                "type": "text",
                                "text": " 水野さん、付録スライドのFigma移行ありがとうございます！\nまた個人感想スライドのフォーマット作成ありがとうございます！\n複製して編集しようとしたのですが、うまく編集できず…\nお手好きの際に編集方法教えていただけると助かります！"
                            }
                        ]
                    },
                    {
                        "type": "rich_text_section",
                        "elements": [
                            {
                                "type": "text",
                                "text": "テキストの編集ですかね、2回タップ とかで編集できるはずです "
                            },
                            {
                                "type": "emoji",
                                "name": "eyes",
                                "unicode": "1f440"
                            },
                            {
                                "type": "text",
                                "text": "\nあとはパラメータですね、これはコンポーネントに組み込んじゃったので編集できないんですね, 上に編集可能なパーツを置いてきました! "
                            },
                            {
                                "type": "user",
                                "user_id": "U04T201950F"
                            }
                        ]
                    }
                ]
            }
        ],
        "team": "T04TGFGMK7C",
        "user_team": "T04TGFGMK7C",
        "source_team": "T04TGFGMK7C",
        "user_profile": {
            "avatar_hash": "183a619e0408",
            "image_72": "https:\/\/avatars.slack-edge.com\/2023-03-11\/4958815898464_183a619e0408c53031fd_72.jpg",
            "first_name": "Hibiki",
            "real_name": "Hibiki Mizuno",
            "display_name": "Jabelic スクラムマスター",
            "team": "T04TGFGMK7C",
            "name": "a2239hm",
            "is_restricted": false,
            "is_ultra_restricted": false
        },
        "thread_ts": "1690551515.479959",
        "parent_user_id": "U04T201950F"
    },
    {
        "client_msg_id": "7f4d0bf3-9ee4-482f-b1d9-618f69aa4420",
        "type": "message",
        "text": "<@U04T9TDB58W>\nありがとうございます！",
        "user": "U04T201950F",
        "ts": "1690554135.729069",
        "blocks": [
            {
                "type": "rich_text",
                "block_id": "u7n2",
                "elements": [
                    {
                        "type": "rich_text_section",
                        "elements": [
                            {
                                "type": "user",
                                "user_id": "U04T9TDB58W"
                            },
                            {
                                "type": "text",
                                "text": "\nありがとうございます！"
                            }
                        ]
                    }
                ]
            }
        ],
        "team": "T04TGFGMK7C",
        "user_team": "T04TGFGMK7C",
        "source_team": "T04TGFGMK7C",
        "user_profile": {
            "avatar_hash": "37195c285ebd",
            "image_72": "https:\/\/avatars.slack-edge.com\/2023-04-26\/5193192270752_37195c285ebdc8d65709_72.jpg",
            "first_name": "Dai",
            "real_name": "Dai Miyahara",
            "display_name": "Dai Miyahara",
            "team": "T04TGFGMK7C",
            "name": "a2240dm",
            "is_restricted": false,
            "is_ultra_restricted": false
        },
        "edited": {
            "user": "U04T201950F",
            "ts": "1690554395.000000"
        },
        "thread_ts": "1690551515.479959",
        "parent_user_id": "U04T201950F"
    },
    {
        "client_msg_id": "9b27ae03-6f86-4540-8da4-1227cad9f6c4",
        "type": "message",
        "text": "てかパラメータ私のに変えてくれたんですね！ありがとうございます:blush:",
        "user": "U04T201950F",
        "ts": "1690554251.103449",
        "blocks": [
            {
                "type": "rich_text",
                "block_id": "ubb=T",
                "elements": [
                    {
                        "type": "rich_text_section",
                        "elements": [
                            {
                                "type": "text",
                                "text": "てかパラメータ私のに変えてくれたんですね！ありがとうございます"
                            },
                            {
                                "type": "emoji",
                                "name": "blush",
                                "unicode": "1f60a"
                            }
                        ]
                    }
                ]
            }
        ],
        "team": "T04TGFGMK7C",
        "user_team": "T04TGFGMK7C",
        "source_team": "T04TGFGMK7C",
        "user_profile": {
            "avatar_hash": "37195c285ebd",
            "image_72": "https:\/\/avatars.slack-edge.com\/2023-04-26\/5193192270752_37195c285ebdc8d65709_72.jpg",
            "first_name": "Dai",
            "real_name": "Dai Miyahara",
            "display_name": "Dai Miyahara",
            "team": "T04TGFGMK7C",
            "name": "a2240dm",
            "is_restricted": false,
            "is_ultra_restricted": false
        },
        "thread_ts": "1690551515.479959",
        "parent_user_id": "U04T201950F"
    },
    {
        "type": "message",
        "subtype": "thread_broadcast",
        "text": "&gt;  おっと、これは私のローカルのfontを使ってるからですね. 組み込まれたfontに変更しておきます\nFont, Ubuntuに変えておきました.",
        "user": "U04T9TDB58W",
        "ts": "1690556309.860589",
        "thread_ts": "1690551515.479959",
        "root": {
            "client_msg_id": "8043cbe6-d7bf-4b36-883c-c915454257ff",
            "type": "message",
            "text": "<@U04T9TDB58W>\n水野さん、付録スライドのFigma移行ありがとうございます！\nまた個人感想スライドのフォーマット作成ありがとうございます！\n複製して編集しようとしたのですが、うまく編集できず…\nお手好きの際に編集方法教えていただけると助かります！\n<https:\/\/www.figma.com\/file\/e738Aj2UkL84XkKgPaB8y2\/%E3%82%A2%E3%83%88%E3%83%A2%E3%83%8E?type=design&amp;node-id=2314-1477&amp;mode=design&amp;t=FV45gUe2M6Zm56ET-4|https:\/\/www.figma.com\/file\/e738Aj2UkL84XkKgPaB8y2\/%E3%82%A2%E3%83%88%E3%83%A2%E3%83[…]type=design&amp;node-id=2314-1477&amp;mode=design&amp;t=FV45gUe2M6Zm56ET-4>\n\nSlackでもいいですし、もし直接の方が伝えやすい等ありましたら時間合わせますので教えてください:man-bowing:",
            "user": "U04T201950F",
            "ts": "1690551515.479959",
            "blocks": [
                {
                    "type": "rich_text",
                    "block_id": "s+t",
                    "elements": [
                        {
                            "type": "rich_text_section",
                            "elements": [
                                {
                                    "type": "user",
                                    "user_id": "U04T9TDB58W"
                                },
                                {
                                    "type": "text",
                                    "text": "\n水野さん、付録スライドのFigma移行ありがとうございます！\nまた個人感想スライドのフォーマット作成ありがとうございます！\n複製して編集しようとしたのですが、うまく編集できず…\nお手好きの際に編集方法教えていただけると助かります！\n"
                                },
                                {
                                    "type": "link",
                                    "url": "https:\/\/www.figma.com\/file\/e738Aj2UkL84XkKgPaB8y2\/%E3%82%A2%E3%83%88%E3%83%A2%E3%83%8E?type=design&node-id=2314-1477&mode=design&t=FV45gUe2M6Zm56ET-4",
                                    "text": "https:\/\/www.figma.com\/file\/e738Aj2UkL84XkKgPaB8y2\/%E3%82%A2%E3%83%88%E3%83%A2%E3%83[…]type=design&node-id=2314-1477&mode=design&t=FV45gUe2M6Zm56ET-4"
                                },
                                {
                                    "type": "text",
                                    "text": "\n\nSlackでもいいですし、もし直接の方が伝えやすい等ありましたら時間合わせますので教えてください"
                                },
                                {
                                    "type": "emoji",
                                    "name": "man-bowing",
                                    "unicode": "1f647-200d-2642-fe0f"
                                }
                            ]
                        }
                    ]
                }
            ],
            "team": "T04TGFGMK7C",
            "thread_ts": "1690551515.479959",
            "reply_count": 5,
            "reply_users_count": 2,
            "latest_reply": "1690556309.860589",
            "reply_users": [
                "U04T201950F",
                "U04T9TDB58W"
            ],
            "replies": [
                {
                    "user": "U04T201950F",
                    "ts": "1690552475.225579"
                },
                {
                    "user": "U04T9TDB58W",
                    "ts": "1690554044.536009"
                },
                {
                    "user": "U04T201950F",
                    "ts": "1690554135.729069"
                },
                {
                    "user": "U04T201950F",
                    "ts": "1690554251.103449"
                },
                {
                    "user": "U04T9TDB58W",
                    "ts": "1690556309.860589"
                }
            ],
            "is_locked": false,
            "subscribed": false
        },
        "blocks": [
            {
                "type": "rich_text",
                "block_id": "R0+Ux",
                "elements": [
                    {
                        "type": "rich_text_quote",
                        "elements": [
                            {
                                "type": "text",
                                "text": " おっと、これは私のローカルのfontを使ってるからですね. 組み込まれたfontに変更しておきます"
                            }
                        ]
                    },
                    {
                        "type": "rich_text_section",
                        "elements": [
                            {
                                "type": "text",
                                "text": "Font, Ubuntuに変えておきました."
                            }
                        ]
                    }
                ]
            }
        ],
        "client_msg_id": "4763dcf1-94d4-4bb0-9d4a-2a7a5c4bcbea",
        "reactions": [
            {
                "name": "arigatougozaimasu",
                "users": [
                    "U04T201950F"
                ],
                "count": 1
            }
        ]
    },
    {
        "client_msg_id": "deb6a856-97e4-4ee5-b71b-8fcc63a320be",
        "type": "message",
        "text": "<https:\/\/gyazo.com\/af209d206b865e07b556f0b890f74bfd> メンバー紹介、スライド起こしておきました. お手好きの際に各自編集をお願いします <!here>\n\n<https:\/\/www.figma.com\/file\/e738Aj2UkL84XkKgPaB8y2\/%E3%82%A2%E3%83%88%E3%83%A2%E3%83%8E?type=design&amp;node-id=2280-152&amp;mode=design&amp;t=VOnkBcOqbciZSOCL-4>",
        "user": "U04T9TDB58W",
        "ts": "1690558782.382829",
        "blocks": [
            {
                "type": "rich_text",
                "block_id": "ymRc+",
                "elements": [
                    {
                        "type": "rich_text_section",
                        "elements": [
                            {
                                "type": "link",
                                "url": "https:\/\/gyazo.com\/af209d206b865e07b556f0b890f74bfd"
                            },
                            {
                                "type": "text",
                                "text": " メンバー紹介、スライド起こしておきました. お手好きの際に各自編集をお願いします "
                            },
                            {
                                "type": "broadcast",
                                "range": "here"
                            },
                            {
                                "type": "text",
                                "text": "\n\n"
                            },
                            {
                                "type": "link",
                                "url": "https:\/\/www.figma.com\/file\/e738Aj2UkL84XkKgPaB8y2\/%E3%82%A2%E3%83%88%E3%83%A2%E3%83%8E?type=design&node-id=2280-152&mode=design&t=VOnkBcOqbciZSOCL-4"
                            }
                        ]
                    }
                ]
            }
        ],
        "team": "T04TGFGMK7C",
        "user_team": "T04TGFGMK7C",
        "source_team": "T04TGFGMK7C",
        "user_profile": {
            "avatar_hash": "183a619e0408",
            "image_72": "https:\/\/avatars.slack-edge.com\/2023-03-11\/4958815898464_183a619e0408c53031fd_72.jpg",
            "first_name": "Hibiki",
            "real_name": "Hibiki Mizuno",
            "display_name": "Jabelic スクラムマスター",
            "team": "T04TGFGMK7C",
            "name": "a2239hm",
            "is_restricted": false,
            "is_ultra_restricted": false
        },
        "edited": {
            "user": "U04T9TDB58W",
            "ts": "1690558797.000000"
        },
        "attachments": [
            {
                "image_url": "https:\/\/i.gyazo.com\/af209d206b865e07b556f0b890f74bfd.png",
                "image_width": 1096,
                "image_height": 631,
                "image_bytes": 428550,
                "from_url": "https:\/\/gyazo.com\/af209d206b865e07b556f0b890f74bfd",
                "service_icon": "https:\/\/gyazo.com\/favicon.ico",
                "id": 1,
                "original_url": "https:\/\/gyazo.com\/af209d206b865e07b556f0b890f74bfd",
                "fallback": "Gyazo Photo:",
                "service_name": "Gyazo",
                "service_url": "https:\/\/gyazo.com\/"
            }
        ],
        "thread_ts": "1690558782.382829",
        "reply_count": 2,
        "reply_users_count": 2,
        "latest_reply": "1690586857.138829",
        "reply_users": [
            "U04TV4NASPK",
            "U04T201950F"
        ],
        "replies": [
            {
                "user": "U04TV4NASPK",
                "ts": "1690559437.357849"
            },
            {
                "user": "U04T201950F",
                "ts": "1690586857.138829"
            }
        ],
        "is_locked": false,
        "subscribed": false,
        "reactions": [
            {
                "name": "+1",
                "users": [
                    "U04TV4NASPK",
                    "U04U66DNCRE"
                ],
                "count": 2
            },
            {
                "name": "arigatougozaimasu",
                "users": [
                    "U04T201950F",
                    "U04TGBZ4XEX",
                    "U04TDHFKJ85"
                ],
                "count": 3
            }
        ]
    },
    {
        "client_msg_id": "66034017-8fa8-4ba4-a8c5-44567d4130d0",
        "type": "message",
        "text": "明日スライド作る時に助かります！",
        "user": "U04TV4NASPK",
        "ts": "1690559437.357849",
        "blocks": [
            {
                "type": "rich_text",
                "block_id": "uM2",
                "elements": [
                    {
                        "type": "rich_text_section",
                        "elements": [
                            {
                                "type": "text",
                                "text": "明日スライド作る時に助かります！"
                            }
                        ]
                    }
                ]
            }
        ],
        "team": "T04TGFGMK7C",
        "user_team": "T04TGFGMK7C",
        "source_team": "T04TGFGMK7C",
        "user_profile": {
            "avatar_hash": "342942264635",
            "image_72": "https:\/\/avatars.slack-edge.com\/2023-03-11\/4927985433382_34294226463524804a2d_72.jpg",
            "first_name": "Nakayama",
            "real_name": "Nakayama Kenta",
            "display_name": "Nakayama",
            "team": "T04TGFGMK7C",
            "name": "a2231kn",
            "is_restricted": false,
            "is_ultra_restricted": false
        },
        "thread_ts": "1690558782.382829",
        "parent_user_id": "U04T9TDB58W",
        "reactions": [
            {
                "name": "raised_hands",
                "users": [
                    "U04T9TDB58W"
                ],
                "count": 1
            }
        ]
    },
    {
        "client_msg_id": "469e1949-9f93-40bf-b40d-84a0573f7a0f",
        "type": "message",
        "text": "名前とアイコンの編集までやっていただきありがとうございます。。。感謝感謝です:pray:\nそしてデザインめっちゃいい:sparkles:",
        "user": "U04T201950F",
        "ts": "1690586857.138829",
        "blocks": [
            {
                "type": "rich_text",
                "block_id": "w3I",
                "elements": [
                    {
                        "type": "rich_text_section",
                        "elements": [
                            {
                                "type": "text",
                                "text": "名前とアイコンの編集までやっていただきありがとうございます。。。感謝感謝です"
                            },
                            {
                                "type": "emoji",
                                "name": "pray",
                                "unicode": "1f64f"
                            },
                            {
                                "type": "text",
                                "text": "\nそしてデザインめっちゃいい"
                            },
                            {
                                "type": "emoji",
                                "name": "sparkles",
                                "unicode": "2728"
                            }
                        ]
                    }
                ]
            }
        ],
        "team": "T04TGFGMK7C",
        "user_team": "T04TGFGMK7C",
        "source_team": "T04TGFGMK7C",
        "user_profile": {
            "avatar_hash": "37195c285ebd",
            "image_72": "https:\/\/avatars.slack-edge.com\/2023-04-26\/5193192270752_37195c285ebdc8d65709_72.jpg",
            "first_name": "Dai",
            "real_name": "Dai Miyahara",
            "display_name": "Dai Miyahara",
            "team": "T04TGFGMK7C",
            "name": "a2240dm",
            "is_restricted": false,
            "is_ultra_restricted": false
        },
        "edited": {
            "user": "U04T201950F",
            "ts": "1690586873.000000"
        },
        "thread_ts": "1690558782.382829",
        "parent_user_id": "U04T9TDB58W",
        "reactions": [
            {
                "name": "raised_hands",
                "users": [
                    "U04T9TDB58W"
                ],
                "count": 1
            }
        ]
    },
    {
        "client_msg_id": "a569daf8-b05f-4b39-8b94-3e006a90834e",
        "type": "message",
        "text": "<!channel>\nお疲れさまです:man-bowing:\n発表スライドの作成ですが、期日から逆算すると以下のような流れになると考えています:man-bowing:\n\n• 7\/29-31：スライド作成完了\n• 8\/1：コアミーティングで中鉢先生に見せる（見せる場合）\n• 8\/2-4：修正・加筆（あれば）、リハーサル（must）\n• 8\/5：前期発表\nスライド作成完了の部分を具体化したほうがいいですよね:man-bowing:\n各自の予定は一旦考慮せずに、理想の流れ出します:man-bowing:\n\n• 7\/29（本日）：スライド草案確定\n• 7\/30（明日）：スライド作成\n• 7\/31（月曜）：スライド繋げてチーム内でレビュー\n水曜日の段階で<https:\/\/chubachi-pt-2023.slack.com\/archives\/C04T9T2TW22\/p1690374348255709|草案>は共有済みなので、まだ確認していない方はご確認お願いします:man-bowing:\n問題なければそのままスライド作成に入ります:man-bowing:\n担当決めとかで時間使うのもったいないので、各自立候補で取っていくスタイルでやれたら良いと思っています:man-bowing: （スクラム的なやり方ですね）\n\n何はともあれ草案確定しないことにはスライド作成に入れないので、ご確認よろしくお願いします:man-bowing: :man-bowing: :man-bowing: :man-bowing: :man-bowing: :man-bowing:",
        "user": "U04T201950F",
        "ts": "1690589147.237379",
        "blocks": [
            {
                "type": "rich_text",
                "block_id": "vkz",
                "elements": [
                    {
                        "type": "rich_text_section",
                        "elements": [
                            {
                                "type": "broadcast",
                                "range": "channel"
                            },
                            {
                                "type": "text",
                                "text": "\nお疲れさまです"
                            },
                            {
                                "type": "emoji",
                                "name": "man-bowing",
                                "unicode": "1f647-200d-2642-fe0f"
                            },
                            {
                                "type": "text",
                                "text": "\n発表スライドの作成ですが、期日から逆算すると以下のような流れになると考えています"
                            },
                            {
                                "type": "emoji",
                                "name": "man-bowing",
                                "unicode": "1f647-200d-2642-fe0f"
                            },
                            {
                                "type": "text",
                                "text": "\n\n"
                            }
                        ]
                    },
                    {
                        "type": "rich_text_list",
                        "elements": [
                            {
                                "type": "rich_text_section",
                                "elements": [
                                    {
                                        "type": "text",
                                        "text": "7\/29-31：スライド作成完了"
                                    }
                                ]
                            },
                            {
                                "type": "rich_text_section",
                                "elements": [
                                    {
                                        "type": "text",
                                        "text": "8\/1：コアミーティングで中鉢先生に見せる（見せる場合）"
                                    }
                                ]
                            },
                            {
                                "type": "rich_text_section",
                                "elements": [
                                    {
                                        "type": "text",
                                        "text": "8\/2-4：修正・加筆（あれば）、リハーサル（must）"
                                    }
                                ]
                            },
                            {
                                "type": "rich_text_section",
                                "elements": [
                                    {
                                        "type": "text",
                                        "text": "8\/5：前期発表"
                                    }
                                ]
                            }
                        ],
                        "style": "bullet",
                        "indent": 0,
                        "border": 0
                    },
                    {
                        "type": "rich_text_section",
                        "elements": [
                            {
                                "type": "text",
                                "text": "\nスライド作成完了の部分を具体化したほうがいいですよね"
                            },
                            {
                                "type": "emoji",
                                "name": "man-bowing",
                                "unicode": "1f647-200d-2642-fe0f"
                            },
                            {
                                "type": "text",
                                "text": "\n各自の予定は一旦考慮せずに、理想の流れ出します"
                            },
                            {
                                "type": "emoji",
                                "name": "man-bowing",
                                "unicode": "1f647-200d-2642-fe0f"
                            },
                            {
                                "type": "text",
                                "text": "\n\n"
                            }
                        ]
                    },
                    {
                        "type": "rich_text_list",
                        "elements": [
                            {
                                "type": "rich_text_section",
                                "elements": [
                                    {
                                        "type": "text",
                                        "text": "7\/29（本日）：スライド草案確定"
                                    }
                                ]
                            },
                            {
                                "type": "rich_text_section",
                                "elements": [
                                    {
                                        "type": "text",
                                        "text": "7\/30（明日）：スライド作成"
                                    }
                                ]
                            },
                            {
                                "type": "rich_text_section",
                                "elements": [
                                    {
                                        "type": "text",
                                        "text": "7\/31（月曜）：スライド繋げてチーム内でレビュー"
                                    }
                                ]
                            }
                        ],
                        "style": "bullet",
                        "indent": 0,
                        "border": 0
                    },
                    {
                        "type": "rich_text_section",
                        "elements": [
                            {
                                "type": "text",
                                "text": "\n水曜日の段階で"
                            },
                            {
                                "type": "link",
                                "url": "https:\/\/chubachi-pt-2023.slack.com\/archives\/C04T9T2TW22\/p1690374348255709",
                                "text": "草案"
                            },
                            {
                                "type": "text",
                                "text": "は共有済みなので、まだ確認していない方はご確認お願いします"
                            },
                            {
                                "type": "emoji",
                                "name": "man-bowing",
                                "unicode": "1f647-200d-2642-fe0f"
                            },
                            {
                                "type": "text",
                                "text": "\n問題なければそのままスライド作成に入ります"
                            },
                            {
                                "type": "emoji",
                                "name": "man-bowing",
                                "unicode": "1f647-200d-2642-fe0f"
                            },
                            {
                                "type": "text",
                                "text": "\n担当決めとかで時間使うのもったいないので、各自立候補で取っていくスタイルでやれたら良いと思っています"
                            },
                            {
                                "type": "emoji",
                                "name": "man-bowing",
                                "unicode": "1f647-200d-2642-fe0f"
                            },
                            {
                                "type": "text",
                                "text": " （スクラム的なやり方ですね）\n\n何はともあれ草案確定しないことにはスライド作成に入れないので、ご確認よろしくお願いします"
                            },
                            {
                                "type": "emoji",
                                "name": "man-bowing",
                                "unicode": "1f647-200d-2642-fe0f"
                            },
                            {
                                "type": "text",
                                "text": " "
                            },
                            {
                                "type": "emoji",
                                "name": "man-bowing",
                                "unicode": "1f647-200d-2642-fe0f"
                            },
                            {
                                "type": "text",
                                "text": " "
                            },
                            {
                                "type": "emoji",
                                "name": "man-bowing",
                                "unicode": "1f647-200d-2642-fe0f"
                            },
                            {
                                "type": "text",
                                "text": " "
                            },
                            {
                                "type": "emoji",
                                "name": "man-bowing",
                                "unicode": "1f647-200d-2642-fe0f"
                            },
                            {
                                "type": "text",
                                "text": " "
                            },
                            {
                                "type": "emoji",
                                "name": "man-bowing",
                                "unicode": "1f647-200d-2642-fe0f"
                            },
                            {
                                "type": "text",
                                "text": " "
                            },
                            {
                                "type": "emoji",
                                "name": "man-bowing",
                                "unicode": "1f647-200d-2642-fe0f"
                            }
                        ]
                    }
                ]
            }
        ],
        "team": "T04TGFGMK7C",
        "user_team": "T04TGFGMK7C",
        "source_team": "T04TGFGMK7C",
        "user_profile": {
            "avatar_hash": "37195c285ebd",
            "image_72": "https:\/\/avatars.slack-edge.com\/2023-04-26\/5193192270752_37195c285ebdc8d65709_72.jpg",
            "first_name": "Dai",
            "real_name": "Dai Miyahara",
            "display_name": "Dai Miyahara",
            "team": "T04TGFGMK7C",
            "name": "a2240dm",
            "is_restricted": false,
            "is_ultra_restricted": false
        },
        "attachments": [
            {
                "from_url": "https:\/\/chubachi-pt-2023.slack.com\/archives\/C04T9T2TW22\/p1690374348255709",
                "ts": "1690374348.255709",
                "author_id": "U04T201950F",
                "channel_id": "C04T9T2TW22",
                "channel_team": "T04TGFGMK7C",
                "is_msg_unfurl": true,
                "is_thread_root_unfurl": true,
                "message_blocks": [
                    {
                        "team": "T04TGFGMK7C",
                        "channel": "C04T9T2TW22",
                        "ts": "1690374348.255709",
                        "message": {
                            "blocks": [
                                {
                                    "type": "rich_text",
                                    "block_id": "VlI",
                                    "elements": [
                                        {
                                            "type": "rich_text_section",
                                            "elements": [
                                                {
                                                    "type": "broadcast",
                                                    "range": "channel"
                                                },
                                                {
                                                    "type": "text",
                                                    "text": "\n前期発表資料の本論の草案を作成しました。\n確認していただき、違和感・不明点等あれば教えて下さい。\n修正はコメント確認し適宜行います。\n"
                                                },
                                                {
                                                    "type": "link",
                                                    "url": "https:\/\/www.notion.so\/de73215f0087475ea68317eb8d55c35e?pvs=4#62bff5c8352f45d994198bb2514b65f6"
                                                },
                                                {
                                                    "type": "text",
                                                    "text": "\n\nこちらを踏まえて各スライドの作成担当決める流れで行きたいと思います。"
                                                }
                                            ]
                                        }
                                    ]
                                }
                            ]
                        }
                    }
                ],
                "id": 1,
                "original_url": "https:\/\/chubachi-pt-2023.slack.com\/archives\/C04T9T2TW22\/p1690374348255709",
                "fallback": "[July 26th, 2023 5:25 AM] a2240dm: <!channel>\n前期発表資料の本論の草案を作成しました。\n確認していただき、違和感・不明点等あれば教えて下さい。\n修正はコメント確認し適宜行います。\n<https:\/\/www.notion.so\/de73215f0087475ea68317eb8d55c35e?pvs=4#62bff5c8352f45d994198bb2514b65f6>\n\nこちらを踏まえて各スライドの作成担当決める流れで行きたいと思います。",
                "text": "<!channel>\n前期発表資料の本論の草案を作成しました。\n確認していただき、違和感・不明点等あれば教えて下さい。\n修正はコメント確認し適宜行います。\n<https:\/\/www.notion.so\/de73215f0087475ea68317eb8d55c35e?pvs=4#62bff5c8352f45d994198bb2514b65f6>\n\nこちらを踏まえて各スライドの作成担当決める流れで行きたいと思います。",
                "author_name": "Dai Miyahara",
                "author_link": "https:\/\/chubachi-pt-2023.slack.com\/team\/U04T201950F",
                "author_icon": "https:\/\/avatars.slack-edge.com\/2023-04-26\/5193192270752_37195c285ebdc8d65709_48.jpg",
                "author_subname": "Dai Miyahara",
                "mrkdwn_in": [
                    "text"
                ],
                "footer": "Slack の会話内のスレッド"
            }
        ],
        "thread_ts": "1690589147.237379",
        "reply_count": 9,
        "reply_users_count": 2,
        "latest_reply": "1690605360.797489",
        "reply_users": [
            "U04U66DNCRE",
            "U04T201950F"
        ],
        "replies": [
            {
                "user": "U04U66DNCRE",
                "ts": "1690589555.035489"
            },
            {
                "user": "U04T201950F",
                "ts": "1690596899.297169"
            },
            {
                "user": "U04T201950F",
                "ts": "1690596901.171729"
            },
            {
                "user": "U04T201950F",
                "ts": "1690596905.577819"
            },
            {
                "user": "U04T201950F",
                "ts": "1690596933.234769"
            },
            {
                "user": "U04T201950F",
                "ts": "1690598011.251189"
            },
            {
                "user": "U04T201950F",
                "ts": "1690598815.682869"
            },
            {
                "user": "U04T201950F",
                "ts": "1690600200.446789"
            },
            {
                "user": "U04U66DNCRE",
                "ts": "1690605360.797489"
            }
        ],
        "is_locked": false,
        "subscribed": false,
        "reactions": [
            {
                "name": "pray",
                "users": [
                    "U04U66DNCRE",
                    "U04TV4NASPK",
                    "U04TGBZ4XEX"
                ],
                "count": 3
            },
            {
                "name": "raised_hands",
                "users": [
                    "U04T9TDB58W"
                ],
                "count": 1
            },
            {
                "name": "+1",
                "users": [
                    "U04T9TDB58W"
                ],
                "count": 1
            }
        ]
    },
    {
        "client_msg_id": "1E444628-DCA1-48C6-8B53-2E29F12CA874",
        "type": "message",
        "text": "宮原さん、ありがとうございます！！\n仕切れず申し訳ありません :man-bowing: \nNotion上で返信頂いたコメントについても確認しました！\n草案については認識相違ないです :man-gesturing-ok: ",
        "user": "U04U66DNCRE",
        "ts": "1690589555.035489",
        "blocks": [
            {
                "type": "rich_text",
                "block_id": "jxt",
                "elements": [
                    {
                        "type": "rich_text_section",
                        "elements": [
                            {
                                "type": "text",
                                "text": "宮原さん、ありがとうございます！！\n仕切れず申し訳ありません "
                            },
                            {
                                "type": "emoji",
                                "name": "man-bowing",
                                "unicode": "1f647-200d-2642-fe0f"
                            },
                            {
                                "type": "text",
                                "text": " \nNotion上で返信頂いたコメントについても確認しました！\n草案については認識相違ないです "
                            },
                            {
                                "type": "emoji",
                                "name": "man-gesturing-ok",
                                "unicode": "1f646-200d-2642-fe0f"
                            },
                            {
                                "type": "text",
                                "text": " "
                            }
                        ]
                    }
                ]
            }
        ],
        "team": "T04TGFGMK7C",
        "user_team": "T04TGFGMK7C",
        "source_team": "T04TGFGMK7C",
        "user_profile": {
            "avatar_hash": "0e82c2c0bd34",
            "image_72": "https:\/\/avatars.slack-edge.com\/2023-04-25\/5161183917605_0e82c2c0bd34f978f1fd_72.jpg",
            "first_name": "Ohno",
            "real_name": "Ohno Hiroto",
            "display_name": "Ohno Hiroto",
            "team": "T04TGFGMK7C",
            "name": "a2206ho",
            "is_restricted": false,
            "is_ultra_restricted": false
        },
        "thread_ts": "1690589147.237379",
        "parent_user_id": "U04T201950F",
        "reactions": [
            {
                "name": "+1",
                "users": [
                    "U04T201950F"
                ],
                "count": 1
            },
            {
                "name": "okini_nasarazu",
                "users": [
                    "U04T201950F"
                ],
                "count": 1
            }
        ]
    },
    {
        "client_msg_id": "17faa34e-b311-4d87-9b18-45d69ef350be",
        "type": "message",
        "text": "※このスレッドに更新情報載せていきます。",
        "user": "U04T201950F",
        "ts": "1690596899.297169",
        "blocks": [
            {
                "type": "rich_text",
                "block_id": "W46\/x",
                "elements": [
                    {
                        "type": "rich_text_section",
                        "elements": [
                            {
                                "type": "text",
                                "text": "※このスレッドに更新情報載せていきます。"
                            }
                        ]
                    }
                ]
            }
        ],
        "team": "T04TGFGMK7C",
        "user_team": "T04TGFGMK7C",
        "source_team": "T04TGFGMK7C",
        "user_profile": {
            "avatar_hash": "37195c285ebd",
            "image_72": "https:\/\/avatars.slack-edge.com\/2023-04-26\/5193192270752_37195c285ebdc8d65709_72.jpg",
            "first_name": "Dai",
            "real_name": "Dai Miyahara",
            "display_name": "Dai Miyahara",
            "team": "T04TGFGMK7C",
            "name": "a2240dm",
            "is_restricted": false,
            "is_ultra_restricted": false
        },
        "thread_ts": "1690589147.237379",
        "parent_user_id": "U04T201950F"
    },
    {
        "client_msg_id": "9593b72e-7ce0-495b-a175-2fbef19774f7",
        "type": "message",
        "text": "草案のタイトル部分をフローチャート（といえるか微妙ですが）にしてスライド作成しました。\n右に行くと各タイトル毎の説明スライドになっており、MTGででたアイデア通りサイドにフローチャートを配置して、今どの項目を話しているかをわかりやすくしております。\n違和感等あれば教えてください。\n<https:\/\/www.figma.com\/file\/e738Aj2UkL84XkKgPaB8y2\/%E3%82%A2%E3%83%88%E3%83%A2%E3%83%8E?type=design&amp;node-id=2335-579&amp;mode=design&amp;t=BmrUMWiQUlN3P9FU-4>",
        "user": "U04T201950F",
        "ts": "1690596901.171729",
        "blocks": [
            {
                "type": "rich_text",
                "block_id": "muiR",
                "elements": [
                    {
                        "type": "rich_text_section",
                        "elements": [
                            {
                                "type": "text",
                                "text": "草案のタイトル部分をフローチャート（といえるか微妙ですが）にしてスライド作成しました。\n右に行くと各タイトル毎の説明スライドになっており、MTGででたアイデア通りサイドにフローチャートを配置して、今どの項目を話しているかをわかりやすくしております。\n違和感等あれば教えてください。\n"
                            },
                            {
                                "type": "link",
                                "url": "https:\/\/www.figma.com\/file\/e738Aj2UkL84XkKgPaB8y2\/%E3%82%A2%E3%83%88%E3%83%A2%E3%83%8E?type=design&node-id=2335-579&mode=design&t=BmrUMWiQUlN3P9FU-4"
                            }
                        ]
                    }
                ]
            }
        ],
        "team": "T04TGFGMK7C",
        "user_team": "T04TGFGMK7C",
        "source_team": "T04TGFGMK7C",
        "user_profile": {
            "avatar_hash": "37195c285ebd",
            "image_72": "https:\/\/avatars.slack-edge.com\/2023-04-26\/5193192270752_37195c285ebdc8d65709_72.jpg",
            "first_name": "Dai",
            "real_name": "Dai Miyahara",
            "display_name": "Dai Miyahara",
            "team": "T04TGFGMK7C",
            "name": "a2240dm",
            "is_restricted": false,
            "is_ultra_restricted": false
        },
        "thread_ts": "1690589147.237379",
        "parent_user_id": "U04T201950F"
    },
    {
        "client_msg_id": "6ddd67a5-207d-4759-bd5b-2b563bb6a3e9",
        "type": "message",
        "text": "各フェーズごとのスライドの記載方法は、大野さんからコメントある通り\n• 実施したこと\n• 工夫した点\n• 直面した課題、解決策\nみたいな感じでいいですかね？\n他にアイデアあれば教えてくださいー",
        "user": "U04T201950F",
        "ts": "1690596905.577819",
        "blocks": [
            {
                "type": "rich_text",
                "block_id": "+xaVN",
                "elements": [
                    {
                        "type": "rich_text_section",
                        "elements": [
                            {
                                "type": "text",
                                "text": "各フェーズごとのスライドの記載方法は、大野さんからコメントある通り\n"
                            }
                        ]
                    },
                    {
                        "type": "rich_text_list",
                        "elements": [
                            {
                                "type": "rich_text_section",
                                "elements": [
                                    {
                                        "type": "text",
                                        "text": "実施したこと"
                                    }
                                ]
                            },
                            {
                                "type": "rich_text_section",
                                "elements": [
                                    {
                                        "type": "text",
                                        "text": "工夫した点"
                                    }
                                ]
                            },
                            {
                                "type": "rich_text_section",
                                "elements": [
                                    {
                                        "type": "text",
                                        "text": "直面した課題、解決策"
                                    }
                                ]
                            }
                        ],
                        "style": "bullet",
                        "indent": 0,
                        "border": 0
                    },
                    {
                        "type": "rich_text_section",
                        "elements": [
                            {
                                "type": "text",
                                "text": "みたいな感じでいいですかね？\n他にアイデアあれば教えてくださいー"
                            }
                        ]
                    }
                ]
            }
        ],
        "team": "T04TGFGMK7C",
        "user_team": "T04TGFGMK7C",
        "source_team": "T04TGFGMK7C",
        "user_profile": {
            "avatar_hash": "37195c285ebd",
            "image_72": "https:\/\/avatars.slack-edge.com\/2023-04-26\/5193192270752_37195c285ebdc8d65709_72.jpg",
            "first_name": "Dai",
            "real_name": "Dai Miyahara",
            "display_name": "Dai Miyahara",
            "team": "T04TGFGMK7C",
            "name": "a2240dm",
            "is_restricted": false,
            "is_ultra_restricted": false
        },
        "thread_ts": "1690589147.237379",
        "parent_user_id": "U04T201950F"
    },
    {
        "client_msg_id": "79432d50-4c6d-4db6-8125-53014e9c6ee8",
        "type": "message",
        "text": "目標設定スライド作成しました。\n<https:\/\/www.figma.com\/file\/e738Aj2UkL84XkKgPaB8y2\/%E3%82%A2%E3%83%88%E3%83%A2%E3%83%8E?type=design&amp;node-id=2336-643&amp;mode=design&amp;t=BmrUMWiQUlN3P9FU-4>",
        "user": "U04T201950F",
        "ts": "1690596933.234769",
        "blocks": [
            {
                "type": "rich_text",
                "block_id": "qBX",
                "elements": [
                    {
                        "type": "rich_text_section",
                        "elements": [
                            {
                                "type": "text",
                                "text": "目標設定スライド作成しました。\n"
                            },
                            {
                                "type": "link",
                                "url": "https:\/\/www.figma.com\/file\/e738Aj2UkL84XkKgPaB8y2\/%E3%82%A2%E3%83%88%E3%83%A2%E3%83%8E?type=design&node-id=2336-643&mode=design&t=BmrUMWiQUlN3P9FU-4"
                            }
                        ]
                    }
                ]
            }
        ],
        "team": "T04TGFGMK7C",
        "user_team": "T04TGFGMK7C",
        "source_team": "T04TGFGMK7C",
        "user_profile": {
            "avatar_hash": "37195c285ebd",
            "image_72": "https:\/\/avatars.slack-edge.com\/2023-04-26\/5193192270752_37195c285ebdc8d65709_72.jpg",
            "first_name": "Dai",
            "real_name": "Dai Miyahara",
            "display_name": "Dai Miyahara",
            "team": "T04TGFGMK7C",
            "name": "a2240dm",
            "is_restricted": false,
            "is_ultra_restricted": false
        },
        "thread_ts": "1690589147.237379",
        "parent_user_id": "U04T201950F"
    },
    {
        "client_msg_id": "71623b9f-b25d-420b-a94d-8027991a3e53",
        "type": "message",
        "text": "「何を作るか」スライド作成しました。\n<https:\/\/www.figma.com\/file\/e738Aj2UkL84XkKgPaB8y2\/%E3%82%A2%E3%83%88%E3%83%A2%E3%83%8E?type=design&amp;node-id=2336-747&amp;mode=design&amp;t=BmrUMWiQUlN3P9FU-4>",
        "user": "U04T201950F",
        "ts": "1690598011.251189",
        "blocks": [
            {
                "type": "rich_text",
                "block_id": "bXphB",
                "elements": [
                    {
                        "type": "rich_text_section",
                        "elements": [
                            {
                                "type": "text",
                                "text": "「何を作るか」スライド作成しました。\n"
                            },
                            {
                                "type": "link",
                                "url": "https:\/\/www.figma.com\/file\/e738Aj2UkL84XkKgPaB8y2\/%E3%82%A2%E3%83%88%E3%83%A2%E3%83%8E?type=design&node-id=2336-747&mode=design&t=BmrUMWiQUlN3P9FU-4"
                            }
                        ]
                    }
                ]
            }
        ],
        "team": "T04TGFGMK7C",
        "user_team": "T04TGFGMK7C",
        "source_team": "T04TGFGMK7C",
        "user_profile": {
            "avatar_hash": "37195c285ebd",
            "image_72": "https:\/\/avatars.slack-edge.com\/2023-04-26\/5193192270752_37195c285ebdc8d65709_72.jpg",
            "first_name": "Dai",
            "real_name": "Dai Miyahara",
            "display_name": "Dai Miyahara",
            "team": "T04TGFGMK7C",
            "name": "a2240dm",
            "is_restricted": false,
            "is_ultra_restricted": false
        },
        "thread_ts": "1690589147.237379",
        "parent_user_id": "U04T201950F"
    },
    {
        "client_msg_id": "0296e43a-5159-4e01-af87-4e2cb801452e",
        "type": "message",
        "text": "「役割決め」スライド作成しました。\n<https:\/\/www.figma.com\/file\/e738Aj2UkL84XkKgPaB8y2\/%E3%82%A2%E3%83%88%E3%83%A2%E3%83%8E?type=design&amp;node-id=2336-830&amp;mode=design&amp;t=BmrUMWiQUlN3P9FU-4>",
        "user": "U04T201950F",
        "ts": "1690598815.682869",
        "blocks": [
            {
                "type": "rich_text",
                "block_id": "=Mc",
                "elements": [
                    {
                        "type": "rich_text_section",
                        "elements": [
                            {
                                "type": "text",
                                "text": "「役割決め」スライド作成しました。\n"
                            },
                            {
                                "type": "link",
                                "url": "https:\/\/www.figma.com\/file\/e738Aj2UkL84XkKgPaB8y2\/%E3%82%A2%E3%83%88%E3%83%A2%E3%83%8E?type=design&node-id=2336-830&mode=design&t=BmrUMWiQUlN3P9FU-4"
                            }
                        ]
                    }
                ]
            }
        ],
        "team": "T04TGFGMK7C",
        "user_team": "T04TGFGMK7C",
        "source_team": "T04TGFGMK7C",
        "user_profile": {
            "avatar_hash": "37195c285ebd",
            "image_72": "https:\/\/avatars.slack-edge.com\/2023-04-26\/5193192270752_37195c285ebdc8d65709_72.jpg",
            "first_name": "Dai",
            "real_name": "Dai Miyahara",
            "display_name": "Dai Miyahara",
            "team": "T04TGFGMK7C",
            "name": "a2240dm",
            "is_restricted": false,
            "is_ultra_restricted": false
        },
        "thread_ts": "1690589147.237379",
        "parent_user_id": "U04T201950F"
    },
    {
        "client_msg_id": "9760b129-54d5-4ad8-9d9c-ea4d06872df8",
        "type": "message",
        "text": "「バックログ作成」スライド作成しました。\n<https:\/\/www.figma.com\/file\/e738Aj2UkL84XkKgPaB8y2\/%E3%82%A2%E3%83%88%E3%83%A2%E3%83%8E?type=design&amp;node-id=2336-855&amp;mode=design&amp;t=BmrUMWiQUlN3P9FU-4>",
        "user": "U04T201950F",
        "ts": "1690600200.446789",
        "blocks": [
            {
                "type": "rich_text",
                "block_id": "uHm",
                "elements": [
                    {
                        "type": "rich_text_section",
                        "elements": [
                            {
                                "type": "text",
                                "text": "「バックログ作成」スライド作成しました。\n"
                            },
                            {
                                "type": "link",
                                "url": "https:\/\/www.figma.com\/file\/e738Aj2UkL84XkKgPaB8y2\/%E3%82%A2%E3%83%88%E3%83%A2%E3%83%8E?type=design&node-id=2336-855&mode=design&t=BmrUMWiQUlN3P9FU-4"
                            }
                        ]
                    }
                ]
            }
        ],
        "team": "T04TGFGMK7C",
        "user_team": "T04TGFGMK7C",
        "source_team": "T04TGFGMK7C",
        "user_profile": {
            "avatar_hash": "37195c285ebd",
            "image_72": "https:\/\/avatars.slack-edge.com\/2023-04-26\/5193192270752_37195c285ebdc8d65709_72.jpg",
            "first_name": "Dai",
            "real_name": "Dai Miyahara",
            "display_name": "Dai Miyahara",
            "team": "T04TGFGMK7C",
            "name": "a2240dm",
            "is_restricted": false,
            "is_ultra_restricted": false
        },
        "thread_ts": "1690589147.237379",
        "parent_user_id": "U04T201950F"
    },
    {
        "client_msg_id": "f7597e24-58b7-4ccc-860a-dbbee64b54a8",
        "type": "message",
        "text": "めちゃくちゃありがとうございます！\nとても見やすいです:man-gesturing-ok:",
        "user": "U04U66DNCRE",
        "ts": "1690605360.797489",
        "blocks": [
            {
                "type": "rich_text",
                "block_id": "TwF",
                "elements": [
                    {
                        "type": "rich_text_section",
                        "elements": [
                            {
                                "type": "text",
                                "text": "めちゃくちゃありがとうございます！\nとても見やすいです"
                            },
                            {
                                "type": "emoji",
                                "name": "man-gesturing-ok",
                                "unicode": "1f646-200d-2642-fe0f"
                            }
                        ]
                    }
                ]
            }
        ],
        "team": "T04TGFGMK7C",
        "user_team": "T04TGFGMK7C",
        "source_team": "T04TGFGMK7C",
        "user_profile": {
            "avatar_hash": "0e82c2c0bd34",
            "image_72": "https:\/\/avatars.slack-edge.com\/2023-04-25\/5161183917605_0e82c2c0bd34f978f1fd_72.jpg",
            "first_name": "Ohno",
            "real_name": "Ohno Hiroto",
            "display_name": "Ohno Hiroto",
            "team": "T04TGFGMK7C",
            "name": "a2206ho",
            "is_restricted": false,
            "is_ultra_restricted": false
        },
        "thread_ts": "1690589147.237379",
        "parent_user_id": "U04T201950F",
        "reactions": [
            {
                "name": "なかやまきんに君",
                "users": [
                    "U04T201950F"
                ],
                "count": 1
            }
        ]
    },
    {
        "client_msg_id": "3f03282d-f287-4ccd-91fc-fe6b8738b35c",
        "type": "message",
        "text": "<https:\/\/www.figma.com\/file\/e738Aj2UkL84XkKgPaB8y2\/%E3%82%A2%E3%83%88%E3%83%A2%E3%83%8E?type=design&amp;node-id=2352-788&amp;mode=design&amp;t=5rMWKJu2OncmrfpW-4> データ取得の方、Figamに起こしました. 図などを改変しているので、元のほうが良ければそちらにします. コメントを1件書いているので <@U04U66DSPEU> さん確認をお願いします :bow:",
        "user": "U04T9TDB58W",
        "ts": "1690610935.549759",
        "blocks": [
            {
                "type": "rich_text",
                "block_id": "37O",
                "elements": [
                    {
                        "type": "rich_text_section",
                        "elements": [
                            {
                                "type": "link",
                                "url": "https:\/\/www.figma.com\/file\/e738Aj2UkL84XkKgPaB8y2\/%E3%82%A2%E3%83%88%E3%83%A2%E3%83%8E?type=design&node-id=2352-788&mode=design&t=5rMWKJu2OncmrfpW-4"
                            },
                            {
                                "type": "text",
                                "text": " データ取得の方、Figamに起こしました. 図などを改変しているので、元のほうが良ければそちらにします. コメントを1件書いているので "
                            },
                            {
                                "type": "user",
                                "user_id": "U04U66DSPEU"
                            },
                            {
                                "type": "text",
                                "text": " さん確認をお願いします "
                            },
                            {
                                "type": "emoji",
                                "name": "bow",
                                "unicode": "1f647"
                            }
                        ]
                    }
                ]
            }
        ],
        "team": "T04TGFGMK7C",
        "user_team": "T04TGFGMK7C",
        "source_team": "T04TGFGMK7C",
        "user_profile": {
            "avatar_hash": "183a619e0408",
            "image_72": "https:\/\/avatars.slack-edge.com\/2023-03-11\/4958815898464_183a619e0408c53031fd_72.jpg",
            "first_name": "Hibiki",
            "real_name": "Hibiki Mizuno",
            "display_name": "Jabelic スクラムマスター",
            "team": "T04TGFGMK7C",
            "name": "a2239hm",
            "is_restricted": false,
            "is_ultra_restricted": false
        }
    },
    {
        "client_msg_id": "0632c1a4-23f9-4814-9a81-5959316e2a32",
        "type": "message",
        "text": "スライドについて, 規約(と言うまでもないけど)を書きました. 参考にしてください <!here>\n<https:\/\/www.figma.com\/file\/e738Aj2UkL84XkKgPaB8y2\/%E3%82%A2%E3%83%88%E3%83%A2%E3%83%8E?type=design&amp;node-id=2352-874&amp;mode=design&amp;t=U1xl7c7GZzfbgprG-4>",
        "user": "U04T9TDB58W",
        "ts": "1690612650.252699",
        "blocks": [
            {
                "type": "rich_text",
                "block_id": "uSzwe",
                "elements": [
                    {
                        "type": "rich_text_section",
                        "elements": [
                            {
                                "type": "text",
                                "text": "スライドについて, 規約(と言うまでもないけど)を書きました. 参考にしてください "
                            },
                            {
                                "type": "broadcast",
                                "range": "here"
                            },
                            {
                                "type": "text",
                                "text": "\n"
                            },
                            {
                                "type": "link",
                                "url": "https:\/\/www.figma.com\/file\/e738Aj2UkL84XkKgPaB8y2\/%E3%82%A2%E3%83%88%E3%83%A2%E3%83%8E?type=design&node-id=2352-874&mode=design&t=U1xl7c7GZzfbgprG-4"
                            }
                        ]
                    }
                ]
            }
        ],
        "team": "T04TGFGMK7C",
        "user_team": "T04TGFGMK7C",
        "source_team": "T04TGFGMK7C",
        "user_profile": {
            "avatar_hash": "183a619e0408",
            "image_72": "https:\/\/avatars.slack-edge.com\/2023-03-11\/4958815898464_183a619e0408c53031fd_72.jpg",
            "first_name": "Hibiki",
            "real_name": "Hibiki Mizuno",
            "display_name": "Jabelic スクラムマスター",
            "team": "T04TGFGMK7C",
            "name": "a2239hm",
            "is_restricted": false,
            "is_ultra_restricted": false
        },
        "reactions": [
            {
                "name": "raised_hands",
                "users": [
                    "U04T201950F",
                    "U04U66DNCRE"
                ],
                "count": 2
            }
        ]
    }
]