[
    {
        "client_msg_id": "b5e52475-4fdc-4af9-b8e2-67daf613da8a",
        "type": "message",
        "text": "<!channel>\n私も宮原さんに習って今後の課題や展望のところ簡単に作成してみました〜！\n何かあればご指摘お願いいたします。\n中山さんのコメントのなぜその対応を行うのかについての説明は説明する時間があれば口頭で説明、\n時間なさそうであれば割愛するイメージで考えてます:thinking_face:\n<https:\/\/www.figma.com\/file\/e738Aj2UkL84XkKgPaB8y2\/%E3%82%A2%E3%83%88%E3%83%A2%E3%83%8E?type=design&amp;node-id=2350-4443&amp;mode=design&amp;t=X07WXruJiL0pdEzx-4|https:\/\/www.figma.com\/file\/e738Aj2UkL84XkKgPaB8y2\/%E3%82%A2%E3%83%88%E3%83%A2%E3%83[…]type=design&amp;node-id=2350-4443&amp;mode=design&amp;t=X07WXruJiL0pdEzx-4>",
        "user": "U04U66DNCRE",
        "ts": "1690615995.757219",
        "blocks": [
            {
                "type": "rich_text",
                "block_id": "Lun",
                "elements": [
                    {
                        "type": "rich_text_section",
                        "elements": [
                            {
                                "type": "broadcast",
                                "range": "channel"
                            },
                            {
                                "type": "text",
                                "text": "\n私も宮原さんに習って今後の課題や展望のところ簡単に作成してみました〜！\n何かあればご指摘お願いいたします。\n中山さんのコメントのなぜその対応を行うのかについての説明は説明する時間があれば口頭で説明、\n時間なさそうであれば割愛するイメージで考えてます"
                            },
                            {
                                "type": "emoji",
                                "name": "thinking_face",
                                "unicode": "1f914"
                            },
                            {
                                "type": "text",
                                "text": "\n"
                            },
                            {
                                "type": "link",
                                "url": "https:\/\/www.figma.com\/file\/e738Aj2UkL84XkKgPaB8y2\/%E3%82%A2%E3%83%88%E3%83%A2%E3%83%8E?type=design&node-id=2350-4443&mode=design&t=X07WXruJiL0pdEzx-4",
                                "text": "https:\/\/www.figma.com\/file\/e738Aj2UkL84XkKgPaB8y2\/%E3%82%A2%E3%83%88%E3%83%A2%E3%83[…]type=design&node-id=2350-4443&mode=design&t=X07WXruJiL0pdEzx-4"
                            }
                        ]
                    }
                ]
            }
        ],
        "team": "T04TGFGMK7C",
        "user_team": "T04TGFGMK7C",
        "source_team": "T04TGFGMK7C",
        "user_profile": {
            "avatar_hash": "0e82c2c0bd34",
            "image_72": "https:\/\/avatars.slack-edge.com\/2023-04-25\/5161183917605_0e82c2c0bd34f978f1fd_72.jpg",
            "first_name": "Ohno",
            "real_name": "Ohno Hiroto",
            "display_name": "Ohno Hiroto",
            "team": "T04TGFGMK7C",
            "name": "a2206ho",
            "is_restricted": false,
            "is_ultra_restricted": false
        },
        "reactions": [
            {
                "name": "+1",
                "users": [
                    "U04TV4NASPK"
                ],
                "count": 1
            },
            {
                "name": "arigatougozaimasu",
                "users": [
                    "U04T201950F"
                ],
                "count": 1
            }
        ]
    },
    {
        "client_msg_id": "4e7e300c-2102-4d82-bf41-65c9f87e97b4",
        "type": "message",
        "text": "あと、一応前回のミーティングからのネクストアクションで個人の感想の部分は作成に着手頂くという話だったかと思うので、\nこちらも作業お願いいたします:pray:\n<https:\/\/www.notion.so\/de73215f0087475ea68317eb8d55c35e?pvs=4#1f396e0d1134440794dc9b40ccb652db>",
        "user": "U04U66DNCRE",
        "ts": "1690616121.596699",
        "blocks": [
            {
                "type": "rich_text",
                "block_id": "jMC",
                "elements": [
                    {
                        "type": "rich_text_section",
                        "elements": [
                            {
                                "type": "text",
                                "text": "あと、一応前回のミーティングからのネクストアクションで個人の感想の部分は作成に着手頂くという話だったかと思うので、\nこちらも作業お願いいたします"
                            },
                            {
                                "type": "emoji",
                                "name": "pray",
                                "unicode": "1f64f"
                            },
                            {
                                "type": "text",
                                "text": "\n"
                            },
                            {
                                "type": "link",
                                "url": "https:\/\/www.notion.so\/de73215f0087475ea68317eb8d55c35e?pvs=4#1f396e0d1134440794dc9b40ccb652db"
                            }
                        ]
                    }
                ]
            }
        ],
        "team": "T04TGFGMK7C",
        "user_team": "T04TGFGMK7C",
        "source_team": "T04TGFGMK7C",
        "user_profile": {
            "avatar_hash": "0e82c2c0bd34",
            "image_72": "https:\/\/avatars.slack-edge.com\/2023-04-25\/5161183917605_0e82c2c0bd34f978f1fd_72.jpg",
            "first_name": "Ohno",
            "real_name": "Ohno Hiroto",
            "display_name": "Ohno Hiroto",
            "team": "T04TGFGMK7C",
            "name": "a2206ho",
            "is_restricted": false,
            "is_ultra_restricted": false
        },
        "attachments": [
            {
                "id": 1,
                "footer_icon": "https:\/\/notion.so\/images\/logo-for-slack-integration.png",
                "ts": 1688809140,
                "color": "E8E7E4",
                "bot_id": "B0551QLP8AU",
                "app_unfurl_url": "https:\/\/www.notion.so\/de73215f0087475ea68317eb8d55c35e?pvs=4#1f396e0d1134440794dc9b40ccb652db",
                "is_app_unfurl": true,
                "app_id": "A049JV0H0KC",
                "fallback": ":triumph: 前期成果発表",
                "text": "各自感想パートのスライド作成",
                "title": ":triumph: 前期成果発表",
                "title_link": "https:\/\/www.notion.so\/de73215f0087475ea68317eb8d55c35e?pvs=6&utm_content=de73215f-0087-475e-a683-17eb8d55c35e&utm_campaign=T04TGFGMK7C&n=slack&n=slack_link_unfurl#1f396e0d1134440794dc9b40ccb652db",
                "footer": "Created by 大野寛人"
            }
        ]
    },
    {
        "client_msg_id": "949d1d85-a1d4-4f74-85ed-d83496c2610e",
        "type": "message",
        "text": "<!channel>\nお疲れ様です。\n宮原さんからのメッセージにも記載ありますが、\n草案確定できないとスライド作業着手できないですし、\n作業時間的に明日逃すと結構きついと思うので草案の確認お願いします:pray:\nコメントあれば早めに投稿頂き、内容問題なければ:white_check_mark:お願いします。\n\n<https:\/\/chubachi-pt-2023.slack.com\/archives\/C04T9T2TW22\/p1690589147237379>",
        "user": "U04U66DNCRE",
        "ts": "1690640541.400609",
        "blocks": [
            {
                "type": "rich_text",
                "block_id": "571",
                "elements": [
                    {
                        "type": "rich_text_section",
                        "elements": [
                            {
                                "type": "broadcast",
                                "range": "channel"
                            },
                            {
                                "type": "text",
                                "text": "\nお疲れ様です。\n宮原さんからのメッセージにも記載ありますが、\n草案確定できないとスライド作業着手できないですし、\n作業時間的に明日逃すと結構きついと思うので草案の確認お願いします"
                            },
                            {
                                "type": "emoji",
                                "name": "pray",
                                "unicode": "1f64f"
                            },
                            {
                                "type": "text",
                                "text": "\nコメントあれば早めに投稿頂き、内容問題なければ"
                            },
                            {
                                "type": "emoji",
                                "name": "white_check_mark",
                                "unicode": "2705"
                            },
                            {
                                "type": "text",
                                "text": "お願いします。\n\n"
                            },
                            {
                                "type": "link",
                                "url": "https:\/\/chubachi-pt-2023.slack.com\/archives\/C04T9T2TW22\/p1690589147237379"
                            }
                        ]
                    }
                ]
            }
        ],
        "team": "T04TGFGMK7C",
        "user_team": "T04TGFGMK7C",
        "source_team": "T04TGFGMK7C",
        "user_profile": {
            "avatar_hash": "0e82c2c0bd34",
            "image_72": "https:\/\/avatars.slack-edge.com\/2023-04-25\/5161183917605_0e82c2c0bd34f978f1fd_72.jpg",
            "first_name": "Ohno",
            "real_name": "Ohno Hiroto",
            "display_name": "Ohno Hiroto",
            "team": "T04TGFGMK7C",
            "name": "a2206ho",
            "is_restricted": false,
            "is_ultra_restricted": false
        },
        "attachments": [
            {
                "from_url": "https:\/\/chubachi-pt-2023.slack.com\/archives\/C04T9T2TW22\/p1690589147237379",
                "ts": "1690589147.237379",
                "author_id": "U04T201950F",
                "channel_id": "C04T9T2TW22",
                "channel_team": "T04TGFGMK7C",
                "is_msg_unfurl": true,
                "is_thread_root_unfurl": true,
                "message_blocks": [
                    {
                        "team": "T04TGFGMK7C",
                        "channel": "C04T9T2TW22",
                        "ts": "1690589147.237379",
                        "message": {
                            "blocks": [
                                {
                                    "type": "rich_text",
                                    "block_id": "vkz",
                                    "elements": [
                                        {
                                            "type": "rich_text_section",
                                            "elements": [
                                                {
                                                    "type": "broadcast",
                                                    "range": "channel"
                                                },
                                                {
                                                    "type": "text",
                                                    "text": "\nお疲れさまです"
                                                },
                                                {
                                                    "type": "emoji",
                                                    "name": "man-bowing",
                                                    "unicode": "1f647-200d-2642-fe0f"
                                                },
                                                {
                                                    "type": "text",
                                                    "text": "\n発表スライドの作成ですが、期日から逆算すると以下のような流れになると考えています"
                                                },
                                                {
                                                    "type": "emoji",
                                                    "name": "man-bowing",
                                                    "unicode": "1f647-200d-2642-fe0f"
                                                },
                                                {
                                                    "type": "text",
                                                    "text": "\n\n"
                                                }
                                            ]
                                        },
                                        {
                                            "type": "rich_text_list",
                                            "elements": [
                                                {
                                                    "type": "rich_text_section",
                                                    "elements": [
                                                        {
                                                            "type": "text",
                                                            "text": "7\/29-31：スライド作成完了"
                                                        }
                                                    ]
                                                },
                                                {
                                                    "type": "rich_text_section",
                                                    "elements": [
                                                        {
                                                            "type": "text",
                                                            "text": "8\/1：コアミーティングで中鉢先生に見せる（見せる場合）"
                                                        }
                                                    ]
                                                },
                                                {
                                                    "type": "rich_text_section",
                                                    "elements": [
                                                        {
                                                            "type": "text",
                                                            "text": "8\/2-4：修正・加筆（あれば）、リハーサル（must）"
                                                        }
                                                    ]
                                                },
                                                {
                                                    "type": "rich_text_section",
                                                    "elements": [
                                                        {
                                                            "type": "text",
                                                            "text": "8\/5：前期発表"
                                                        }
                                                    ]
                                                }
                                            ],
                                            "style": "bullet",
                                            "indent": 0,
                                            "border": 0
                                        },
                                        {
                                            "type": "rich_text_section",
                                            "elements": [
                                                {
                                                    "type": "text",
                                                    "text": "\nスライド作成完了の部分を具体化したほうがいいですよね"
                                                },
                                                {
                                                    "type": "emoji",
                                                    "name": "man-bowing",
                                                    "unicode": "1f647-200d-2642-fe0f"
                                                },
                                                {
                                                    "type": "text",
                                                    "text": "\n各自の予定は一旦考慮せずに、理想の流れ出します"
                                                },
                                                {
                                                    "type": "emoji",
                                                    "name": "man-bowing",
                                                    "unicode": "1f647-200d-2642-fe0f"
                                                },
                                                {
                                                    "type": "text",
                                                    "text": "\n\n"
                                                }
                                            ]
                                        },
                                        {
                                            "type": "rich_text_list",
                                            "elements": [
                                                {
                                                    "type": "rich_text_section",
                                                    "elements": [
                                                        {
                                                            "type": "text",
                                                            "text": "7\/29（本日）：スライド草案確定"
                                                        }
                                                    ]
                                                },
                                                {
                                                    "type": "rich_text_section",
                                                    "elements": [
                                                        {
                                                            "type": "text",
                                                            "text": "7\/30（明日）：スライド作成"
                                                        }
                                                    ]
                                                },
                                                {
                                                    "type": "rich_text_section",
                                                    "elements": [
                                                        {
                                                            "type": "text",
                                                            "text": "7\/31（月曜）：スライド繋げてチーム内でレビュー"
                                                        }
                                                    ]
                                                }
                                            ],
                                            "style": "bullet",
                                            "indent": 0,
                                            "border": 0
                                        },
                                        {
                                            "type": "rich_text_section",
                                            "elements": [
                                                {
                                                    "type": "text",
                                                    "text": "\n水曜日の段階で"
                                                },
                                                {
                                                    "type": "link",
                                                    "url": "https:\/\/chubachi-pt-2023.slack.com\/archives\/C04T9T2TW22\/p1690374348255709",
                                                    "text": "草案"
                                                },
                                                {
                                                    "type": "text",
                                                    "text": "は共有済みなので、まだ確認していない方はご確認お願いします"
                                                },
                                                {
                                                    "type": "emoji",
                                                    "name": "man-bowing",
                                                    "unicode": "1f647-200d-2642-fe0f"
                                                },
                                                {
                                                    "type": "text",
                                                    "text": "\n問題なければそのままスライド作成に入ります"
                                                },
                                                {
                                                    "type": "emoji",
                                                    "name": "man-bowing",
                                                    "unicode": "1f647-200d-2642-fe0f"
                                                },
                                                {
                                                    "type": "text",
                                                    "text": "\n担当決めとかで時間使うのもったいないので、各自立候補で取っていくスタイルでやれたら良いと思っています"
                                                },
                                                {
                                                    "type": "emoji",
                                                    "name": "man-bowing",
                                                    "unicode": "1f647-200d-2642-fe0f"
                                                },
                                                {
                                                    "type": "text",
                                                    "text": " （スクラム的なやり方ですね）\n\n何はともあれ草案確定しないことにはスライド作成に入れないので、ご確認よろしくお願いします"
                                                },
                                                {
                                                    "type": "emoji",
                                                    "name": "man-bowing",
                                                    "unicode": "1f647-200d-2642-fe0f"
                                                },
                                                {
                                                    "type": "text",
                                                    "text": " "
                                                },
                                                {
                                                    "type": "emoji",
                                                    "name": "man-bowing",
                                                    "unicode": "1f647-200d-2642-fe0f"
                                                },
                                                {
                                                    "type": "text",
                                                    "text": " "
                                                },
                                                {
                                                    "type": "emoji",
                                                    "name": "man-bowing",
                                                    "unicode": "1f647-200d-2642-fe0f"
                                                },
                                                {
                                                    "type": "text",
                                                    "text": " "
                                                },
                                                {
                                                    "type": "emoji",
                                                    "name": "man-bowing",
                                                    "unicode": "1f647-200d-2642-fe0f"
                                                },
                                                {
                                                    "type": "text",
                                                    "text": " "
                                                },
                                                {
                                                    "type": "emoji",
                                                    "name": "man-bowing",
                                                    "unicode": "1f647-200d-2642-fe0f"
                                                },
                                                {
                                                    "type": "text",
                                                    "text": " "
                                                },
                                                {
                                                    "type": "emoji",
                                                    "name": "man-bowing",
                                                    "unicode": "1f647-200d-2642-fe0f"
                                                }
                                            ]
                                        }
                                    ]
                                }
                            ]
                        }
                    }
                ],
                "id": 1,
                "original_url": "https:\/\/chubachi-pt-2023.slack.com\/archives\/C04T9T2TW22\/p1690589147237379",
                "fallback": "[July 28th, 2023 5:05 PM] a2240dm: <!channel>\nお疲れさまです:man-bowing:\n発表スライドの作成ですが、期日から逆算すると以下のような流れになると考えています:man-bowing:\n\n• 7\/29-31：スライド作成完了\n• 8\/1：コアミーティングで中鉢先生に見せる（見せる場合）\n• 8\/2-4：修正・加筆（あれば）、リハーサル（must）\n• 8\/5：前期発表\nスライド作成完了の部分を具体化したほうがいいですよね:man-bowing:\n各自の予定は一旦考慮せずに、理想の流れ出します:man-bowing:\n\n• 7\/29（本日）：スライド草案確定\n• 7\/30（明日）：スライド作成\n• 7\/31（月曜）：スライド繋げてチーム内でレビュー\n水曜日の段階で<https:\/\/chubachi-pt-2023.slack.com\/archives\/C04T9T2TW22\/p1690374348255709|草案>は共有済みなので、まだ確認していない方はご確認お願いします:man-bowing:\n問題なければそのままスライド作成に入ります:man-bowing:\n担当決めとかで時間使うのもったいないので、各自立候補で取っていくスタイルでやれたら良いと思っています:man-bowing: （スクラム的なやり方ですね）\n\n何はともあれ草案確定しないことにはスライド作成に入れないので、ご確認よろしくお願いします:man-bowing: :man-bowing: :man-bowing: :man-bowing: :man-bowing: :man-bowing:",
                "text": "<!channel>\nお疲れさまです:man-bowing:\n発表スライドの作成ですが、期日から逆算すると以下のような流れになると考えています:man-bowing:\n\n• 7\/29-31：スライド作成完了\n• 8\/1：コアミーティングで中鉢先生に見せる（見せる場合）\n• 8\/2-4：修正・加筆（あれば）、リハーサル（must）\n• 8\/5：前期発表\nスライド作成完了の部分を具体化したほうがいいですよね:man-bowing:\n各自の予定は一旦考慮せずに、理想の流れ出します:man-bowing:\n\n• 7\/29（本日）：スライド草案確定\n• 7\/30（明日）：スライド作成\n• 7\/31（月曜）：スライド繋げてチーム内でレビュー\n水曜日の段階で<https:\/\/chubachi-pt-2023.slack.com\/archives\/C04T9T2TW22\/p1690374348255709|草案>は共有済みなので、まだ確認していない方はご確認お願いします:man-bowing:\n問題なければそのままスライド作成に入ります:man-bowing:\n担当決めとかで時間使うのもったいないので、各自立候補で取っていくスタイルでやれたら良いと思っています:man-bowing: （スクラム的なやり方ですね）\n\n何はともあれ草案確定しないことにはスライド作成に入れないので、ご確認よろしくお願いします:man-bowing: :man-bowing: :man-bowing: :man-bowing: :man-bowing: :man-bowing:",
                "author_name": "Dai Miyahara",
                "author_link": "https:\/\/chubachi-pt-2023.slack.com\/team\/U04T201950F",
                "author_icon": "https:\/\/avatars.slack-edge.com\/2023-04-26\/5193192270752_37195c285ebdc8d65709_48.jpg",
                "author_subname": "Dai Miyahara",
                "mrkdwn_in": [
                    "text"
                ],
                "footer": "Slack の会話内のスレッド"
            }
        ],
        "thread_ts": "1690640541.400609",
        "reply_count": 4,
        "reply_users_count": 3,
        "latest_reply": "1690706906.812769",
        "reply_users": [
            "U04U66DNCRE",
            "U04TDHFKJ85",
            "U04U66DSPEU"
        ],
        "replies": [
            {
                "user": "U04U66DNCRE",
                "ts": "1690680416.425389"
            },
            {
                "user": "U04TDHFKJ85",
                "ts": "1690703390.992909"
            },
            {
                "user": "U04U66DSPEU",
                "ts": "1690706831.301279"
            },
            {
                "user": "U04U66DSPEU",
                "ts": "1690706906.812769"
            }
        ],
        "is_locked": false,
        "subscribed": false,
        "reactions": [
            {
                "name": "white_check_mark",
                "users": [
                    "U04U66DNCRE",
                    "U04T201950F",
                    "U04TGBZ4XEX",
                    "U04T9TDB58W",
                    "U04TV4NASPK",
                    "U04TDHFKJ85",
                    "U04U66DSPEU"
                ],
                "count": 7
            },
            {
                "name": "man-bowing",
                "users": [
                    "U04T201950F"
                ],
                "count": 1
            }
        ]
    },
    {
        "client_msg_id": "6c1289c1-047e-484d-901f-e41810f6a50e",
        "type": "message",
        "text": "スライド草案確認しました. 作成ありがとうございます :raised_hands:\nコメントしたり書き足したりしました, もうスライド作り始めちゃっていいかなと思います  <!here>",
        "user": "U04T9TDB58W",
        "ts": "1690645033.074619",
        "blocks": [
            {
                "type": "rich_text",
                "block_id": "+gOHS",
                "elements": [
                    {
                        "type": "rich_text_section",
                        "elements": [
                            {
                                "type": "text",
                                "text": "スライド草案確認しました. 作成ありがとうございます "
                            },
                            {
                                "type": "emoji",
                                "name": "raised_hands",
                                "unicode": "1f64c"
                            },
                            {
                                "type": "text",
                                "text": "\nコメントしたり書き足したりしました, もうスライド作り始めちゃっていいかなと思います  "
                            },
                            {
                                "type": "broadcast",
                                "range": "here"
                            }
                        ]
                    }
                ]
            }
        ],
        "team": "T04TGFGMK7C",
        "user_team": "T04TGFGMK7C",
        "source_team": "T04TGFGMK7C",
        "user_profile": {
            "avatar_hash": "183a619e0408",
            "image_72": "https:\/\/avatars.slack-edge.com\/2023-03-11\/4958815898464_183a619e0408c53031fd_72.jpg",
            "first_name": "Hibiki",
            "real_name": "Hibiki Mizuno",
            "display_name": "Jabelic スクラムマスター",
            "team": "T04TGFGMK7C",
            "name": "a2239hm",
            "is_restricted": false,
            "is_ultra_restricted": false
        },
        "reactions": [
            {
                "name": "+1",
                "users": [
                    "U04T201950F",
                    "U04U66DNCRE"
                ],
                "count": 2
            }
        ]
    },
    {
        "type": "message",
        "text": "コメントいただいた皆様ありがとうございます！\nnotionでコメントいただいているもので議論がfixしてそうなものは解決済みにしました。\nnotionの右上のコメントアイコンから解決済みコメント見れるので、気になる方はそちらからご確認お願いします。",
        "files": [
            {
                "id": "F05KS561VC1",
                "created": 1690674043,
                "timestamp": 1690674043,
                "name": "Screen Shot 2023-07-30 at 8.40.14.png",
                "title": "Screen Shot 2023-07-30 at 8.40.14.png",
                "mimetype": "image\/png",
                "filetype": "png",
                "pretty_type": "PNG",
                "user": "U04T201950F",
                "user_team": "T04TGFGMK7C",
                "editable": false,
                "size": 120320,
                "mode": "hosted",
                "is_external": false,
                "external_type": "",
                "is_public": true,
                "public_url_shared": false,
                "display_as_bot": false,
                "username": "",
                "url_private": "https:\/\/files.slack.com\/files-pri\/T04TGFGMK7C-F05KS561VC1\/screen_shot_2023-07-30_at_8.40.14.png?t=xoxe-4934526733250-6368208843238-6387480588305-95888d873daabf54b325285fb536dbb2",
                "url_private_download": "https:\/\/files.slack.com\/files-pri\/T04TGFGMK7C-F05KS561VC1\/download\/screen_shot_2023-07-30_at_8.40.14.png?t=xoxe-4934526733250-6368208843238-6387480588305-95888d873daabf54b325285fb536dbb2",
                "media_display_type": "unknown",
                "thumb_64": "https:\/\/files.slack.com\/files-tmb\/T04TGFGMK7C-F05KS561VC1-3dc926156d\/screen_shot_2023-07-30_at_8.40.14_64.png?t=xoxe-4934526733250-6368208843238-6387480588305-95888d873daabf54b325285fb536dbb2",
                "thumb_80": "https:\/\/files.slack.com\/files-tmb\/T04TGFGMK7C-F05KS561VC1-3dc926156d\/screen_shot_2023-07-30_at_8.40.14_80.png?t=xoxe-4934526733250-6368208843238-6387480588305-95888d873daabf54b325285fb536dbb2",
                "thumb_360": "https:\/\/files.slack.com\/files-tmb\/T04TGFGMK7C-F05KS561VC1-3dc926156d\/screen_shot_2023-07-30_at_8.40.14_360.png?t=xoxe-4934526733250-6368208843238-6387480588305-95888d873daabf54b325285fb536dbb2",
                "thumb_360_w": 360,
                "thumb_360_h": 212,
                "thumb_480": "https:\/\/files.slack.com\/files-tmb\/T04TGFGMK7C-F05KS561VC1-3dc926156d\/screen_shot_2023-07-30_at_8.40.14_480.png?t=xoxe-4934526733250-6368208843238-6387480588305-95888d873daabf54b325285fb536dbb2",
                "thumb_480_w": 480,
                "thumb_480_h": 283,
                "thumb_160": "https:\/\/files.slack.com\/files-tmb\/T04TGFGMK7C-F05KS561VC1-3dc926156d\/screen_shot_2023-07-30_at_8.40.14_160.png?t=xoxe-4934526733250-6368208843238-6387480588305-95888d873daabf54b325285fb536dbb2",
                "thumb_720": "https:\/\/files.slack.com\/files-tmb\/T04TGFGMK7C-F05KS561VC1-3dc926156d\/screen_shot_2023-07-30_at_8.40.14_720.png?t=xoxe-4934526733250-6368208843238-6387480588305-95888d873daabf54b325285fb536dbb2",
                "thumb_720_w": 720,
                "thumb_720_h": 425,
                "thumb_800": "https:\/\/files.slack.com\/files-tmb\/T04TGFGMK7C-F05KS561VC1-3dc926156d\/screen_shot_2023-07-30_at_8.40.14_800.png?t=xoxe-4934526733250-6368208843238-6387480588305-95888d873daabf54b325285fb536dbb2",
                "thumb_800_w": 800,
                "thumb_800_h": 472,
                "original_w": 800,
                "original_h": 472,
                "thumb_tiny": "AwAcADDSyB1OKQjPIb8qRnCsqkElunFLv9m\/KgBce5o28nk80gbPY\/lSM2B1A578UAOxgck8UgYf3s0gbI6r+dLgdQBigBaYTyR8350+mbRu\/H0oAAeR9786C3oD+lG3\/OKNo\/yKAFyfQ\/pQM9803nB+Y\/pTlzxkk0Af\/9k=",
                "permalink": "https:\/\/chubachi-pt-2023.slack.com\/files\/U04T201950F\/F05KS561VC1\/screen_shot_2023-07-30_at_8.40.14.png",
                "permalink_public": "https:\/\/slack-files.com\/T04TGFGMK7C-F05KS561VC1-6b2519b295",
                "is_starred": false,
                "has_rich_preview": false,
                "file_access": "visible"
            }
        ],
        "upload": false,
        "user": "U04T201950F",
        "display_as_bot": false,
        "ts": "1690674068.200669",
        "blocks": [
            {
                "type": "rich_text",
                "block_id": "JNpz",
                "elements": [
                    {
                        "type": "rich_text_section",
                        "elements": [
                            {
                                "type": "text",
                                "text": "コメントいただいた皆様ありがとうございます！\nnotionでコメントいただいているもので議論がfixしてそうなものは解決済みにしました。\nnotionの右上のコメントアイコンから解決済みコメント見れるので、気になる方はそちらからご確認お願いします。"
                            }
                        ]
                    }
                ]
            }
        ],
        "edited": {
            "user": "U04T201950F",
            "ts": "1690674090.000000"
        },
        "client_msg_id": "b5cbcfde-c47b-473d-997f-a075469d4fff",
        "thread_ts": "1690374348.255709",
        "parent_user_id": "U04T201950F",
        "subtype": "thread_broadcast",
        "root": {
            "client_msg_id": "3ad3eec6-108d-4d99-950e-42e9d97b7725",
            "type": "message",
            "text": "<!channel>\n前期発表資料の本論の草案を作成しました。\n確認していただき、違和感・不明点等あれば教えて下さい。\n修正はコメント確認し適宜行います。\n<https:\/\/www.notion.so\/de73215f0087475ea68317eb8d55c35e?pvs=4#62bff5c8352f45d994198bb2514b65f6>\n\nこちらを踏まえて各スライドの作成担当決める流れで行きたいと思います。",
            "user": "U04T201950F",
            "ts": "1690374348.255709",
            "blocks": [
                {
                    "type": "rich_text",
                    "block_id": "VlI",
                    "elements": [
                        {
                            "type": "rich_text_section",
                            "elements": [
                                {
                                    "type": "broadcast",
                                    "range": "channel"
                                },
                                {
                                    "type": "text",
                                    "text": "\n前期発表資料の本論の草案を作成しました。\n確認していただき、違和感・不明点等あれば教えて下さい。\n修正はコメント確認し適宜行います。\n"
                                },
                                {
                                    "type": "link",
                                    "url": "https:\/\/www.notion.so\/de73215f0087475ea68317eb8d55c35e?pvs=4#62bff5c8352f45d994198bb2514b65f6"
                                },
                                {
                                    "type": "text",
                                    "text": "\n\nこちらを踏まえて各スライドの作成担当決める流れで行きたいと思います。"
                                }
                            ]
                        }
                    ]
                }
            ],
            "team": "T04TGFGMK7C",
            "attachments": [
                {
                    "id": 1,
                    "footer_icon": "https:\/\/notion.so\/images\/logo-for-slack-integration.png",
                    "ts": 1688809140,
                    "color": "E8E7E4",
                    "bot_id": "B0551QLP8AU",
                    "app_unfurl_url": "https:\/\/www.notion.so\/de73215f0087475ea68317eb8d55c35e?pvs=4#62bff5c8352f45d994198bb2514b65f6",
                    "is_app_unfurl": true,
                    "app_id": "A049JV0H0KC",
                    "fallback": ":triumph: 前期成果発表",
                    "text": "本論",
                    "title": ":triumph: 前期成果発表",
                    "title_link": "https:\/\/www.notion.so\/de73215f0087475ea68317eb8d55c35e?pvs=6&utm_content=de73215f-0087-475e-a683-17eb8d55c35e&utm_campaign=T04TGFGMK7C&n=slack&n=slack_link_unfurl#62bff5c8352f45d994198bb2514b65f6",
                    "footer": "Created by 大野寛人"
                }
            ],
            "thread_ts": "1690374348.255709",
            "reply_count": 4,
            "reply_users_count": 3,
            "latest_reply": "1690678932.323079",
            "reply_users": [
                "U04T201950F",
                "U04TV4NASPK",
                "U04U66DNCRE"
            ],
            "replies": [
                {
                    "user": "U04T201950F",
                    "ts": "1690411050.300379"
                },
                {
                    "user": "U04TV4NASPK",
                    "ts": "1690411896.153939"
                },
                {
                    "user": "U04T201950F",
                    "ts": "1690674068.200669"
                },
                {
                    "user": "U04U66DNCRE",
                    "ts": "1690678932.323079"
                }
            ],
            "is_locked": false,
            "subscribed": false
        },
        "reactions": [
            {
                "name": "eyes",
                "users": [
                    "U04U66DNCRE"
                ],
                "count": 1
            }
        ]
    },
    {
        "client_msg_id": "112beeed-382c-4061-9048-6c50839f2165",
        "type": "message",
        "text": "コメント追加しておきました〜！:pray:",
        "user": "U04U66DNCRE",
        "ts": "1690678932.323079",
        "blocks": [
            {
                "type": "rich_text",
                "block_id": "daO",
                "elements": [
                    {
                        "type": "rich_text_section",
                        "elements": [
                            {
                                "type": "text",
                                "text": "コメント追加しておきました〜！"
                            },
                            {
                                "type": "emoji",
                                "name": "pray",
                                "unicode": "1f64f"
                            }
                        ]
                    }
                ]
            }
        ],
        "team": "T04TGFGMK7C",
        "user_team": "T04TGFGMK7C",
        "source_team": "T04TGFGMK7C",
        "user_profile": {
            "avatar_hash": "0e82c2c0bd34",
            "image_72": "https:\/\/avatars.slack-edge.com\/2023-04-25\/5161183917605_0e82c2c0bd34f978f1fd_72.jpg",
            "first_name": "Ohno",
            "real_name": "Ohno Hiroto",
            "display_name": "Ohno Hiroto",
            "team": "T04TGFGMK7C",
            "name": "a2206ho",
            "is_restricted": false,
            "is_ultra_restricted": false
        },
        "thread_ts": "1690374348.255709",
        "parent_user_id": "U04T201950F",
        "reactions": [
            {
                "name": "なかやまきんに君",
                "users": [
                    "U04T201950F"
                ],
                "count": 1
            }
        ]
    },
    {
        "client_msg_id": "87932540-a8fe-4677-b693-835ea96cafcd",
        "type": "message",
        "text": "<@U04U66DSPEU> <@U04TDHFKJ85>\nフェルナンデスさん、鈴木さん、お疲れ様です。\n草案の確認お願いいたします:pray:\nお昼頃までにリアクションなければ作業時間確保するために一旦先に進めようと思います。。",
        "user": "U04U66DNCRE",
        "ts": "1690680416.425389",
        "blocks": [
            {
                "type": "rich_text",
                "block_id": "EPGjr",
                "elements": [
                    {
                        "type": "rich_text_section",
                        "elements": [
                            {
                                "type": "user",
                                "user_id": "U04U66DSPEU"
                            },
                            {
                                "type": "text",
                                "text": " "
                            },
                            {
                                "type": "user",
                                "user_id": "U04TDHFKJ85"
                            },
                            {
                                "type": "text",
                                "text": "\nフェルナンデスさん、鈴木さん、お疲れ様です。\n草案の確認お願いいたします"
                            },
                            {
                                "type": "emoji",
                                "name": "pray",
                                "unicode": "1f64f"
                            },
                            {
                                "type": "text",
                                "text": "\nお昼頃までにリアクションなければ作業時間確保するために一旦先に進めようと思います。。"
                            }
                        ]
                    }
                ]
            }
        ],
        "team": "T04TGFGMK7C",
        "user_team": "T04TGFGMK7C",
        "source_team": "T04TGFGMK7C",
        "user_profile": {
            "avatar_hash": "0e82c2c0bd34",
            "image_72": "https:\/\/avatars.slack-edge.com\/2023-04-25\/5161183917605_0e82c2c0bd34f978f1fd_72.jpg",
            "first_name": "Ohno",
            "real_name": "Ohno Hiroto",
            "display_name": "Ohno Hiroto",
            "team": "T04TGFGMK7C",
            "name": "a2206ho",
            "is_restricted": false,
            "is_ultra_restricted": false
        },
        "thread_ts": "1690640541.400609",
        "parent_user_id": "U04U66DNCRE",
        "reactions": [
            {
                "name": "eyes",
                "users": [
                    "U04U66DSPEU"
                ],
                "count": 1
            }
        ]
    },
    {
        "client_msg_id": "4BD910FE-CF30-4481-89FB-96AFBB6E476D",
        "type": "message",
        "text": "<!channel> \nお昼になったので、先進めしようかと思います。。\n一旦草案については確定ということで、スライド作成に移りたいと思いますが、\n各イベントでの課題のところについては、\n一旦この前皆さんで挙げて頂いた全ての課題に対するスライド作って、発表で使用するスライドが全て出揃ったタイミングで優先順位低いものから削っていくイメージなんですがいかがでしょうか？",
        "user": "U04U66DNCRE",
        "ts": "1690690407.665879",
        "blocks": [
            {
                "type": "rich_text",
                "block_id": "aKMyW",
                "elements": [
                    {
                        "type": "rich_text_section",
                        "elements": [
                            {
                                "type": "broadcast",
                                "range": "channel"
                            },
                            {
                                "type": "text",
                                "text": " \nお昼になったので、先進めしようかと思います。。\n一旦草案については確定ということで、スライド作成に移りたいと思いますが、\n各イベントでの課題のところについては、\n一旦この前皆さんで挙げて頂いた全ての課題に対するスライド作って、発表で使用するスライドが全て出揃ったタイミングで優先順位低いものから削っていくイメージなんですがいかがでしょうか？"
                            }
                        ]
                    }
                ]
            }
        ],
        "team": "T04TGFGMK7C",
        "user_team": "T04TGFGMK7C",
        "source_team": "T04TGFGMK7C",
        "user_profile": {
            "avatar_hash": "0e82c2c0bd34",
            "image_72": "https:\/\/avatars.slack-edge.com\/2023-04-25\/5161183917605_0e82c2c0bd34f978f1fd_72.jpg",
            "first_name": "Ohno",
            "real_name": "Ohno Hiroto",
            "display_name": "Ohno Hiroto",
            "team": "T04TGFGMK7C",
            "name": "a2206ho",
            "is_restricted": false,
            "is_ultra_restricted": false
        },
        "reactions": [
            {
                "name": "+1",
                "users": [
                    "U04TV4NASPK",
                    "U04T201950F",
                    "U04U66DSPEU",
                    "U04TGBZ4XEX"
                ],
                "count": 4
            }
        ]
    },
    {
        "client_msg_id": "7e37a021-cd53-4ea3-a724-a40a573c1f05",
        "type": "message",
        "text": "<@U04U66DSPEU> 火曜日なんですが、私が試験のためコアーミーティング参加できないです。\n８月ではあるのですがその日のみ引き続きファシリテーターをお願いできますか？\n私は夏休み明けからスクラムマスターやろうと思います。",
        "user": "U04TV4NASPK",
        "ts": "1690691755.852639",
        "blocks": [
            {
                "type": "rich_text",
                "block_id": "TcifR",
                "elements": [
                    {
                        "type": "rich_text_section",
                        "elements": [
                            {
                                "type": "user",
                                "user_id": "U04U66DSPEU"
                            },
                            {
                                "type": "text",
                                "text": " 火曜日なんですが、私が試験のためコアーミーティング参加できないです。\n８月ではあるのですがその日のみ引き続きファシリテーターをお願いできますか？\n私は夏休み明けからスクラムマスターやろうと思います。"
                            }
                        ]
                    }
                ]
            }
        ],
        "team": "T04TGFGMK7C",
        "user_team": "T04TGFGMK7C",
        "source_team": "T04TGFGMK7C",
        "user_profile": {
            "avatar_hash": "342942264635",
            "image_72": "https:\/\/avatars.slack-edge.com\/2023-03-11\/4927985433382_34294226463524804a2d_72.jpg",
            "first_name": "Nakayama",
            "real_name": "Nakayama Kenta",
            "display_name": "Nakayama",
            "team": "T04TGFGMK7C",
            "name": "a2231kn",
            "is_restricted": false,
            "is_ultra_restricted": false
        },
        "edited": {
            "user": "U04TV4NASPK",
            "ts": "1690691790.000000"
        },
        "thread_ts": "1690691755.852639",
        "reply_count": 1,
        "reply_users_count": 1,
        "latest_reply": "1690706960.866279",
        "reply_users": [
            "U04U66DSPEU"
        ],
        "replies": [
            {
                "user": "U04U66DSPEU",
                "ts": "1690706960.866279"
            }
        ],
        "is_locked": false,
        "subscribed": false,
        "reactions": [
            {
                "name": "raised_hands",
                "users": [
                    "U04U66DSPEU"
                ],
                "count": 1
            }
        ]
    }
]