[
    {
        "type": "message",
        "subtype": "bot_message",
        "text": "<https:\/\/status.slack.com\/\/2023-10\/8c886b57284762b6|Incident: Issues for customers enrolled in the French data region>\nSome customers with international data residency in the Paris, France region may be experiencing issues connecting to Slack or sending messages. We're investigating and we'll be back with more information in 30 minutes or as soon as we have news to share. \n\nWe apologize for the disruption to your work. Thank you for bearing with us.",
        "ts": "1698798646.248119",
        "username": "Slack System Status",
        "icons": {
            "image_36": "https:\/\/a.slack-edge.com\/80588\/img\/services\/rss_36.png",
            "image_48": "https:\/\/a.slack-edge.com\/80588\/img\/services\/rss_48.png",
            "image_72": "https:\/\/a.slack-edge.com\/80588\/img\/services\/rss_72.png"
        },
        "bot_id": "B05KN076YF9",
        "blocks": [
            {
                "type": "rich_text",
                "block_id": "A+hs",
                "elements": [
                    {
                        "type": "rich_text_section",
                        "elements": [
                            {
                                "type": "link",
                                "url": "https:\/\/status.slack.com\/\/2023-10\/8c886b57284762b6",
                                "text": "Incident: Issues for customers enrolled in the French data region"
                            },
                            {
                                "type": "text",
                                "text": "\nSome customers with international data residency in the Paris, France region may be experiencing issues connecting to Slack or sending messages. We're investigating and we'll be back with more information in 30 minutes or as soon as we have news to share. \n\nWe apologize for the disruption to your work. Thank you for bearing with us."
                            }
                        ]
                    }
                ]
            }
        ],
        "attachments": [
            {
                "from_url": "https:\/\/status.slack.com\/\/2023-10\/8c886b57284762b6",
                "thumb_url": "https:\/\/status.slack.com\/img\/v2_rebrand\/slack_hash_256.png",
                "thumb_width": 256,
                "thumb_height": 256,
                "service_icon": "https:\/\/status.slack.com\/favicon.ico",
                "id": 1,
                "original_url": "https:\/\/status.slack.com\/\/2023-10\/8c886b57284762b6",
                "fallback": "Slack: Slack System Status",
                "text": "Resources for real-time and historical information about the Slack service.",
                "title": "Slack System Status",
                "title_link": "https:\/\/status.slack.com\/\/2023-10\/8c886b57284762b6",
                "service_name": "Slack"
            }
        ],
        "edited": {
            "user": "B05KN076YF9",
            "ts": "1698798646.000000"
        }
    },
    {
        "type": "message",
        "subtype": "bot_message",
        "text": "<https:\/\/status.slack.com\/\/2023-10\/8c886b57284762b6|Incident: Issues for customers enrolled in the French data region>\nWe are investigating some recent code changes that may be causing issues, and we're preparing to roll these back. We are also working to prevent the impact from spreading to additional data regions. \n\nWe'll be back with an update in 30 minutes.",
        "ts": "1698800442.010099",
        "username": "Slack System Status",
        "icons": {
            "image_36": "https:\/\/a.slack-edge.com\/80588\/img\/services\/rss_36.png",
            "image_48": "https:\/\/a.slack-edge.com\/80588\/img\/services\/rss_48.png",
            "image_72": "https:\/\/a.slack-edge.com\/80588\/img\/services\/rss_72.png"
        },
        "bot_id": "B05KN076YF9",
        "blocks": [
            {
                "type": "rich_text",
                "block_id": "QJl",
                "elements": [
                    {
                        "type": "rich_text_section",
                        "elements": [
                            {
                                "type": "link",
                                "url": "https:\/\/status.slack.com\/\/2023-10\/8c886b57284762b6",
                                "text": "Incident: Issues for customers enrolled in the French data region"
                            },
                            {
                                "type": "text",
                                "text": "\nWe are investigating some recent code changes that may be causing issues, and we're preparing to roll these back. We are also working to prevent the impact from spreading to additional data regions. \n\nWe'll be back with an update in 30 minutes."
                            }
                        ]
                    }
                ]
            }
        ]
    },
    {
        "type": "message",
        "subtype": "bot_message",
        "text": "<https:\/\/status.slack.com\/\/2023-10\/8c886b57284762b6|Incident: Issues for customers enrolled in the French data region>\nWe've pushed a potential fix and we're seeing significant improvements, though we're still monitoring the situation closely. \n\nAffected customers may need to refresh Slack to reconnect. Please open Slack and press Cmd\/Ctrl + Shift + R. Slack will reload but will not sign you out.\n\nWe'll share another update in 30 minutes or as soon as we have more information.",
        "ts": "1698802244.350259",
        "username": "Slack System Status",
        "icons": {
            "image_36": "https:\/\/a.slack-edge.com\/80588\/img\/services\/rss_36.png",
            "image_48": "https:\/\/a.slack-edge.com\/80588\/img\/services\/rss_48.png",
            "image_72": "https:\/\/a.slack-edge.com\/80588\/img\/services\/rss_72.png"
        },
        "bot_id": "B05KN076YF9",
        "blocks": [
            {
                "type": "rich_text",
                "block_id": "QFqM",
                "elements": [
                    {
                        "type": "rich_text_section",
                        "elements": [
                            {
                                "type": "link",
                                "url": "https:\/\/status.slack.com\/\/2023-10\/8c886b57284762b6",
                                "text": "Incident: Issues for customers enrolled in the French data region"
                            },
                            {
                                "type": "text",
                                "text": "\nWe've pushed a potential fix and we're seeing significant improvements, though we're still monitoring the situation closely. \n\nAffected customers may need to refresh Slack to reconnect. Please open Slack and press Cmd\/Ctrl + Shift + R. Slack will reload but will not sign you out.\n\nWe'll share another update in 30 minutes or as soon as we have more information."
                            }
                        ]
                    }
                ]
            }
        ]
    },
    {
        "type": "message",
        "subtype": "bot_message",
        "text": "<https:\/\/status.slack.com\/\/2023-10\/8c886b57284762b6|Incident: Issues for customers enrolled in the French data region>\nWe're continuing to monitor the situation and we'll provide an update in 30 minutes or as soon as connectivity is fully restored, whichever is soonest.",
        "ts": "1698804051.031499",
        "username": "Slack System Status",
        "icons": {
            "image_36": "https:\/\/a.slack-edge.com\/80588\/img\/services\/rss_36.png",
            "image_48": "https:\/\/a.slack-edge.com\/80588\/img\/services\/rss_48.png",
            "image_72": "https:\/\/a.slack-edge.com\/80588\/img\/services\/rss_72.png"
        },
        "bot_id": "B05KN076YF9",
        "blocks": [
            {
                "type": "rich_text",
                "block_id": "XSNIg",
                "elements": [
                    {
                        "type": "rich_text_section",
                        "elements": [
                            {
                                "type": "link",
                                "url": "https:\/\/status.slack.com\/\/2023-10\/8c886b57284762b6",
                                "text": "Incident: Issues for customers enrolled in the French data region"
                            },
                            {
                                "type": "text",
                                "text": "\nWe're continuing to monitor the situation and we'll provide an update in 30 minutes or as soon as connectivity is fully restored, whichever is soonest."
                            }
                        ]
                    }
                ]
            }
        ],
        "attachments": [
            {
                "from_url": "https:\/\/status.slack.com\/\/2023-10\/8c886b57284762b6",
                "thumb_url": "https:\/\/status.slack.com\/img\/v2_rebrand\/slack_hash_256.png",
                "thumb_width": 256,
                "thumb_height": 256,
                "service_icon": "https:\/\/status.slack.com\/favicon.ico",
                "id": 1,
                "original_url": "https:\/\/status.slack.com\/\/2023-10\/8c886b57284762b6",
                "fallback": "Slack: Slack System Status",
                "text": "Resources for real-time and historical information about the Slack service.",
                "title": "Slack System Status",
                "title_link": "https:\/\/status.slack.com\/\/2023-10\/8c886b57284762b6",
                "service_name": "Slack"
            }
        ],
        "edited": {
            "user": "B05KN076YF9",
            "ts": "1698804051.000000"
        }
    },
    {
        "type": "message",
        "subtype": "bot_message",
        "text": "<https:\/\/status.slack.com\/\/2023-10\/8c886b57284762b6|Incident: Issues for customers enrolled in the French data region>\nWe're completing some last checks to ensure that this issue is fully resolved for all customers. \n\nWe'll be back with an update as soon as we have confirmation that Slack is up and running for everyone.",
        "ts": "1698805843.830149",
        "username": "Slack System Status",
        "icons": {
            "image_36": "https:\/\/a.slack-edge.com\/80588\/img\/services\/rss_36.png",
            "image_48": "https:\/\/a.slack-edge.com\/80588\/img\/services\/rss_48.png",
            "image_72": "https:\/\/a.slack-edge.com\/80588\/img\/services\/rss_72.png"
        },
        "bot_id": "B05KN076YF9",
        "blocks": [
            {
                "type": "rich_text",
                "block_id": "9QkIP",
                "elements": [
                    {
                        "type": "rich_text_section",
                        "elements": [
                            {
                                "type": "link",
                                "url": "https:\/\/status.slack.com\/\/2023-10\/8c886b57284762b6",
                                "text": "Incident: Issues for customers enrolled in the French data region"
                            },
                            {
                                "type": "text",
                                "text": "\nWe're completing some last checks to ensure that this issue is fully resolved for all customers. \n\nWe'll be back with an update as soon as we have confirmation that Slack is up and running for everyone."
                            }
                        ]
                    }
                ]
            }
        ]
    },
    {
        "type": "message",
        "subtype": "bot_message",
        "text": "<https:\/\/status.slack.com\/\/2023-10\/8c886b57284762b6|Incident: Issues for customers enrolled in the French data region>\nWe have resolved the connectivity issue for all affected customers. Everyone should be able to connect as normal once again. \n\nThank you for your patience while we addressed this.",
        "ts": "1698807641.640379",
        "username": "Slack System Status",
        "icons": {
            "image_36": "https:\/\/a.slack-edge.com\/80588\/img\/services\/rss_36.png",
            "image_48": "https:\/\/a.slack-edge.com\/80588\/img\/services\/rss_48.png",
            "image_72": "https:\/\/a.slack-edge.com\/80588\/img\/services\/rss_72.png"
        },
        "bot_id": "B05KN076YF9",
        "blocks": [
            {
                "type": "rich_text",
                "block_id": "raIaJ",
                "elements": [
                    {
                        "type": "rich_text_section",
                        "elements": [
                            {
                                "type": "link",
                                "url": "https:\/\/status.slack.com\/\/2023-10\/8c886b57284762b6",
                                "text": "Incident: Issues for customers enrolled in the French data region"
                            },
                            {
                                "type": "text",
                                "text": "\nWe have resolved the connectivity issue for all affected customers. Everyone should be able to connect as normal once again. \n\nThank you for your patience while we addressed this."
                            }
                        ]
                    }
                ]
            }
        ]
    }
]