[
    {
        "client_msg_id": "1ddc9cdd-17f9-4f40-af22-159905d85658",
        "type": "message",
        "text": "スクスクに立ち寄ってその辺のベンチでやってる",
        "user": "U04T9TDB58W",
        "ts": "1698235770.022449",
        "blocks": [
            {
                "type": "rich_text",
                "block_id": "LJ8Xy",
                "elements": [
                    {
                        "type": "rich_text_section",
                        "elements": [
                            {
                                "type": "text",
                                "text": "スクスクに立ち寄ってその辺のベンチでやってる"
                            }
                        ]
                    }
                ]
            }
        ],
        "team": "T04TGFGMK7C",
        "user_team": "T04TGFGMK7C",
        "source_team": "T04TGFGMK7C",
        "user_profile": {
            "avatar_hash": "183a619e0408",
            "image_72": "https:\/\/avatars.slack-edge.com\/2023-03-11\/4958815898464_183a619e0408c53031fd_72.jpg",
            "first_name": "Hibiki",
            "real_name": "Hibiki Mizuno",
            "display_name": "Jabelic スクラムマスター",
            "team": "T04TGFGMK7C",
            "name": "a2239hm",
            "is_restricted": false,
            "is_ultra_restricted": false
        }
    },
    {
        "client_msg_id": "a26d94ba-ff43-4031-8787-a67a8ae88676",
        "type": "message",
        "text": "<https:\/\/vercel.com\/docs\/cli\/link>",
        "user": "U04T9TDB58W",
        "ts": "1698235837.188289",
        "blocks": [
            {
                "type": "rich_text",
                "block_id": "U45Gr",
                "elements": [
                    {
                        "type": "rich_text_section",
                        "elements": [
                            {
                                "type": "link",
                                "url": "https:\/\/vercel.com\/docs\/cli\/link"
                            }
                        ]
                    }
                ]
            }
        ],
        "team": "T04TGFGMK7C",
        "user_team": "T04TGFGMK7C",
        "source_team": "T04TGFGMK7C",
        "user_profile": {
            "avatar_hash": "183a619e0408",
            "image_72": "https:\/\/avatars.slack-edge.com\/2023-03-11\/4958815898464_183a619e0408c53031fd_72.jpg",
            "first_name": "Hibiki",
            "real_name": "Hibiki Mizuno",
            "display_name": "Jabelic スクラムマスター",
            "team": "T04TGFGMK7C",
            "name": "a2239hm",
            "is_restricted": false,
            "is_ultra_restricted": false
        },
        "attachments": [
            {
                "image_url": "https:\/\/vercel.com\/api\/dynamic-og?title=vercel%20link",
                "image_width": 843,
                "image_height": 441,
                "image_bytes": 91062,
                "from_url": "https:\/\/vercel.com\/docs\/cli\/link",
                "service_icon": "https:\/\/vercel.com\/favicon.ico",
                "id": 1,
                "original_url": "https:\/\/vercel.com\/docs\/cli\/link",
                "fallback": "Vercel Documentation: vercel link",
                "text": "Learn how to link a local directory to a Vercel Project using the vercel link CLI command.",
                "title": "vercel link",
                "title_link": "https:\/\/vercel.com\/docs\/cli\/link",
                "service_name": "Vercel Documentation"
            }
        ]
    },
    {
        "client_msg_id": "4ed47f6a-ac66-45ec-93ce-c67df27b9fd5",
        "type": "message",
        "text": "ポストモーテムも書かなきゃ",
        "user": "U04T9TDB58W",
        "ts": "1698235874.585329",
        "blocks": [
            {
                "type": "rich_text",
                "block_id": "uRCEH",
                "elements": [
                    {
                        "type": "rich_text_section",
                        "elements": [
                            {
                                "type": "text",
                                "text": "ポストモーテムも書かなきゃ"
                            }
                        ]
                    }
                ]
            }
        ],
        "team": "T04TGFGMK7C",
        "user_team": "T04TGFGMK7C",
        "source_team": "T04TGFGMK7C",
        "user_profile": {
            "avatar_hash": "183a619e0408",
            "image_72": "https:\/\/avatars.slack-edge.com\/2023-03-11\/4958815898464_183a619e0408c53031fd_72.jpg",
            "first_name": "Hibiki",
            "real_name": "Hibiki Mizuno",
            "display_name": "Jabelic スクラムマスター",
            "team": "T04TGFGMK7C",
            "name": "a2239hm",
            "is_restricted": false,
            "is_ultra_restricted": false
        }
    },
    {
        "client_msg_id": "dffd9f76-34c3-40ce-bdf6-51fea1354009",
        "type": "message",
        "text": "治ったっぽい...",
        "user": "U04T9TDB58W",
        "ts": "1698236016.534059",
        "blocks": [
            {
                "type": "rich_text",
                "block_id": "Oc1Ov",
                "elements": [
                    {
                        "type": "rich_text_section",
                        "elements": [
                            {
                                "type": "text",
                                "text": "治ったっぽい..."
                            }
                        ]
                    }
                ]
            }
        ],
        "team": "T04TGFGMK7C",
        "user_team": "T04TGFGMK7C",
        "source_team": "T04TGFGMK7C",
        "user_profile": {
            "avatar_hash": "183a619e0408",
            "image_72": "https:\/\/avatars.slack-edge.com\/2023-03-11\/4958815898464_183a619e0408c53031fd_72.jpg",
            "first_name": "Hibiki",
            "real_name": "Hibiki Mizuno",
            "display_name": "Jabelic スクラムマスター",
            "team": "T04TGFGMK7C",
            "name": "a2239hm",
            "is_restricted": false,
            "is_ultra_restricted": false
        }
    },
    {
        "client_msg_id": "83a93226-d7ea-4b28-94d9-3546c30d12ce",
        "type": "message",
        "text": "全てのaccess patternでno-storeとしたので, データは即時反映される",
        "user": "U04T9TDB58W",
        "ts": "1698237074.309799",
        "blocks": [
            {
                "type": "rich_text",
                "block_id": "HuihN",
                "elements": [
                    {
                        "type": "rich_text_section",
                        "elements": [
                            {
                                "type": "text",
                                "text": "全てのaccess patternでno-storeとしたので, データは即時反映される"
                            }
                        ]
                    }
                ]
            }
        ],
        "team": "T04TGFGMK7C",
        "user_team": "T04TGFGMK7C",
        "source_team": "T04TGFGMK7C",
        "user_profile": {
            "avatar_hash": "183a619e0408",
            "image_72": "https:\/\/avatars.slack-edge.com\/2023-03-11\/4958815898464_183a619e0408c53031fd_72.jpg",
            "first_name": "Hibiki",
            "real_name": "Hibiki Mizuno",
            "display_name": "Jabelic スクラムマスター",
            "team": "T04TGFGMK7C",
            "name": "a2239hm",
            "is_restricted": false,
            "is_ultra_restricted": false
        }
    },
    {
        "client_msg_id": "8277453f-7a33-4cf7-99c0-f233fb13bffe",
        "type": "message",
        "text": "<@U04TGBZ4XEX> herokuでmetricsって見れたりします？",
        "user": "U04T9TDB58W",
        "ts": "1698237108.628459",
        "blocks": [
            {
                "type": "rich_text",
                "block_id": "ignqQ",
                "elements": [
                    {
                        "type": "rich_text_section",
                        "elements": [
                            {
                                "type": "user",
                                "user_id": "U04TGBZ4XEX"
                            },
                            {
                                "type": "text",
                                "text": " herokuでmetricsって見れたりします？"
                            }
                        ]
                    }
                ]
            }
        ],
        "team": "T04TGFGMK7C",
        "user_team": "T04TGFGMK7C",
        "source_team": "T04TGFGMK7C",
        "user_profile": {
            "avatar_hash": "183a619e0408",
            "image_72": "https:\/\/avatars.slack-edge.com\/2023-03-11\/4958815898464_183a619e0408c53031fd_72.jpg",
            "first_name": "Hibiki",
            "real_name": "Hibiki Mizuno",
            "display_name": "Jabelic スクラムマスター",
            "team": "T04TGFGMK7C",
            "name": "a2239hm",
            "is_restricted": false,
            "is_ultra_restricted": false
        },
        "thread_ts": "1698237108.628459",
        "reply_count": 7,
        "reply_users_count": 2,
        "latest_reply": "1698240694.773239",
        "reply_users": [
            "U04TGBZ4XEX",
            "U04T9TDB58W"
        ],
        "replies": [
            {
                "user": "U04TGBZ4XEX",
                "ts": "1698237303.585479"
            },
            {
                "user": "U04T9TDB58W",
                "ts": "1698237483.866899"
            },
            {
                "user": "U04TGBZ4XEX",
                "ts": "1698237797.304809"
            },
            {
                "user": "U04T9TDB58W",
                "ts": "1698240381.709359"
            },
            {
                "user": "U04TGBZ4XEX",
                "ts": "1698240467.275269"
            },
            {
                "user": "U04T9TDB58W",
                "ts": "1698240555.529929"
            },
            {
                "user": "U04TGBZ4XEX",
                "ts": "1698240694.773239"
            }
        ],
        "is_locked": false,
        "subscribed": false,
        "reactions": [
            {
                "name": "eyes",
                "users": [
                    "U04TGBZ4XEX"
                ],
                "count": 1
            }
        ]
    },
    {
        "type": "message",
        "text": "metricsページあります\nページ全体のスクリーンショット撮ってみました。希望しているものありそうでしょうか?",
        "files": [
            {
                "id": "F062N14PB4M",
                "created": 1698237297,
                "timestamp": 1698237297,
                "name": "screencapture-dashboard-heroku-apps-atomono-api-dev-metrics-web-2023-10-25-21_33_11.png",
                "title": "screencapture-dashboard-heroku-apps-atomono-api-dev-metrics-web-2023-10-25-21_33_11.png",
                "mimetype": "image\/png",
                "filetype": "png",
                "pretty_type": "PNG",
                "user": "U04TGBZ4XEX",
                "user_team": "T04TGFGMK7C",
                "editable": false,
                "size": 594806,
                "mode": "hosted",
                "is_external": false,
                "external_type": "",
                "is_public": true,
                "public_url_shared": false,
                "display_as_bot": false,
                "username": "",
                "url_private": "https:\/\/files.slack.com\/files-pri\/T04TGFGMK7C-F062N14PB4M\/screencapture-dashboard-heroku-apps-atomono-api-dev-metrics-web-2023-10-25-21_33_11.png?t=xoxe-4934526733250-6371883538245-6387447778801-5039a585954037f5d95452e64be2e165",
                "url_private_download": "https:\/\/files.slack.com\/files-pri\/T04TGFGMK7C-F062N14PB4M\/download\/screencapture-dashboard-heroku-apps-atomono-api-dev-metrics-web-2023-10-25-21_33_11.png?t=xoxe-4934526733250-6371883538245-6387447778801-5039a585954037f5d95452e64be2e165",
                "media_display_type": "unknown",
                "thumb_64": "https:\/\/files.slack.com\/files-tmb\/T04TGFGMK7C-F062N14PB4M-5bf72789d8\/screencapture-dashboard-heroku-apps-atomono-api-dev-metrics-web-2023-10-25-21_33_11_64.png?t=xoxe-4934526733250-6371883538245-6387447778801-5039a585954037f5d95452e64be2e165",
                "thumb_80": "https:\/\/files.slack.com\/files-tmb\/T04TGFGMK7C-F062N14PB4M-5bf72789d8\/screencapture-dashboard-heroku-apps-atomono-api-dev-metrics-web-2023-10-25-21_33_11_80.png?t=xoxe-4934526733250-6371883538245-6387447778801-5039a585954037f5d95452e64be2e165",
                "thumb_360": "https:\/\/files.slack.com\/files-tmb\/T04TGFGMK7C-F062N14PB4M-5bf72789d8\/screencapture-dashboard-heroku-apps-atomono-api-dev-metrics-web-2023-10-25-21_33_11_360.png?t=xoxe-4934526733250-6371883538245-6387447778801-5039a585954037f5d95452e64be2e165",
                "thumb_360_w": 360,
                "thumb_360_h": 306,
                "thumb_480": "https:\/\/files.slack.com\/files-tmb\/T04TGFGMK7C-F062N14PB4M-5bf72789d8\/screencapture-dashboard-heroku-apps-atomono-api-dev-metrics-web-2023-10-25-21_33_11_480.png?t=xoxe-4934526733250-6371883538245-6387447778801-5039a585954037f5d95452e64be2e165",
                "thumb_480_w": 480,
                "thumb_480_h": 408,
                "thumb_160": "https:\/\/files.slack.com\/files-tmb\/T04TGFGMK7C-F062N14PB4M-5bf72789d8\/screencapture-dashboard-heroku-apps-atomono-api-dev-metrics-web-2023-10-25-21_33_11_160.png?t=xoxe-4934526733250-6371883538245-6387447778801-5039a585954037f5d95452e64be2e165",
                "thumb_720": "https:\/\/files.slack.com\/files-tmb\/T04TGFGMK7C-F062N14PB4M-5bf72789d8\/screencapture-dashboard-heroku-apps-atomono-api-dev-metrics-web-2023-10-25-21_33_11_720.png?t=xoxe-4934526733250-6371883538245-6387447778801-5039a585954037f5d95452e64be2e165",
                "thumb_720_w": 720,
                "thumb_720_h": 611,
                "thumb_800": "https:\/\/files.slack.com\/files-tmb\/T04TGFGMK7C-F062N14PB4M-5bf72789d8\/screencapture-dashboard-heroku-apps-atomono-api-dev-metrics-web-2023-10-25-21_33_11_800.png?t=xoxe-4934526733250-6371883538245-6387447778801-5039a585954037f5d95452e64be2e165",
                "thumb_800_w": 800,
                "thumb_800_h": 679,
                "thumb_960": "https:\/\/files.slack.com\/files-tmb\/T04TGFGMK7C-F062N14PB4M-5bf72789d8\/screencapture-dashboard-heroku-apps-atomono-api-dev-metrics-web-2023-10-25-21_33_11_960.png?t=xoxe-4934526733250-6371883538245-6387447778801-5039a585954037f5d95452e64be2e165",
                "thumb_960_w": 960,
                "thumb_960_h": 815,
                "thumb_1024": "https:\/\/files.slack.com\/files-tmb\/T04TGFGMK7C-F062N14PB4M-5bf72789d8\/screencapture-dashboard-heroku-apps-atomono-api-dev-metrics-web-2023-10-25-21_33_11_1024.png?t=xoxe-4934526733250-6371883538245-6387447778801-5039a585954037f5d95452e64be2e165",
                "thumb_1024_w": 1024,
                "thumb_1024_h": 870,
                "original_w": 3456,
                "original_h": 2935,
                "thumb_tiny": "AwAoADDSxRz60tFACYpcUUUAJ+NLik7iloAKKKKACiiigBO9LR3ooAKQHPIpD0NJF\/q1+lAD6KKKACiikoA\/\/9k=",
                "permalink": "https:\/\/chubachi-pt-2023.slack.com\/files\/U04TGBZ4XEX\/F062N14PB4M\/screencapture-dashboard-heroku-apps-atomono-api-dev-metrics-web-2023-10-25-21_33_11.png",
                "permalink_public": "https:\/\/slack-files.com\/T04TGFGMK7C-F062N14PB4M-1ae1803350",
                "is_starred": false,
                "has_rich_preview": false,
                "file_access": "visible"
            }
        ],
        "upload": false,
        "user": "U04TGBZ4XEX",
        "display_as_bot": false,
        "ts": "1698237303.585479",
        "blocks": [
            {
                "type": "rich_text",
                "block_id": "8v8rp",
                "elements": [
                    {
                        "type": "rich_text_section",
                        "elements": [
                            {
                                "type": "text",
                                "text": "metricsページあります\nページ全体のスクリーンショット撮ってみました。希望しているものありそうでしょうか?"
                            }
                        ]
                    }
                ]
            }
        ],
        "client_msg_id": "a5fd305d-2eca-41f9-bca4-2c70ad36a454",
        "thread_ts": "1698237108.628459",
        "parent_user_id": "U04T9TDB58W"
    },
    {
        "client_msg_id": "d601c238-2287-4f55-bae8-e5951e73288b",
        "type": "message",
        "text": "ありがとうございます(多分良さそう)\nアクセスログとかも確認したいんですが、出来そうですか…？<@U04TGBZ4XEX>",
        "user": "U04T9TDB58W",
        "ts": "1698237483.866899",
        "blocks": [
            {
                "type": "rich_text",
                "block_id": "H3709",
                "elements": [
                    {
                        "type": "rich_text_section",
                        "elements": [
                            {
                                "type": "text",
                                "text": "ありがとうございます(多分良さそう)\nアクセスログとかも確認したいんですが、出来そうですか…？"
                            },
                            {
                                "type": "user",
                                "user_id": "U04TGBZ4XEX"
                            }
                        ]
                    }
                ]
            }
        ],
        "team": "T04TGFGMK7C",
        "user_team": "T04TGFGMK7C",
        "source_team": "T04TGFGMK7C",
        "user_profile": {
            "avatar_hash": "183a619e0408",
            "image_72": "https:\/\/avatars.slack-edge.com\/2023-03-11\/4958815898464_183a619e0408c53031fd_72.jpg",
            "first_name": "Hibiki",
            "real_name": "Hibiki Mizuno",
            "display_name": "Jabelic スクラムマスター",
            "team": "T04TGFGMK7C",
            "name": "a2239hm",
            "is_restricted": false,
            "is_ultra_restricted": false
        },
        "thread_ts": "1698237108.628459",
        "parent_user_id": "U04T9TDB58W"
    },
    {
        "client_msg_id": "d50b92ad-1f40-4ddd-abd9-bf3f6c0457b9",
        "type": "message",
        "text": "Toast実装しちゃいたいな",
        "user": "U04T9TDB58W",
        "ts": "1698237501.115959",
        "blocks": [
            {
                "type": "rich_text",
                "block_id": "TzeQW",
                "elements": [
                    {
                        "type": "rich_text_section",
                        "elements": [
                            {
                                "type": "text",
                                "text": "Toast実装しちゃいたいな"
                            }
                        ]
                    }
                ]
            }
        ],
        "team": "T04TGFGMK7C",
        "user_team": "T04TGFGMK7C",
        "source_team": "T04TGFGMK7C",
        "user_profile": {
            "avatar_hash": "183a619e0408",
            "image_72": "https:\/\/avatars.slack-edge.com\/2023-03-11\/4958815898464_183a619e0408c53031fd_72.jpg",
            "first_name": "Hibiki",
            "real_name": "Hibiki Mizuno",
            "display_name": "Jabelic スクラムマスター",
            "team": "T04TGFGMK7C",
            "name": "a2239hm",
            "is_restricted": false,
            "is_ultra_restricted": false
        }
    },
    {
        "type": "message",
        "text": "見られます、(アカウント作成が面倒でなければ...) herokuにアカウントあれば管理画面に招待できますんで言ってください:woman-gesturing-ok:",
        "files": [
            {
                "id": "F062TD9SLSG",
                "created": 1698237792,
                "timestamp": 1698237792,
                "name": "ss 3.png",
                "title": "ss 3.png",
                "mimetype": "image\/png",
                "filetype": "png",
                "pretty_type": "PNG",
                "user": "U04TGBZ4XEX",
                "user_team": "T04TGFGMK7C",
                "editable": false,
                "size": 721534,
                "mode": "hosted",
                "is_external": false,
                "external_type": "",
                "is_public": true,
                "public_url_shared": false,
                "display_as_bot": false,
                "username": "",
                "url_private": "https:\/\/files.slack.com\/files-pri\/T04TGFGMK7C-F062TD9SLSG\/ss_3.png?t=xoxe-4934526733250-6371883538245-6387447778801-5039a585954037f5d95452e64be2e165",
                "url_private_download": "https:\/\/files.slack.com\/files-pri\/T04TGFGMK7C-F062TD9SLSG\/download\/ss_3.png?t=xoxe-4934526733250-6371883538245-6387447778801-5039a585954037f5d95452e64be2e165",
                "media_display_type": "unknown",
                "thumb_64": "https:\/\/files.slack.com\/files-tmb\/T04TGFGMK7C-F062TD9SLSG-bd15d6e653\/ss_3_64.png?t=xoxe-4934526733250-6371883538245-6387447778801-5039a585954037f5d95452e64be2e165",
                "thumb_80": "https:\/\/files.slack.com\/files-tmb\/T04TGFGMK7C-F062TD9SLSG-bd15d6e653\/ss_3_80.png?t=xoxe-4934526733250-6371883538245-6387447778801-5039a585954037f5d95452e64be2e165",
                "thumb_360": "https:\/\/files.slack.com\/files-tmb\/T04TGFGMK7C-F062TD9SLSG-bd15d6e653\/ss_3_360.png?t=xoxe-4934526733250-6371883538245-6387447778801-5039a585954037f5d95452e64be2e165",
                "thumb_360_w": 360,
                "thumb_360_h": 225,
                "thumb_480": "https:\/\/files.slack.com\/files-tmb\/T04TGFGMK7C-F062TD9SLSG-bd15d6e653\/ss_3_480.png?t=xoxe-4934526733250-6371883538245-6387447778801-5039a585954037f5d95452e64be2e165",
                "thumb_480_w": 480,
                "thumb_480_h": 300,
                "thumb_160": "https:\/\/files.slack.com\/files-tmb\/T04TGFGMK7C-F062TD9SLSG-bd15d6e653\/ss_3_160.png?t=xoxe-4934526733250-6371883538245-6387447778801-5039a585954037f5d95452e64be2e165",
                "thumb_720": "https:\/\/files.slack.com\/files-tmb\/T04TGFGMK7C-F062TD9SLSG-bd15d6e653\/ss_3_720.png?t=xoxe-4934526733250-6371883538245-6387447778801-5039a585954037f5d95452e64be2e165",
                "thumb_720_w": 720,
                "thumb_720_h": 450,
                "thumb_800": "https:\/\/files.slack.com\/files-tmb\/T04TGFGMK7C-F062TD9SLSG-bd15d6e653\/ss_3_800.png?t=xoxe-4934526733250-6371883538245-6387447778801-5039a585954037f5d95452e64be2e165",
                "thumb_800_w": 800,
                "thumb_800_h": 500,
                "thumb_960": "https:\/\/files.slack.com\/files-tmb\/T04TGFGMK7C-F062TD9SLSG-bd15d6e653\/ss_3_960.png?t=xoxe-4934526733250-6371883538245-6387447778801-5039a585954037f5d95452e64be2e165",
                "thumb_960_w": 960,
                "thumb_960_h": 600,
                "thumb_1024": "https:\/\/files.slack.com\/files-tmb\/T04TGFGMK7C-F062TD9SLSG-bd15d6e653\/ss_3_1024.png?t=xoxe-4934526733250-6371883538245-6387447778801-5039a585954037f5d95452e64be2e165",
                "thumb_1024_w": 1024,
                "thumb_1024_h": 640,
                "original_w": 3458,
                "original_h": 2160,
                "thumb_tiny": "AwAdADCz9hg\/uH\/vo0fYoP7h\/wC+jVqmEnJ5oAg+wwf3T\/30aPsEH9w\/99Gp8n3oyfWgCD7DB\/cP50v2GD+5+tTjr1p1ABSYFQfav9j9aljbegbGM9qAHYFGBRRQAUtJRmgD\/9k=",
                "permalink": "https:\/\/chubachi-pt-2023.slack.com\/files\/U04TGBZ4XEX\/F062TD9SLSG\/ss_3.png",
                "permalink_public": "https:\/\/slack-files.com\/T04TGFGMK7C-F062TD9SLSG-d4d24e8401",
                "is_starred": false,
                "has_rich_preview": false,
                "file_access": "visible"
            }
        ],
        "upload": false,
        "user": "U04TGBZ4XEX",
        "display_as_bot": false,
        "ts": "1698237797.304809",
        "blocks": [
            {
                "type": "rich_text",
                "block_id": "NIK36",
                "elements": [
                    {
                        "type": "rich_text_section",
                        "elements": [
                            {
                                "type": "text",
                                "text": "見られます、(アカウント作成が面倒でなければ...) herokuにアカウントあれば管理画面に招待できますんで言ってください"
                            },
                            {
                                "type": "emoji",
                                "name": "woman-gesturing-ok",
                                "unicode": "1f646-200d-2640-fe0f"
                            }
                        ]
                    }
                ]
            }
        ],
        "client_msg_id": "e41d05ce-7234-424d-93ee-19826c3ddd54",
        "thread_ts": "1698237108.628459",
        "parent_user_id": "U04T9TDB58W",
        "reactions": [
            {
                "name": "raised_hands",
                "users": [
                    "U04T9TDB58W"
                ],
                "count": 1
            }
        ]
    },
    {
        "client_msg_id": "0a9984f6-b6c9-434a-bb11-309ede370e84",
        "type": "message",
        "text": "`HIBIKI MIZUNO`\n`<mailto:hibiki990523@gmail.com|hibiki990523@gmail.com>`\nこのアカウントで招待お願いします :bow: (情報足りてますか？)\n\n<@U04TGBZ4XEX>",
        "user": "U04T9TDB58W",
        "ts": "1698240381.709359",
        "blocks": [
            {
                "type": "rich_text",
                "block_id": "z6mPk",
                "elements": [
                    {
                        "type": "rich_text_section",
                        "elements": [
                            {
                                "type": "text",
                                "text": "HIBIKI MIZUNO",
                                "style": {
                                    "code": true
                                }
                            },
                            {
                                "type": "text",
                                "text": "\n"
                            },
                            {
                                "type": "link",
                                "url": "mailto:hibiki990523@gmail.com",
                                "text": "hibiki990523@gmail.com",
                                "style": {
                                    "code": true
                                }
                            },
                            {
                                "type": "text",
                                "text": "\nこのアカウントで招待お願いします "
                            },
                            {
                                "type": "emoji",
                                "name": "bow",
                                "unicode": "1f647"
                            },
                            {
                                "type": "text",
                                "text": " (情報足りてますか？)\n\n"
                            },
                            {
                                "type": "user",
                                "user_id": "U04TGBZ4XEX"
                            }
                        ]
                    }
                ]
            }
        ],
        "team": "T04TGFGMK7C",
        "user_team": "T04TGFGMK7C",
        "source_team": "T04TGFGMK7C",
        "user_profile": {
            "avatar_hash": "183a619e0408",
            "image_72": "https:\/\/avatars.slack-edge.com\/2023-03-11\/4958815898464_183a619e0408c53031fd_72.jpg",
            "first_name": "Hibiki",
            "real_name": "Hibiki Mizuno",
            "display_name": "Jabelic スクラムマスター",
            "team": "T04TGFGMK7C",
            "name": "a2239hm",
            "is_restricted": false,
            "is_ultra_restricted": false
        },
        "thread_ts": "1698237108.628459",
        "parent_user_id": "U04T9TDB58W",
        "reactions": [
            {
                "name": "woman-gesturing-ok",
                "users": [
                    "U04TGBZ4XEX"
                ],
                "count": 1
            }
        ]
    },
    {
        "type": "message",
        "text": "<@U04T9TDB58W>\n追加しましたー！Herokuから招待メール飛んでいるかと思います:pray:",
        "files": [
            {
                "id": "F063E801AJC",
                "created": 1698240462,
                "timestamp": 1698240462,
                "name": "ss 14.png",
                "title": "ss 14.png",
                "mimetype": "image\/png",
                "filetype": "png",
                "pretty_type": "PNG",
                "user": "U04TGBZ4XEX",
                "user_team": "T04TGFGMK7C",
                "editable": false,
                "size": 365709,
                "mode": "hosted",
                "is_external": false,
                "external_type": "",
                "is_public": true,
                "public_url_shared": false,
                "display_as_bot": false,
                "username": "",
                "url_private": "https:\/\/files.slack.com\/files-pri\/T04TGFGMK7C-F063E801AJC\/ss_14.png?t=xoxe-4934526733250-6371883538245-6387447778801-5039a585954037f5d95452e64be2e165",
                "url_private_download": "https:\/\/files.slack.com\/files-pri\/T04TGFGMK7C-F063E801AJC\/download\/ss_14.png?t=xoxe-4934526733250-6371883538245-6387447778801-5039a585954037f5d95452e64be2e165",
                "media_display_type": "unknown",
                "thumb_64": "https:\/\/files.slack.com\/files-tmb\/T04TGFGMK7C-F063E801AJC-90ae08b13c\/ss_14_64.png?t=xoxe-4934526733250-6371883538245-6387447778801-5039a585954037f5d95452e64be2e165",
                "thumb_80": "https:\/\/files.slack.com\/files-tmb\/T04TGFGMK7C-F063E801AJC-90ae08b13c\/ss_14_80.png?t=xoxe-4934526733250-6371883538245-6387447778801-5039a585954037f5d95452e64be2e165",
                "thumb_360": "https:\/\/files.slack.com\/files-tmb\/T04TGFGMK7C-F063E801AJC-90ae08b13c\/ss_14_360.png?t=xoxe-4934526733250-6371883538245-6387447778801-5039a585954037f5d95452e64be2e165",
                "thumb_360_w": 360,
                "thumb_360_h": 225,
                "thumb_480": "https:\/\/files.slack.com\/files-tmb\/T04TGFGMK7C-F063E801AJC-90ae08b13c\/ss_14_480.png?t=xoxe-4934526733250-6371883538245-6387447778801-5039a585954037f5d95452e64be2e165",
                "thumb_480_w": 480,
                "thumb_480_h": 300,
                "thumb_160": "https:\/\/files.slack.com\/files-tmb\/T04TGFGMK7C-F063E801AJC-90ae08b13c\/ss_14_160.png?t=xoxe-4934526733250-6371883538245-6387447778801-5039a585954037f5d95452e64be2e165",
                "thumb_720": "https:\/\/files.slack.com\/files-tmb\/T04TGFGMK7C-F063E801AJC-90ae08b13c\/ss_14_720.png?t=xoxe-4934526733250-6371883538245-6387447778801-5039a585954037f5d95452e64be2e165",
                "thumb_720_w": 720,
                "thumb_720_h": 450,
                "thumb_800": "https:\/\/files.slack.com\/files-tmb\/T04TGFGMK7C-F063E801AJC-90ae08b13c\/ss_14_800.png?t=xoxe-4934526733250-6371883538245-6387447778801-5039a585954037f5d95452e64be2e165",
                "thumb_800_w": 800,
                "thumb_800_h": 500,
                "thumb_960": "https:\/\/files.slack.com\/files-tmb\/T04TGFGMK7C-F063E801AJC-90ae08b13c\/ss_14_960.png?t=xoxe-4934526733250-6371883538245-6387447778801-5039a585954037f5d95452e64be2e165",
                "thumb_960_w": 960,
                "thumb_960_h": 599,
                "thumb_1024": "https:\/\/files.slack.com\/files-tmb\/T04TGFGMK7C-F063E801AJC-90ae08b13c\/ss_14_1024.png?t=xoxe-4934526733250-6371883538245-6387447778801-5039a585954037f5d95452e64be2e165",
                "thumb_1024_w": 1024,
                "thumb_1024_h": 639,
                "original_w": 3456,
                "original_h": 2158,
                "thumb_tiny": "AwAdADC19hg\/uH\/vo0n2GD+4f++jVqjFAFX7BB\/dP\/fRpfsMH90\/99GrNFAFb7DB\/c\/Wj7DB\/c\/WrNFABRSE4FCNuUH1oAWiiigAooozQB\/\/2Q==",
                "permalink": "https:\/\/chubachi-pt-2023.slack.com\/files\/U04TGBZ4XEX\/F063E801AJC\/ss_14.png",
                "permalink_public": "https:\/\/slack-files.com\/T04TGFGMK7C-F063E801AJC-595e563574",
                "is_starred": false,
                "has_rich_preview": false,
                "file_access": "visible"
            }
        ],
        "upload": false,
        "user": "U04TGBZ4XEX",
        "display_as_bot": false,
        "ts": "1698240467.275269",
        "blocks": [
            {
                "type": "rich_text",
                "block_id": "hr8CP",
                "elements": [
                    {
                        "type": "rich_text_section",
                        "elements": [
                            {
                                "type": "user",
                                "user_id": "U04T9TDB58W"
                            },
                            {
                                "type": "text",
                                "text": "\n追加しましたー！Herokuから招待メール飛んでいるかと思います"
                            },
                            {
                                "type": "emoji",
                                "name": "pray",
                                "unicode": "1f64f"
                            }
                        ]
                    }
                ]
            }
        ],
        "edited": {
            "user": "U04TGBZ4XEX",
            "ts": "1698240476.000000"
        },
        "client_msg_id": "c3c98f2f-c8dd-44bb-bb29-322da89db5d0",
        "thread_ts": "1698237108.628459",
        "parent_user_id": "U04T9TDB58W",
        "reactions": [
            {
                "name": "raised_hands",
                "users": [
                    "U04T9TDB58W"
                ],
                "count": 1
            }
        ]
    },
    {
        "client_msg_id": "ff025e79-6d25-4ae7-a5f5-a90a7d17c03f",
        "type": "message",
        "text": "入れましたー :pray:",
        "user": "U04T9TDB58W",
        "ts": "1698240555.529929",
        "blocks": [
            {
                "type": "rich_text",
                "block_id": "kgpw+",
                "elements": [
                    {
                        "type": "rich_text_section",
                        "elements": [
                            {
                                "type": "text",
                                "text": "入れましたー "
                            },
                            {
                                "type": "emoji",
                                "name": "pray",
                                "unicode": "1f64f"
                            }
                        ]
                    }
                ]
            }
        ],
        "team": "T04TGFGMK7C",
        "user_team": "T04TGFGMK7C",
        "source_team": "T04TGFGMK7C",
        "user_profile": {
            "avatar_hash": "183a619e0408",
            "image_72": "https:\/\/avatars.slack-edge.com\/2023-03-11\/4958815898464_183a619e0408c53031fd_72.jpg",
            "first_name": "Hibiki",
            "real_name": "Hibiki Mizuno",
            "display_name": "Jabelic スクラムマスター",
            "team": "T04TGFGMK7C",
            "name": "a2239hm",
            "is_restricted": false,
            "is_ultra_restricted": false
        },
        "thread_ts": "1698237108.628459",
        "parent_user_id": "U04T9TDB58W",
        "reactions": [
            {
                "name": "raised_hands",
                "users": [
                    "U04TGBZ4XEX"
                ],
                "count": 1
            }
        ]
    },
    {
        "type": "message",
        "text": "<@U04T9TDB58W>\nmetricsはmetricsタブから\nlogは右上More &gt; View logs で見られます :pray:",
        "files": [
            {
                "id": "F062TN99QEQ",
                "created": 1698240686,
                "timestamp": 1698240686,
                "name": "ss_15.png",
                "title": "ss_15.png",
                "mimetype": "image\/png",
                "filetype": "png",
                "pretty_type": "PNG",
                "user": "U04TGBZ4XEX",
                "user_team": "T04TGFGMK7C",
                "editable": false,
                "size": 531140,
                "mode": "hosted",
                "is_external": false,
                "external_type": "",
                "is_public": true,
                "public_url_shared": false,
                "display_as_bot": false,
                "username": "",
                "url_private": "https:\/\/files.slack.com\/files-pri\/T04TGFGMK7C-F062TN99QEQ\/ss_15.png?t=xoxe-4934526733250-6371883538245-6387447778801-5039a585954037f5d95452e64be2e165",
                "url_private_download": "https:\/\/files.slack.com\/files-pri\/T04TGFGMK7C-F062TN99QEQ\/download\/ss_15.png?t=xoxe-4934526733250-6371883538245-6387447778801-5039a585954037f5d95452e64be2e165",
                "media_display_type": "unknown",
                "thumb_64": "https:\/\/files.slack.com\/files-tmb\/T04TGFGMK7C-F062TN99QEQ-779afbdaf4\/ss_15_64.png?t=xoxe-4934526733250-6371883538245-6387447778801-5039a585954037f5d95452e64be2e165",
                "thumb_80": "https:\/\/files.slack.com\/files-tmb\/T04TGFGMK7C-F062TN99QEQ-779afbdaf4\/ss_15_80.png?t=xoxe-4934526733250-6371883538245-6387447778801-5039a585954037f5d95452e64be2e165",
                "thumb_360": "https:\/\/files.slack.com\/files-tmb\/T04TGFGMK7C-F062TN99QEQ-779afbdaf4\/ss_15_360.png?t=xoxe-4934526733250-6371883538245-6387447778801-5039a585954037f5d95452e64be2e165",
                "thumb_360_w": 360,
                "thumb_360_h": 225,
                "thumb_480": "https:\/\/files.slack.com\/files-tmb\/T04TGFGMK7C-F062TN99QEQ-779afbdaf4\/ss_15_480.png?t=xoxe-4934526733250-6371883538245-6387447778801-5039a585954037f5d95452e64be2e165",
                "thumb_480_w": 480,
                "thumb_480_h": 300,
                "thumb_160": "https:\/\/files.slack.com\/files-tmb\/T04TGFGMK7C-F062TN99QEQ-779afbdaf4\/ss_15_160.png?t=xoxe-4934526733250-6371883538245-6387447778801-5039a585954037f5d95452e64be2e165",
                "thumb_720": "https:\/\/files.slack.com\/files-tmb\/T04TGFGMK7C-F062TN99QEQ-779afbdaf4\/ss_15_720.png?t=xoxe-4934526733250-6371883538245-6387447778801-5039a585954037f5d95452e64be2e165",
                "thumb_720_w": 720,
                "thumb_720_h": 450,
                "thumb_800": "https:\/\/files.slack.com\/files-tmb\/T04TGFGMK7C-F062TN99QEQ-779afbdaf4\/ss_15_800.png?t=xoxe-4934526733250-6371883538245-6387447778801-5039a585954037f5d95452e64be2e165",
                "thumb_800_w": 800,
                "thumb_800_h": 500,
                "thumb_960": "https:\/\/files.slack.com\/files-tmb\/T04TGFGMK7C-F062TN99QEQ-779afbdaf4\/ss_15_960.png?t=xoxe-4934526733250-6371883538245-6387447778801-5039a585954037f5d95452e64be2e165",
                "thumb_960_w": 960,
                "thumb_960_h": 600,
                "thumb_1024": "https:\/\/files.slack.com\/files-tmb\/T04TGFGMK7C-F062TN99QEQ-779afbdaf4\/ss_15_1024.png?t=xoxe-4934526733250-6371883538245-6387447778801-5039a585954037f5d95452e64be2e165",
                "thumb_1024_w": 1024,
                "thumb_1024_h": 640,
                "original_w": 3458,
                "original_h": 2160,
                "thumb_tiny": "AwAdADCz9hg\/uH\/vo0fYYP7h\/wC+jVqigCr9hg\/uH\/vo0v2GA\/wn\/vo1ZooAq\/YoP+eZ\/Ol+wwY+5+tWO9KelABSVB9p\/wBj9amRtyhsYzQA6iikoAO9LSUtAH\/\/2Q==",
                "permalink": "https:\/\/chubachi-pt-2023.slack.com\/files\/U04TGBZ4XEX\/F062TN99QEQ\/ss_15.png",
                "permalink_public": "https:\/\/slack-files.com\/T04TGFGMK7C-F062TN99QEQ-b5a882901e",
                "is_starred": false,
                "has_rich_preview": false,
                "file_access": "visible"
            }
        ],
        "upload": false,
        "user": "U04TGBZ4XEX",
        "display_as_bot": false,
        "ts": "1698240694.773239",
        "blocks": [
            {
                "type": "rich_text",
                "block_id": "GI+RO",
                "elements": [
                    {
                        "type": "rich_text_section",
                        "elements": [
                            {
                                "type": "user",
                                "user_id": "U04T9TDB58W"
                            },
                            {
                                "type": "text",
                                "text": "\nmetricsはmetricsタブから\nlogは右上More > View logs で見られます "
                            },
                            {
                                "type": "emoji",
                                "name": "pray",
                                "unicode": "1f64f"
                            }
                        ]
                    }
                ]
            }
        ],
        "client_msg_id": "d35b12f9-292d-47d9-a2ab-27d049e057aa",
        "thread_ts": "1698237108.628459",
        "parent_user_id": "U04T9TDB58W",
        "reactions": [
            {
                "name": "pray",
                "users": [
                    "U04T9TDB58W"
                ],
                "count": 1
            },
            {
                "name": "arigatougozaimasu",
                "users": [
                    "U04T9TDB58W"
                ],
                "count": 1
            }
        ]
    },
    {
        "client_msg_id": "6ada6cfd-b2f2-4888-a83b-8edae58d6c8b",
        "type": "message",
        "text": "<https:\/\/www.notion.so\/data-cache-ef6dc2d92292459e8e1af8add24eab3c> 軽くポストモーテムかいた",
        "user": "U04T9TDB58W",
        "ts": "1698243809.787839",
        "blocks": [
            {
                "type": "rich_text",
                "block_id": "EjnMM",
                "elements": [
                    {
                        "type": "rich_text_section",
                        "elements": [
                            {
                                "type": "link",
                                "url": "https:\/\/www.notion.so\/data-cache-ef6dc2d92292459e8e1af8add24eab3c"
                            },
                            {
                                "type": "text",
                                "text": " 軽くポストモーテムかいた"
                            }
                        ]
                    }
                ]
            }
        ],
        "team": "T04TGFGMK7C",
        "user_team": "T04TGFGMK7C",
        "source_team": "T04TGFGMK7C",
        "user_profile": {
            "avatar_hash": "183a619e0408",
            "image_72": "https:\/\/avatars.slack-edge.com\/2023-03-11\/4958815898464_183a619e0408c53031fd_72.jpg",
            "first_name": "Hibiki",
            "real_name": "Hibiki Mizuno",
            "display_name": "Jabelic スクラムマスター",
            "team": "T04TGFGMK7C",
            "name": "a2239hm",
            "is_restricted": false,
            "is_ultra_restricted": false
        },
        "attachments": [
            {
                "id": 1,
                "footer_icon": "https:\/\/notion.so\/images\/logo-for-slack-integration.png",
                "ts": 1698240660,
                "color": "E8E7E4",
                "bot_id": "B0551QLP8AU",
                "app_unfurl_url": "https:\/\/www.notion.so\/data-cache-ef6dc2d92292459e8e1af8add24eab3c",
                "is_app_unfurl": true,
                "app_id": "A049JV0H0KC",
                "fallback": "data cacheにより所持品のデータが更新されなかった",
                "text": "現象",
                "title": "data cacheにより所持品のデータが更新されなかった",
                "title_link": "https:\/\/www.notion.so\/data-cache-ef6dc2d92292459e8e1af8add24eab3c?utm_content=ef6dc2d9-2292-459e-8e1a-f8add24eab3c&utm_campaign=T04TGFGMK7C&n=slack&n=slack_link_unfurl&pvs=6",
                "footer": "Created by Hibiki Mizuno"
            }
        ]
    },
    {
        "client_msg_id": "7a2d0f09-75fe-4b22-a552-3defff2b1c4c",
        "type": "message",
        "text": "ありゃ, 無限ループ起きてる",
        "user": "U04T9TDB58W",
        "ts": "1698246708.029259",
        "blocks": [
            {
                "type": "rich_text",
                "block_id": "Gq06J",
                "elements": [
                    {
                        "type": "rich_text_section",
                        "elements": [
                            {
                                "type": "text",
                                "text": "ありゃ, 無限ループ起きてる"
                            }
                        ]
                    }
                ]
            }
        ],
        "team": "T04TGFGMK7C",
        "user_team": "T04TGFGMK7C",
        "source_team": "T04TGFGMK7C",
        "user_profile": {
            "avatar_hash": "183a619e0408",
            "image_72": "https:\/\/avatars.slack-edge.com\/2023-03-11\/4958815898464_183a619e0408c53031fd_72.jpg",
            "first_name": "Hibiki",
            "real_name": "Hibiki Mizuno",
            "display_name": "Jabelic スクラムマスター",
            "team": "T04TGFGMK7C",
            "name": "a2239hm",
            "is_restricted": false,
            "is_ultra_restricted": false
        }
    },
    {
        "client_msg_id": "ec4a986d-6ad0-4e68-a70c-0bc16dc4385d",
        "type": "message",
        "text": "<@U05KW1T3HBQ> 無限ループが起きています。修正せよ\n```'use client'\nimport { useAtom } from 'jotai'\nimport { UserProduct } from '@\/src\/infra\/api\/@types\/index'\nimport { getUserProducts } from '@\/src\/infra\/repository\/userProduct'\nimport { userAtom } from '@\/store\/user'\nimport { UserProductCardMobile } from '..\/..\/__components__\/Product\/UserProductCardMobile.client'\n\nconst dataFetch = async (userId: number, userUid: string): Promise&lt;UserProduct[]&gt; =&gt; {\n  try {\n    return await getUserProducts({ userId, userUid })\n  } catch (err) {\n    return []\n  }\n}\n\nexport const UserProductsListMobile = ({ userId }: { userId: number }) =&gt; {\n  const [user, setUser] = useAtom(userAtom)\n  try {\n    const results = dataFetch(userId, user?.uid ?? '').then((_results) =&gt; {\n      if (_results.length)\n        return (\n          &lt;&gt;\n            &lt;span className='m-4 flex justify-end'&gt;\n              {_results.length}件\/{_results.length}件\n            &lt;\/span&gt;\n            &lt;span className='grid grid-cols-1 gap-2'&gt;\n              {_results.map((result: UserProduct, index: number) =&gt; (\n                &lt;div key={index} className='flex justify-center'&gt;\n                  &lt;div className='flex-1'&gt;\n                    &lt;UserProductCardMobile\n                      imageSrc={result.imageUrl ?? ''}\n                      title={result.name ?? ''}\n                      brand={result.brand ?? ''}\n                      repeats={result.repeats ?? 0}\n                      usingSince={result.registeredAt ?? ''}\n                      discontinued={result.discontinuedOn ? true : false}\n                    \/&gt;\n                  &lt;\/div&gt;\n                &lt;\/div&gt;\n              ))}\n            &lt;\/span&gt;\n          &lt;\/&gt;\n        )\n      else {\n        return (\n          &lt;div className='flex justify-center'&gt;\n            &lt;div className='w-3\/4'&gt;所持品情報はありませんでした。&lt;\/div&gt;\n          &lt;\/div&gt;\n        )\n      }\n    })\n    return &lt;div className='search-results'&gt;{results}&lt;\/div&gt;\n  } catch (e) {\n    console.debug(e)\n    return &lt;&gt;エラーが発生しました。時間をおいてから再度読み込んでください。&lt;\/&gt;\n  }\n}```\n",
        "user": "U04T9TDB58W",
        "ts": "1698246934.850359",
        "blocks": [
            {
                "type": "rich_text",
                "block_id": "Lb1an",
                "elements": [
                    {
                        "type": "rich_text_section",
                        "elements": [
                            {
                                "type": "user",
                                "user_id": "U05KW1T3HBQ"
                            },
                            {
                                "type": "text",
                                "text": " 無限ループが起きています。修正せよ\n"
                            }
                        ]
                    },
                    {
                        "type": "rich_text_preformatted",
                        "elements": [
                            {
                                "type": "text",
                                "text": "'use client'\nimport { useAtom } from 'jotai'\nimport { UserProduct } from '@\/src\/infra\/api\/@types\/index'\nimport { getUserProducts } from '@\/src\/infra\/repository\/userProduct'\nimport { userAtom } from '@\/store\/user'\nimport { UserProductCardMobile } from '..\/..\/__components__\/Product\/UserProductCardMobile.client'\n\nconst dataFetch = async (userId: number, userUid: string): Promise<UserProduct[]> => {\n  try {\n    return await getUserProducts({ userId, userUid })\n  } catch (err) {\n    return []\n  }\n}\n\nexport const UserProductsListMobile = ({ userId }: { userId: number }) => {\n  const [user, setUser] = useAtom(userAtom)\n  try {\n    const results = dataFetch(userId, user?.uid ?? '').then((_results) => {\n      if (_results.length)\n        return (\n          <>\n            <span className='m-4 flex justify-end'>\n              {_results.length}件\/{_results.length}件\n            <\/span>\n            <span className='grid grid-cols-1 gap-2'>\n              {_results.map((result: UserProduct, index: number) => (\n                <div key={index} className='flex justify-center'>\n                  <div className='flex-1'>\n                    <UserProductCardMobile\n                      imageSrc={result.imageUrl ?? ''}\n                      title={result.name ?? ''}\n                      brand={result.brand ?? ''}\n                      repeats={result.repeats ?? 0}\n                      usingSince={result.registeredAt ?? ''}\n                      discontinued={result.discontinuedOn ? true : false}\n                    \/>\n                  <\/div>\n                <\/div>\n              ))}\n            <\/span>\n          <\/>\n        )\n      else {\n        return (\n          <div className='flex justify-center'>\n            <div className='w-3\/4'>所持品情報はありませんでした。<\/div>\n          <\/div>\n        )\n      }\n    })\n    return <div className='search-results'>{results}<\/div>\n  } catch (e) {\n    console.debug(e)\n    return <>エラーが発生しました。時間をおいてから再度読み込んでください。<\/>\n  }\n}"
                            }
                        ],
                        "border": 0
                    },
                    {
                        "type": "rich_text_section",
                        "elements": []
                    }
                ]
            }
        ],
        "team": "T04TGFGMK7C",
        "user_team": "T04TGFGMK7C",
        "source_team": "T04TGFGMK7C",
        "user_profile": {
            "avatar_hash": "183a619e0408",
            "image_72": "https:\/\/avatars.slack-edge.com\/2023-03-11\/4958815898464_183a619e0408c53031fd_72.jpg",
            "first_name": "Hibiki",
            "real_name": "Hibiki Mizuno",
            "display_name": "Jabelic スクラムマスター",
            "team": "T04TGFGMK7C",
            "name": "a2239hm",
            "is_restricted": false,
            "is_ultra_restricted": false
        },
        "thread_ts": "1698246934.850359",
        "reply_count": 1,
        "reply_users_count": 1,
        "latest_reply": "1698246936.891349",
        "reply_users": [
            "U05KW1T3HBQ"
        ],
        "replies": [
            {
                "user": "U05KW1T3HBQ",
                "ts": "1698246936.891349"
            }
        ],
        "is_locked": false,
        "subscribed": false
    },
    {
        "bot_id": "B05L54QHYHJ",
        "type": "message",
        "text": "_Typing…_",
        "user": "U05KW1T3HBQ",
        "ts": "1698246936.891349",
        "app_id": "A04KGS7N9A8",
        "blocks": [
            {
                "type": "rich_text",
                "block_id": "\/5RSs",
                "elements": [
                    {
                        "type": "rich_text_section",
                        "elements": [
                            {
                                "type": "text",
                                "text": "Typing…",
                                "style": {
                                    "italic": true
                                }
                            }
                        ]
                    }
                ]
            }
        ],
        "team": "T04TGFGMK7C",
        "bot_profile": {
            "id": "B05L54QHYHJ",
            "app_id": "A04KGS7N9A8",
            "name": "Claude",
            "icons": {
                "image_36": "https:\/\/avatars.slack-edge.com\/2023-01-25\/4682316783575_bbab0cdcdb3685eb5c87_36.png",
                "image_48": "https:\/\/avatars.slack-edge.com\/2023-01-25\/4682316783575_bbab0cdcdb3685eb5c87_48.png",
                "image_72": "https:\/\/avatars.slack-edge.com\/2023-01-25\/4682316783575_bbab0cdcdb3685eb5c87_72.png"
            },
            "deleted": false,
            "updated": 1691033238,
            "team_id": "T04TGFGMK7C"
        },
        "thread_ts": "1698246934.850359",
        "parent_user_id": "U04T9TDB58W"
    },
    {
        "client_msg_id": "257a30fc-57f8-4345-bd3e-c8f5617df733",
        "type": "message",
        "text": "<https:\/\/nextjs.org\/docs\/app\/building-your-application\/data-fetching\/fetching-caching-and-revalidating#asyncawait-in-server-components>　カァ---",
        "user": "U04T9TDB58W",
        "ts": "1698248251.634429",
        "blocks": [
            {
                "type": "rich_text",
                "block_id": "HDhkR",
                "elements": [
                    {
                        "type": "rich_text_section",
                        "elements": [
                            {
                                "type": "link",
                                "url": "https:\/\/nextjs.org\/docs\/app\/building-your-application\/data-fetching\/fetching-caching-and-revalidating#asyncawait-in-server-components"
                            },
                            {
                                "type": "text",
                                "text": "　カァ---"
                            }
                        ]
                    }
                ]
            }
        ],
        "team": "T04TGFGMK7C",
        "user_team": "T04TGFGMK7C",
        "source_team": "T04TGFGMK7C",
        "user_profile": {
            "avatar_hash": "183a619e0408",
            "image_72": "https:\/\/avatars.slack-edge.com\/2023-03-11\/4958815898464_183a619e0408c53031fd_72.jpg",
            "first_name": "Hibiki",
            "real_name": "Hibiki Mizuno",
            "display_name": "Jabelic スクラムマスター",
            "team": "T04TGFGMK7C",
            "name": "a2239hm",
            "is_restricted": false,
            "is_ultra_restricted": false
        },
        "attachments": [
            {
                "image_url": "https:\/\/nextjs.org\/api\/og?title=Data%20Fetching:%20Fetching,%20Caching,%20and%20Revalidating",
                "image_width": 843,
                "image_height": 441,
                "image_bytes": 106309,
                "from_url": "https:\/\/nextjs.org\/docs\/app\/building-your-application\/data-fetching\/fetching-caching-and-revalidating#asyncawait-in-server-components",
                "service_icon": "https:\/\/nextjs.org\/favicon.ico",
                "id": 1,
                "original_url": "https:\/\/nextjs.org\/docs\/app\/building-your-application\/data-fetching\/fetching-caching-and-revalidating#asyncawait-in-server-components",
                "fallback": "Data Fetching: Fetching, Caching, and Revalidating",
                "text": "Learn how to fetch, cache, and revalidate data in your Next.js application.",
                "title": "Data Fetching: Fetching, Caching, and Revalidating",
                "title_link": "https:\/\/nextjs.org\/docs\/app\/building-your-application\/data-fetching\/fetching-caching-and-revalidating#asyncawait-in-server-components",
                "service_name": "nextjs.org"
            }
        ]
    },
    {
        "client_msg_id": "775b2416-79d8-416f-aedb-5c2b3189f21c",
        "type": "message",
        "text": "厳しい、今devおかしいんで、対応中です(deployはしてない)",
        "user": "U04T9TDB58W",
        "ts": "1698249135.204159",
        "blocks": [
            {
                "type": "rich_text",
                "block_id": "W+BYV",
                "elements": [
                    {
                        "type": "rich_text_section",
                        "elements": [
                            {
                                "type": "text",
                                "text": "厳しい、今devおかしいんで、対応中です(deployはしてない)"
                            }
                        ]
                    }
                ]
            }
        ],
        "team": "T04TGFGMK7C",
        "user_team": "T04TGFGMK7C",
        "source_team": "T04TGFGMK7C",
        "user_profile": {
            "avatar_hash": "183a619e0408",
            "image_72": "https:\/\/avatars.slack-edge.com\/2023-03-11\/4958815898464_183a619e0408c53031fd_72.jpg",
            "first_name": "Hibiki",
            "real_name": "Hibiki Mizuno",
            "display_name": "Jabelic スクラムマスター",
            "team": "T04TGFGMK7C",
            "name": "a2239hm",
            "is_restricted": false,
            "is_ultra_restricted": false
        },
        "thread_ts": "1698249135.204159",
        "reply_count": 2,
        "reply_users_count": 1,
        "latest_reply": "1698332867.894209",
        "reply_users": [
            "U04T9TDB58W"
        ],
        "replies": [
            {
                "user": "U04T9TDB58W",
                "ts": "1698332841.579359"
            },
            {
                "user": "U04T9TDB58W",
                "ts": "1698332867.894209"
            }
        ],
        "is_locked": false,
        "subscribed": false,
        "reactions": [
            {
                "name": "+1",
                "users": [
                    "U04T201950F"
                ],
                "count": 1
            }
        ]
    },
    {
        "client_msg_id": "7549b85e-dd09-4e5f-b7ab-ef5c5c02ec20",
        "type": "message",
        "text": "あ、mockだとうまくいきますね",
        "user": "U04T9TDB58W",
        "ts": "1698253069.090219",
        "blocks": [
            {
                "type": "rich_text",
                "block_id": "qdatc",
                "elements": [
                    {
                        "type": "rich_text_section",
                        "elements": [
                            {
                                "type": "text",
                                "text": "あ、mockだとうまくいきますね"
                            }
                        ]
                    }
                ]
            }
        ],
        "team": "T04TGFGMK7C",
        "user_team": "T04TGFGMK7C",
        "source_team": "T04TGFGMK7C",
        "user_profile": {
            "avatar_hash": "183a619e0408",
            "image_72": "https:\/\/avatars.slack-edge.com\/2023-03-11\/4958815898464_183a619e0408c53031fd_72.jpg",
            "first_name": "Hibiki",
            "real_name": "Hibiki Mizuno",
            "display_name": "Jabelic スクラムマスター",
            "team": "T04TGFGMK7C",
            "name": "a2239hm",
            "is_restricted": false,
            "is_ultra_restricted": false
        }
    },
    {
        "client_msg_id": "a710a8bf-1b87-4d69-8d36-55f07825f280",
        "type": "message",
        "text": "んー",
        "user": "U04T9TDB58W",
        "ts": "1698253072.606739",
        "blocks": [
            {
                "type": "rich_text",
                "block_id": "CT+3h",
                "elements": [
                    {
                        "type": "rich_text_section",
                        "elements": [
                            {
                                "type": "text",
                                "text": "んー"
                            }
                        ]
                    }
                ]
            }
        ],
        "team": "T04TGFGMK7C",
        "user_team": "T04TGFGMK7C",
        "source_team": "T04TGFGMK7C",
        "user_profile": {
            "avatar_hash": "183a619e0408",
            "image_72": "https:\/\/avatars.slack-edge.com\/2023-03-11\/4958815898464_183a619e0408c53031fd_72.jpg",
            "first_name": "Hibiki",
            "real_name": "Hibiki Mizuno",
            "display_name": "Jabelic スクラムマスター",
            "team": "T04TGFGMK7C",
            "name": "a2239hm",
            "is_restricted": false,
            "is_ultra_restricted": false
        }
    },
    {
        "client_msg_id": "2182c36f-eebe-4e28-916f-9b8b9316d91e",
        "type": "message",
        "text": "明日見ますー",
        "user": "U04T9TDB58W",
        "ts": "1698253077.164599",
        "blocks": [
            {
                "type": "rich_text",
                "block_id": "CzQv1",
                "elements": [
                    {
                        "type": "rich_text_section",
                        "elements": [
                            {
                                "type": "text",
                                "text": "明日見ますー"
                            }
                        ]
                    }
                ]
            }
        ],
        "team": "T04TGFGMK7C",
        "user_team": "T04TGFGMK7C",
        "source_team": "T04TGFGMK7C",
        "user_profile": {
            "avatar_hash": "183a619e0408",
            "image_72": "https:\/\/avatars.slack-edge.com\/2023-03-11\/4958815898464_183a619e0408c53031fd_72.jpg",
            "first_name": "Hibiki",
            "real_name": "Hibiki Mizuno",
            "display_name": "Jabelic スクラムマスター",
            "team": "T04TGFGMK7C",
            "name": "a2239hm",
            "is_restricted": false,
            "is_ultra_restricted": false
        }
    }
]