[
    {
        "client_msg_id": "feee32e2-aa8d-47e0-b9d0-adb6efd98cbe",
        "type": "message",
        "text": "これ、一時的かもしれないし、よくわからない\nなぜか無限ループする時が数回に1回ある感じだった",
        "user": "U04T9TDB58W",
        "ts": "1698332841.579359",
        "blocks": [
            {
                "type": "rich_text",
                "block_id": "x8ha0",
                "elements": [
                    {
                        "type": "rich_text_section",
                        "elements": [
                            {
                                "type": "text",
                                "text": "これ、一時的かもしれないし、よくわからない\nなぜか無限ループする時が数回に1回ある感じだった"
                            }
                        ]
                    }
                ]
            }
        ],
        "team": "T04TGFGMK7C",
        "user_team": "T04TGFGMK7C",
        "source_team": "T04TGFGMK7C",
        "user_profile": {
            "avatar_hash": "183a619e0408",
            "image_72": "https:\/\/avatars.slack-edge.com\/2023-03-11\/4958815898464_183a619e0408c53031fd_72.jpg",
            "first_name": "Hibiki",
            "real_name": "Hibiki Mizuno",
            "display_name": "Jabelic スクラムマスター",
            "team": "T04TGFGMK7C",
            "name": "a2239hm",
            "is_restricted": false,
            "is_ultra_restricted": false
        },
        "thread_ts": "1698249135.204159",
        "parent_user_id": "U04T9TDB58W"
    },
    {
        "client_msg_id": "1607d7fc-597d-4a24-b46a-f0ef052977f7",
        "type": "message",
        "text": "local to herokuではuserProductへのアクセスが止まんなかったり",
        "user": "U04T9TDB58W",
        "ts": "1698332867.894209",
        "blocks": [
            {
                "type": "rich_text",
                "block_id": "rGX9J",
                "elements": [
                    {
                        "type": "rich_text_section",
                        "elements": [
                            {
                                "type": "text",
                                "text": "local to herokuではuserProductへのアクセスが止まんなかったり"
                            }
                        ]
                    }
                ]
            }
        ],
        "team": "T04TGFGMK7C",
        "user_team": "T04TGFGMK7C",
        "source_team": "T04TGFGMK7C",
        "user_profile": {
            "avatar_hash": "183a619e0408",
            "image_72": "https:\/\/avatars.slack-edge.com\/2023-03-11\/4958815898464_183a619e0408c53031fd_72.jpg",
            "first_name": "Hibiki",
            "real_name": "Hibiki Mizuno",
            "display_name": "Jabelic スクラムマスター",
            "team": "T04TGFGMK7C",
            "name": "a2239hm",
            "is_restricted": false,
            "is_ultra_restricted": false
        },
        "thread_ts": "1698249135.204159",
        "parent_user_id": "U04T9TDB58W"
    },
    {
        "client_msg_id": "feb67efe-ee5e-490f-9e77-610556595ce2",
        "type": "message",
        "text": "授業課題やば、終わってない",
        "user": "U04T9TDB58W",
        "ts": "1698386769.108779",
        "blocks": [
            {
                "type": "rich_text",
                "block_id": "GOh0o",
                "elements": [
                    {
                        "type": "rich_text_section",
                        "elements": [
                            {
                                "type": "text",
                                "text": "授業課題やば、終わってない"
                            }
                        ]
                    }
                ]
            }
        ],
        "team": "T04TGFGMK7C",
        "user_team": "T04TGFGMK7C",
        "source_team": "T04TGFGMK7C",
        "user_profile": {
            "avatar_hash": "183a619e0408",
            "image_72": "https:\/\/avatars.slack-edge.com\/2023-03-11\/4958815898464_183a619e0408c53031fd_72.jpg",
            "first_name": "Hibiki",
            "real_name": "Hibiki Mizuno",
            "display_name": "Jabelic スクラムマスター",
            "team": "T04TGFGMK7C",
            "name": "a2239hm",
            "is_restricted": false,
            "is_ultra_restricted": false
        }
    }
]