[
    {
        "client_msg_id": "936ca64a-0838-4b42-94dc-07851042e6d1",
        "type": "message",
        "text": "<https:\/\/docs.google.com\/presentation\/d\/1ih8MoMUKRO5Xw7ew8O-IUc-KBt4f4xWweMFW_0iwppU\/edit#slide=id.p> :eyes:",
        "user": "U04T9TDB58W",
        "ts": "1698390134.732999",
        "blocks": [
            {
                "type": "rich_text",
                "block_id": "oTTqs",
                "elements": [
                    {
                        "type": "rich_text_section",
                        "elements": [
                            {
                                "type": "link",
                                "url": "https:\/\/docs.google.com\/presentation\/d\/1ih8MoMUKRO5Xw7ew8O-IUc-KBt4f4xWweMFW_0iwppU\/edit#slide=id.p"
                            },
                            {
                                "type": "text",
                                "text": " "
                            },
                            {
                                "type": "emoji",
                                "name": "eyes",
                                "unicode": "1f440"
                            }
                        ]
                    }
                ]
            }
        ],
        "team": "T04TGFGMK7C",
        "user_team": "T04TGFGMK7C",
        "source_team": "T04TGFGMK7C",
        "user_profile": {
            "avatar_hash": "183a619e0408",
            "image_72": "https:\/\/avatars.slack-edge.com\/2023-03-11\/4958815898464_183a619e0408c53031fd_72.jpg",
            "first_name": "Hibiki",
            "real_name": "Hibiki Mizuno",
            "display_name": "Jabelic スクラムマスター",
            "team": "T04TGFGMK7C",
            "name": "a2239hm",
            "is_restricted": false,
            "is_ultra_restricted": false
        },
        "reactions": [
            {
                "name": "eyes",
                "users": [
                    "U04U66DSPEU"
                ],
                "count": 1
            }
        ]
    },
    {
        "client_msg_id": "6411a30a-df8e-481e-9c72-18a151810d95",
        "type": "message",
        "text": "firebase剥がすかも",
        "user": "U04T9TDB58W",
        "ts": "1698403246.750289",
        "blocks": [
            {
                "type": "rich_text",
                "block_id": "tL31D",
                "elements": [
                    {
                        "type": "rich_text_section",
                        "elements": [
                            {
                                "type": "text",
                                "text": "firebase剥がすかも"
                            }
                        ]
                    }
                ]
            }
        ],
        "team": "T04TGFGMK7C",
        "user_team": "T04TGFGMK7C",
        "source_team": "T04TGFGMK7C",
        "user_profile": {
            "avatar_hash": "183a619e0408",
            "image_72": "https:\/\/avatars.slack-edge.com\/2023-03-11\/4958815898464_183a619e0408c53031fd_72.jpg",
            "first_name": "Hibiki",
            "real_name": "Hibiki Mizuno",
            "display_name": "Jabelic スクラムマスター",
            "team": "T04TGFGMK7C",
            "name": "a2239hm",
            "is_restricted": false,
            "is_ultra_restricted": false
        }
    },
    {
        "client_msg_id": "87df2074-0782-4026-a7c7-21574391ca9d",
        "type": "message",
        "text": "pollingが悪さしてたら良くない",
        "user": "U04T9TDB58W",
        "ts": "1698403256.684899",
        "blocks": [
            {
                "type": "rich_text",
                "block_id": "DyDdC",
                "elements": [
                    {
                        "type": "rich_text_section",
                        "elements": [
                            {
                                "type": "text",
                                "text": "pollingが悪さしてたら良くない"
                            }
                        ]
                    }
                ]
            }
        ],
        "team": "T04TGFGMK7C",
        "user_team": "T04TGFGMK7C",
        "source_team": "T04TGFGMK7C",
        "user_profile": {
            "avatar_hash": "183a619e0408",
            "image_72": "https:\/\/avatars.slack-edge.com\/2023-03-11\/4958815898464_183a619e0408c53031fd_72.jpg",
            "first_name": "Hibiki",
            "real_name": "Hibiki Mizuno",
            "display_name": "Jabelic スクラムマスター",
            "team": "T04TGFGMK7C",
            "name": "a2239hm",
            "is_restricted": false,
            "is_ultra_restricted": false
        }
    },
    {
        "client_msg_id": "81fdd98e-394a-4843-b3d3-67bda1be7186",
        "type": "message",
        "text": "<https:\/\/clerk.com\/blog\/next-js-ssr-authentication-with-clerk?utm_source=www.google.com&amp;utm_medium=referral&amp;utm_campaign=none> できそう",
        "user": "U04T9TDB58W",
        "ts": "1698403321.292699",
        "blocks": [
            {
                "type": "rich_text",
                "block_id": "pAZbF",
                "elements": [
                    {
                        "type": "rich_text_section",
                        "elements": [
                            {
                                "type": "link",
                                "url": "https:\/\/clerk.com\/blog\/next-js-ssr-authentication-with-clerk?utm_source=www.google.com&utm_medium=referral&utm_campaign=none"
                            },
                            {
                                "type": "text",
                                "text": " できそう"
                            }
                        ]
                    }
                ]
            }
        ],
        "team": "T04TGFGMK7C",
        "user_team": "T04TGFGMK7C",
        "source_team": "T04TGFGMK7C",
        "user_profile": {
            "avatar_hash": "183a619e0408",
            "image_72": "https:\/\/avatars.slack-edge.com\/2023-03-11\/4958815898464_183a619e0408c53031fd_72.jpg",
            "first_name": "Hibiki",
            "real_name": "Hibiki Mizuno",
            "display_name": "Jabelic スクラムマスター",
            "team": "T04TGFGMK7C",
            "name": "a2239hm",
            "is_restricted": false,
            "is_ultra_restricted": false
        },
        "attachments": [
            {
                "from_url": "https:\/\/clerk.com\/blog\/next-js-ssr-authentication-with-clerk?utm_source=www.google.com&utm_medium=referral&utm_campaign=none",
                "image_url": "https:\/\/cdn.sanity.io\/images\/e1ql88v4\/production\/91609c23f6ae1f40aded32a07712330c88153430-2400x1260.png?fit=max&auto=format&w=1200&h=630&fm=png",
                "image_width": 1200,
                "image_height": 630,
                "image_bytes": 199199,
                "service_icon": "https:\/\/clerk.com\/favicon\/apple-touch-icon.png",
                "id": 1,
                "original_url": "https:\/\/clerk.com\/blog\/next-js-ssr-authentication-with-clerk?utm_source=www.google.com&amp;utm_medium=referral&amp;utm_campaign=none",
                "fallback": "Clerk: Next.js SSR authentication with Clerk",
                "text": "Next.js SSR authentication is easy with Clerk – just a few lines of code to get started.",
                "title": "Next.js SSR authentication with Clerk",
                "title_link": "https:\/\/clerk.com\/blog\/next-js-ssr-authentication-with-clerk?utm_source=www.google.com&utm_medium=referral&utm_campaign=none",
                "service_name": "Clerk"
            }
        ]
    },
    {
        "client_msg_id": "23fa1935-a919-4276-9e08-63c3eafef628",
        "type": "message",
        "text": "これにしよ",
        "user": "U04T9TDB58W",
        "ts": "1698403324.582479",
        "blocks": [
            {
                "type": "rich_text",
                "block_id": "aGSWL",
                "elements": [
                    {
                        "type": "rich_text_section",
                        "elements": [
                            {
                                "type": "text",
                                "text": "これにしよ"
                            }
                        ]
                    }
                ]
            }
        ],
        "team": "T04TGFGMK7C",
        "user_team": "T04TGFGMK7C",
        "source_team": "T04TGFGMK7C",
        "user_profile": {
            "avatar_hash": "183a619e0408",
            "image_72": "https:\/\/avatars.slack-edge.com\/2023-03-11\/4958815898464_183a619e0408c53031fd_72.jpg",
            "first_name": "Hibiki",
            "real_name": "Hibiki Mizuno",
            "display_name": "Jabelic スクラムマスター",
            "team": "T04TGFGMK7C",
            "name": "a2239hm",
            "is_restricted": false,
            "is_ultra_restricted": false
        }
    },
    {
        "client_msg_id": "a7742a7f-4e53-4a8b-805b-32c32768bcf3",
        "type": "message",
        "text": "ライフサイクル的にjotaiはデータの反映が間に合わないことが判明しました",
        "user": "U04T9TDB58W",
        "ts": "1698406895.686679",
        "blocks": [
            {
                "type": "rich_text",
                "block_id": "xFm1z",
                "elements": [
                    {
                        "type": "rich_text_section",
                        "elements": [
                            {
                                "type": "text",
                                "text": "ライフサイクル的にjotaiはデータの反映が間に合わないことが判明しました"
                            }
                        ]
                    }
                ]
            }
        ],
        "team": "T04TGFGMK7C",
        "user_team": "T04TGFGMK7C",
        "source_team": "T04TGFGMK7C",
        "user_profile": {
            "avatar_hash": "183a619e0408",
            "image_72": "https:\/\/avatars.slack-edge.com\/2023-03-11\/4958815898464_183a619e0408c53031fd_72.jpg",
            "first_name": "Hibiki",
            "real_name": "Hibiki Mizuno",
            "display_name": "Jabelic スクラムマスター",
            "team": "T04TGFGMK7C",
            "name": "a2239hm",
            "is_restricted": false,
            "is_ultra_restricted": false
        },
        "thread_ts": "1698406895.686679",
        "reply_count": 1,
        "reply_users_count": 1,
        "latest_reply": "1698410306.453569",
        "reply_users": [
            "U04T9TDB58W"
        ],
        "replies": [
            {
                "user": "U04T9TDB58W",
                "ts": "1698410306.453569"
            }
        ],
        "is_locked": false,
        "subscribed": false,
        "reactions": [
            {
                "name": "cry",
                "users": [
                    "U04TGBZ4XEX"
                ],
                "count": 1
            }
        ]
    },
    {
        "client_msg_id": "61b4d86f-59b5-4b9a-ab91-7c04fce26887",
        "type": "message",
        "text": "data fetchはresponsiveの外側でやる",
        "user": "U04T9TDB58W",
        "ts": "1698407884.788619",
        "blocks": [
            {
                "type": "rich_text",
                "block_id": "BflUc",
                "elements": [
                    {
                        "type": "rich_text_section",
                        "elements": [
                            {
                                "type": "text",
                                "text": "data fetchはresponsiveの外側でやる"
                            }
                        ]
                    }
                ]
            }
        ],
        "team": "T04TGFGMK7C",
        "user_team": "T04TGFGMK7C",
        "source_team": "T04TGFGMK7C",
        "user_profile": {
            "avatar_hash": "183a619e0408",
            "image_72": "https:\/\/avatars.slack-edge.com\/2023-03-11\/4958815898464_183a619e0408c53031fd_72.jpg",
            "first_name": "Hibiki",
            "real_name": "Hibiki Mizuno",
            "display_name": "Jabelic スクラムマスター",
            "team": "T04TGFGMK7C",
            "name": "a2239hm",
            "is_restricted": false,
            "is_ultra_restricted": false
        }
    },
    {
        "client_msg_id": "a11fcb7a-56e9-49fa-9ff0-2e2d773c4587",
        "type": "message",
        "text": "ローカルでは治った",
        "user": "U04T9TDB58W",
        "ts": "1698408062.896439",
        "blocks": [
            {
                "type": "rich_text",
                "block_id": "kZ+\/B",
                "elements": [
                    {
                        "type": "rich_text_section",
                        "elements": [
                            {
                                "type": "text",
                                "text": "ローカルでは治った"
                            }
                        ]
                    }
                ]
            }
        ],
        "team": "T04TGFGMK7C",
        "user_team": "T04TGFGMK7C",
        "source_team": "T04TGFGMK7C",
        "user_profile": {
            "avatar_hash": "183a619e0408",
            "image_72": "https:\/\/avatars.slack-edge.com\/2023-03-11\/4958815898464_183a619e0408c53031fd_72.jpg",
            "first_name": "Hibiki",
            "real_name": "Hibiki Mizuno",
            "display_name": "Jabelic スクラムマスター",
            "team": "T04TGFGMK7C",
            "name": "a2239hm",
            "is_restricted": false,
            "is_ultra_restricted": false
        }
    },
    {
        "client_msg_id": "309aa0b8-ce6f-41f0-95ff-cdebf120bce5",
        "type": "message",
        "text": "意味がわかったかも\nでもこれはね、たまたまレンダリングが起きているからuseEffect内でfetchできているだけで、本質的には間違っていると思う",
        "user": "U04T9TDB58W",
        "ts": "1698408107.344649",
        "blocks": [
            {
                "type": "rich_text",
                "block_id": "8qwjD",
                "elements": [
                    {
                        "type": "rich_text_section",
                        "elements": [
                            {
                                "type": "text",
                                "text": "意味がわかったかも\nでもこれはね、たまたまレンダリングが起きているからuseEffect内でfetchできているだけで、本質的には間違っていると思う"
                            }
                        ]
                    }
                ]
            }
        ],
        "team": "T04TGFGMK7C",
        "user_team": "T04TGFGMK7C",
        "source_team": "T04TGFGMK7C",
        "user_profile": {
            "avatar_hash": "183a619e0408",
            "image_72": "https:\/\/avatars.slack-edge.com\/2023-03-11\/4958815898464_183a619e0408c53031fd_72.jpg",
            "first_name": "Hibiki",
            "real_name": "Hibiki Mizuno",
            "display_name": "Jabelic スクラムマスター",
            "team": "T04TGFGMK7C",
            "name": "a2239hm",
            "is_restricted": false,
            "is_ultra_restricted": false
        }
    },
    {
        "client_msg_id": "2c7bdd41-244f-455c-8091-5d78ead0ad52",
        "type": "message",
        "text": "useEffectの依存配列に入れたら事なきを得た\nそりゃそうか...",
        "user": "U04T9TDB58W",
        "ts": "1698410306.453569",
        "blocks": [
            {
                "type": "rich_text",
                "block_id": "cf\/Fu",
                "elements": [
                    {
                        "type": "rich_text_section",
                        "elements": [
                            {
                                "type": "text",
                                "text": "useEffectの依存配列に入れたら事なきを得た\nそりゃそうか..."
                            }
                        ]
                    }
                ]
            }
        ],
        "team": "T04TGFGMK7C",
        "user_team": "T04TGFGMK7C",
        "source_team": "T04TGFGMK7C",
        "user_profile": {
            "avatar_hash": "183a619e0408",
            "image_72": "https:\/\/avatars.slack-edge.com\/2023-03-11\/4958815898464_183a619e0408c53031fd_72.jpg",
            "first_name": "Hibiki",
            "real_name": "Hibiki Mizuno",
            "display_name": "Jabelic スクラムマスター",
            "team": "T04TGFGMK7C",
            "name": "a2239hm",
            "is_restricted": false,
            "is_ultra_restricted": false
        },
        "thread_ts": "1698406895.686679",
        "parent_user_id": "U04T9TDB58W"
    },
    {
        "client_msg_id": "b00d43af-3e1b-4999-b058-3d90b9eee17c",
        "type": "message",
        "text": "昨日今日、通知こないﾅ",
        "user": "U04T9TDB58W",
        "ts": "1698415846.940239",
        "blocks": [
            {
                "type": "rich_text",
                "block_id": "DNBEE",
                "elements": [
                    {
                        "type": "rich_text_section",
                        "elements": [
                            {
                                "type": "text",
                                "text": "昨日今日、通知こないﾅ"
                            }
                        ]
                    }
                ]
            }
        ],
        "team": "T04TGFGMK7C",
        "user_team": "T04TGFGMK7C",
        "source_team": "T04TGFGMK7C",
        "user_profile": {
            "avatar_hash": "183a619e0408",
            "image_72": "https:\/\/avatars.slack-edge.com\/2023-03-11\/4958815898464_183a619e0408c53031fd_72.jpg",
            "first_name": "Hibiki",
            "real_name": "Hibiki Mizuno",
            "display_name": "Jabelic スクラムマスター",
            "team": "T04TGFGMK7C",
            "name": "a2239hm",
            "is_restricted": false,
            "is_ultra_restricted": false
        }
    },
    {
        "client_msg_id": "ae54b667-4721-4c96-950e-549de4db62ed",
        "type": "message",
        "text": "授業めっちゃ興味あるのに、どうしても課題が間に合わない\nちゃんと勉強したいな",
        "user": "U04T9TDB58W",
        "ts": "1698415903.603159",
        "blocks": [
            {
                "type": "rich_text",
                "block_id": "eIMM+",
                "elements": [
                    {
                        "type": "rich_text_section",
                        "elements": [
                            {
                                "type": "text",
                                "text": "授業めっちゃ興味あるのに、どうしても課題が間に合わない\nちゃんと勉強したいな"
                            }
                        ]
                    }
                ]
            }
        ],
        "team": "T04TGFGMK7C",
        "user_team": "T04TGFGMK7C",
        "source_team": "T04TGFGMK7C",
        "user_profile": {
            "avatar_hash": "183a619e0408",
            "image_72": "https:\/\/avatars.slack-edge.com\/2023-03-11\/4958815898464_183a619e0408c53031fd_72.jpg",
            "first_name": "Hibiki",
            "real_name": "Hibiki Mizuno",
            "display_name": "Jabelic スクラムマスター",
            "team": "T04TGFGMK7C",
            "name": "a2239hm",
            "is_restricted": false,
            "is_ultra_restricted": false
        }
    },
    {
        "client_msg_id": "ae1cbd3e-7cb4-4769-aa3a-db559268441f",
        "type": "message",
        "text": "TODO: <https:\/\/github.com\/chubachi-pt-2023\/atomono-front\/pull\/77>",
        "user": "U04T9TDB58W",
        "ts": "1698416037.253679",
        "blocks": [
            {
                "type": "rich_text",
                "block_id": "l1YGI",
                "elements": [
                    {
                        "type": "rich_text_section",
                        "elements": [
                            {
                                "type": "text",
                                "text": "TODO: "
                            },
                            {
                                "type": "link",
                                "url": "https:\/\/github.com\/chubachi-pt-2023\/atomono-front\/pull\/77"
                            }
                        ]
                    }
                ]
            }
        ],
        "team": "T04TGFGMK7C",
        "user_team": "T04TGFGMK7C",
        "source_team": "T04TGFGMK7C",
        "user_profile": {
            "avatar_hash": "183a619e0408",
            "image_72": "https:\/\/avatars.slack-edge.com\/2023-03-11\/4958815898464_183a619e0408c53031fd_72.jpg",
            "first_name": "Hibiki",
            "real_name": "Hibiki Mizuno",
            "display_name": "Jabelic スクラムマスター",
            "team": "T04TGFGMK7C",
            "name": "a2239hm",
            "is_restricted": false,
            "is_ultra_restricted": false
        },
        "thread_ts": "1698416037.253679",
        "reply_count": 3,
        "reply_users_count": 2,
        "latest_reply": "1698495862.169319",
        "reply_users": [
            "U04T9TDB58W",
            "U04U66DSPEU"
        ],
        "replies": [
            {
                "user": "U04T9TDB58W",
                "ts": "1698495064.944909"
            },
            {
                "user": "U04U66DSPEU",
                "ts": "1698495424.221779"
            },
            {
                "user": "U04T9TDB58W",
                "ts": "1698495862.169319"
            }
        ],
        "is_locked": false,
        "subscribed": false
    },
    {
        "client_msg_id": "a919618c-7b5e-407d-8637-0d089b29005c",
        "type": "message",
        "text": "TODO: 削除編集のチケット起票",
        "user": "U04T9TDB58W",
        "ts": "1698431591.666269",
        "blocks": [
            {
                "type": "rich_text",
                "block_id": "1zPNU",
                "elements": [
                    {
                        "type": "rich_text_section",
                        "elements": [
                            {
                                "type": "text",
                                "text": "TODO: 削除編集のチケット起票"
                            }
                        ]
                    }
                ]
            }
        ],
        "team": "T04TGFGMK7C",
        "user_team": "T04TGFGMK7C",
        "source_team": "T04TGFGMK7C",
        "user_profile": {
            "avatar_hash": "183a619e0408",
            "image_72": "https:\/\/avatars.slack-edge.com\/2023-03-11\/4958815898464_183a619e0408c53031fd_72.jpg",
            "first_name": "Hibiki",
            "real_name": "Hibiki Mizuno",
            "display_name": "Jabelic スクラムマスター",
            "team": "T04TGFGMK7C",
            "name": "a2239hm",
            "is_restricted": false,
            "is_ultra_restricted": false
        }
    }
]