[
    {
        "client_msg_id": "ba6f8bc5-8942-4da0-a05b-b885aa1e3370",
        "type": "message",
        "text": "<https:\/\/www.youtube.com\/live\/Fb0imHesPEk?si=muBEW8dgucFQZNDl|https:\/\/www.youtube.com\/live\/Fb0imHesPEk?si=muBEW8dgucFQZNDl>\n渋谷",
        "user": "U04TV4NASPK",
        "ts": "1698755314.487309",
        "blocks": [
            {
                "type": "rich_text",
                "block_id": "P+xPP",
                "elements": [
                    {
                        "type": "rich_text_section",
                        "elements": [
                            {
                                "type": "link",
                                "url": "https:\/\/www.youtube.com\/live\/Fb0imHesPEk?si=muBEW8dgucFQZNDl",
                                "text": "https:\/\/www.youtube.com\/live\/Fb0imHesPEk?si=muBEW8dgucFQZNDl"
                            },
                            {
                                "type": "text",
                                "text": "\n渋谷"
                            }
                        ]
                    }
                ]
            }
        ],
        "team": "T04TGFGMK7C",
        "user_team": "T04TGFGMK7C",
        "source_team": "T04TGFGMK7C",
        "user_profile": {
            "avatar_hash": "342942264635",
            "image_72": "https:\/\/avatars.slack-edge.com\/2023-03-11\/4927985433382_34294226463524804a2d_72.jpg",
            "first_name": "Nakayama",
            "real_name": "Nakayama Kenta",
            "display_name": "Nakayama",
            "team": "T04TGFGMK7C",
            "name": "a2231kn",
            "is_restricted": false,
            "is_ultra_restricted": false
        },
        "attachments": [
            {
                "image_url": "https:\/\/i.ytimg.com\/vi\/Fb0imHesPEk\/maxresdefault_live.jpg",
                "image_width": 1280,
                "image_height": 720,
                "image_bytes": 207791,
                "from_url": "https:\/\/www.youtube.com\/live\/Fb0imHesPEk?si=muBEW8dgucFQZNDl",
                "service_icon": "https:\/\/www.youtube.com\/s\/desktop\/49f5c987\/img\/favicon.ico",
                "thumb_url": "https:\/\/i.ytimg.com\/vi\/Fb0imHesPEk\/maxresdefault_live.jpg",
                "thumb_width": 1280,
                "thumb_height": 720,
                "id": 1,
                "original_url": "https:\/\/www.youtube.com\/live\/Fb0imHesPEk?si=muBEW8dgucFQZNDl",
                "fallback": "YouTube: 渋谷センター街 メインアーチ前　ライブ配信",
                "text": "渋谷センター街のライブカメラです♪これを観るだけで今の渋谷のトレンドが分かるかも？↓公式HP↓<https:\/\/center-gai.jp\/※個人情報の観点から、リアルタイムで画像処理をしています。その為、映像配信には数分タイムラグがあります。#渋谷> #SHIBUYA #センター街 #スクランブル交差点 #Scra...",
                "title": "渋谷センター街 メインアーチ前　ライブ配信",
                "title_link": "https:\/\/www.youtube.com\/live\/Fb0imHesPEk?si=muBEW8dgucFQZNDl",
                "service_name": "YouTube"
            }
        ],
        "thread_ts": "1698755314.487309",
        "reply_count": 4,
        "reply_users_count": 2,
        "latest_reply": "1698763948.336999",
        "reply_users": [
            "U04T9TDB58W",
            "U04TV4NASPK"
        ],
        "replies": [
            {
                "user": "U04T9TDB58W",
                "ts": "1698763537.507889"
            },
            {
                "user": "U04T9TDB58W",
                "ts": "1698763585.169229"
            },
            {
                "user": "U04TV4NASPK",
                "ts": "1698763897.547179"
            },
            {
                "user": "U04T9TDB58W",
                "ts": "1698763948.336999"
            }
        ],
        "is_locked": false,
        "subscribed": false
    },
    {
        "client_msg_id": "384ffb22-9db8-4f05-b00b-78558c058fcd",
        "type": "message",
        "text": "うちで今日出社してる人少なそう",
        "user": "U04T9TDB58W",
        "ts": "1698763537.507889",
        "blocks": [
            {
                "type": "rich_text",
                "block_id": "fLhOk",
                "elements": [
                    {
                        "type": "rich_text_section",
                        "elements": [
                            {
                                "type": "text",
                                "text": "うちで今日出社してる人少なそう"
                            }
                        ]
                    }
                ]
            }
        ],
        "team": "T04TGFGMK7C",
        "user_team": "T04TGFGMK7C",
        "source_team": "T04TGFGMK7C",
        "user_profile": {
            "avatar_hash": "183a619e0408",
            "image_72": "https:\/\/avatars.slack-edge.com\/2023-03-11\/4958815898464_183a619e0408c53031fd_72.jpg",
            "first_name": "Hibiki",
            "real_name": "Hibiki Mizuno",
            "display_name": "Jabelic スクラムマスター",
            "team": "T04TGFGMK7C",
            "name": "a2239hm",
            "is_restricted": false,
            "is_ultra_restricted": false
        },
        "thread_ts": "1698755314.487309",
        "parent_user_id": "U04TV4NASPK"
    },
    {
        "client_msg_id": "d638ed08-48a7-472e-a46d-ae180a1f9091",
        "type": "message",
        "text": "自社ビルはセンター街を超えたところにあって、最悪w",
        "user": "U04T9TDB58W",
        "ts": "1698763585.169229",
        "blocks": [
            {
                "type": "rich_text",
                "block_id": "7uMAp",
                "elements": [
                    {
                        "type": "rich_text_section",
                        "elements": [
                            {
                                "type": "text",
                                "text": "自社ビルはセンター街を超えたところにあって、最悪w"
                            }
                        ]
                    }
                ]
            }
        ],
        "team": "T04TGFGMK7C",
        "user_team": "T04TGFGMK7C",
        "source_team": "T04TGFGMK7C",
        "user_profile": {
            "avatar_hash": "183a619e0408",
            "image_72": "https:\/\/avatars.slack-edge.com\/2023-03-11\/4958815898464_183a619e0408c53031fd_72.jpg",
            "first_name": "Hibiki",
            "real_name": "Hibiki Mizuno",
            "display_name": "Jabelic スクラムマスター",
            "team": "T04TGFGMK7C",
            "name": "a2239hm",
            "is_restricted": false,
            "is_ultra_restricted": false
        },
        "edited": {
            "user": "U04T9TDB58W",
            "ts": "1698763591.000000"
        },
        "thread_ts": "1698755314.487309",
        "parent_user_id": "U04TV4NASPK"
    },
    {
        "client_msg_id": "6fb82d52-9281-4aec-b044-63818263a296",
        "type": "message",
        "text": "仮装してる人は返されるらしいが、人は相変わらず多いらしい",
        "user": "U04TV4NASPK",
        "ts": "1698763897.547179",
        "blocks": [
            {
                "type": "rich_text",
                "block_id": "TRfNB",
                "elements": [
                    {
                        "type": "rich_text_section",
                        "elements": [
                            {
                                "type": "text",
                                "text": "仮装してる人は返されるらしいが、人は相変わらず多いらしい"
                            }
                        ]
                    }
                ]
            }
        ],
        "team": "T04TGFGMK7C",
        "user_team": "T04TGFGMK7C",
        "source_team": "T04TGFGMK7C",
        "user_profile": {
            "avatar_hash": "342942264635",
            "image_72": "https:\/\/avatars.slack-edge.com\/2023-03-11\/4927985433382_34294226463524804a2d_72.jpg",
            "first_name": "Nakayama",
            "real_name": "Nakayama Kenta",
            "display_name": "Nakayama",
            "team": "T04TGFGMK7C",
            "name": "a2231kn",
            "is_restricted": false,
            "is_ultra_restricted": false
        },
        "thread_ts": "1698755314.487309",
        "parent_user_id": "U04TV4NASPK"
    },
    {
        "client_msg_id": "1256550c-eb69-4544-9009-7b3b63670580",
        "type": "message",
        "text": "&gt;  仮装してる人は返されるらしいが\nなるほどw",
        "user": "U04T9TDB58W",
        "ts": "1698763948.336999",
        "blocks": [
            {
                "type": "rich_text",
                "block_id": "eAxp\/",
                "elements": [
                    {
                        "type": "rich_text_quote",
                        "elements": [
                            {
                                "type": "text",
                                "text": " 仮装してる人は返されるらしいが"
                            }
                        ]
                    },
                    {
                        "type": "rich_text_section",
                        "elements": [
                            {
                                "type": "text",
                                "text": "なるほどw"
                            }
                        ]
                    }
                ]
            }
        ],
        "team": "T04TGFGMK7C",
        "user_team": "T04TGFGMK7C",
        "source_team": "T04TGFGMK7C",
        "user_profile": {
            "avatar_hash": "183a619e0408",
            "image_72": "https:\/\/avatars.slack-edge.com\/2023-03-11\/4958815898464_183a619e0408c53031fd_72.jpg",
            "first_name": "Hibiki",
            "real_name": "Hibiki Mizuno",
            "display_name": "Jabelic スクラムマスター",
            "team": "T04TGFGMK7C",
            "name": "a2239hm",
            "is_restricted": false,
            "is_ultra_restricted": false
        },
        "thread_ts": "1698755314.487309",
        "parent_user_id": "U04TV4NASPK"
    }
]