[
    {
        "client_msg_id": "3e81bcfd-7ce4-4b86-a06c-27a6adbf65b5",
        "type": "message",
        "text": "今から23時前まで作業やります",
        "user": "U04TDHFKJ85",
        "ts": "1697804127.074479",
        "blocks": [
            {
                "type": "rich_text",
                "block_id": "yf5n5",
                "elements": [
                    {
                        "type": "rich_text_section",
                        "elements": [
                            {
                                "type": "text",
                                "text": "今から23時前まで作業やります"
                            }
                        ]
                    }
                ]
            }
        ],
        "team": "T04TGFGMK7C",
        "user_team": "T04TGFGMK7C",
        "source_team": "T04TGFGMK7C",
        "user_profile": {
            "avatar_hash": "4f9ceaf45fef",
            "image_72": "https:\/\/avatars.slack-edge.com\/2023-04-25\/5158348926726_4f9ceaf45fefba755a9b_72.jpg",
            "first_name": "鈴木真希",
            "real_name": "鈴木真希",
            "display_name": "",
            "team": "T04TGFGMK7C",
            "name": "a2216ms",
            "is_restricted": false,
            "is_ultra_restricted": false
        }
    },
    {
        "client_msg_id": "30379081-782b-4751-8035-a6bd37abd55d",
        "type": "message",
        "text": "14時からやります",
        "user": "U04TV4NASPK",
        "ts": "1697862234.127059",
        "blocks": [
            {
                "type": "rich_text",
                "block_id": "djKMA",
                "elements": [
                    {
                        "type": "rich_text_section",
                        "elements": [
                            {
                                "type": "text",
                                "text": "14時からやります"
                            }
                        ]
                    }
                ]
            }
        ],
        "team": "T04TGFGMK7C",
        "user_team": "T04TGFGMK7C",
        "source_team": "T04TGFGMK7C",
        "user_profile": {
            "avatar_hash": "342942264635",
            "image_72": "https:\/\/avatars.slack-edge.com\/2023-03-11\/4927985433382_34294226463524804a2d_72.jpg",
            "first_name": "Nakayama",
            "real_name": "Nakayama Kenta",
            "display_name": "Nakayama",
            "team": "T04TGFGMK7C",
            "name": "a2231kn",
            "is_restricted": false,
            "is_ultra_restricted": false
        },
        "thread_ts": "1697862234.127059",
        "reply_count": 4,
        "reply_users_count": 1,
        "latest_reply": "1697898338.261199",
        "reply_users": [
            "U04TV4NASPK"
        ],
        "replies": [
            {
                "user": "U04TV4NASPK",
                "ts": "1697871927.367159"
            },
            {
                "user": "U04TV4NASPK",
                "ts": "1697882520.050589"
            },
            {
                "user": "U04TV4NASPK",
                "ts": "1697891670.142149"
            },
            {
                "user": "U04TV4NASPK",
                "ts": "1697898338.261199"
            }
        ],
        "is_locked": false,
        "subscribed": false
    },
    {
        "client_msg_id": "c7bacfae-4e75-44d4-a35d-f26973939b42",
        "type": "message",
        "text": "16時から作業します",
        "user": "U04T201950F",
        "ts": "1697870748.862499",
        "blocks": [
            {
                "type": "rich_text",
                "block_id": "4Ma2r",
                "elements": [
                    {
                        "type": "rich_text_section",
                        "elements": [
                            {
                                "type": "text",
                                "text": "16時から作業します"
                            }
                        ]
                    }
                ]
            }
        ],
        "team": "T04TGFGMK7C",
        "user_team": "T04TGFGMK7C",
        "source_team": "T04TGFGMK7C",
        "user_profile": {
            "avatar_hash": "37195c285ebd",
            "image_72": "https:\/\/avatars.slack-edge.com\/2023-04-26\/5193192270752_37195c285ebdc8d65709_72.jpg",
            "first_name": "Dai",
            "real_name": "Dai Miyahara",
            "display_name": "Dai Miyahara",
            "team": "T04TGFGMK7C",
            "name": "a2240dm",
            "is_restricted": false,
            "is_ultra_restricted": false
        }
    }
]