[
    {
        "client_msg_id": "9b951172-8281-453e-b9fd-fe85016bf381",
        "type": "message",
        "text": "終わります",
        "user": "U04TV4NASPK",
        "ts": "1697471834.522929",
        "blocks": [
            {
                "type": "rich_text",
                "block_id": "wYgHK",
                "elements": [
                    {
                        "type": "rich_text_section",
                        "elements": [
                            {
                                "type": "text",
                                "text": "終わります"
                            }
                        ]
                    }
                ]
            }
        ],
        "team": "T04TGFGMK7C",
        "user_team": "T04TGFGMK7C",
        "source_team": "T04TGFGMK7C",
        "user_profile": {
            "avatar_hash": "342942264635",
            "image_72": "https:\/\/avatars.slack-edge.com\/2023-03-11\/4927985433382_34294226463524804a2d_72.jpg",
            "first_name": "Nakayama",
            "real_name": "Nakayama Kenta",
            "display_name": "Nakayama",
            "team": "T04TGFGMK7C",
            "name": "a2231kn",
            "is_restricted": false,
            "is_ultra_restricted": false
        },
        "thread_ts": "1697455228.221679",
        "parent_user_id": "U04TV4NASPK"
    }
]