[
    {
        "client_msg_id": "7b7c612b-4097-470d-8dfb-0cbacdb719e5",
        "type": "message",
        "text": "家に戻るため一旦終わります。",
        "user": "U04T201950F",
        "ts": "1697964184.263819",
        "blocks": [
            {
                "type": "rich_text",
                "block_id": "OyGWw",
                "elements": [
                    {
                        "type": "rich_text_section",
                        "elements": [
                            {
                                "type": "text",
                                "text": "家に戻るため一旦終わります。"
                            }
                        ]
                    }
                ]
            }
        ],
        "team": "T04TGFGMK7C",
        "user_team": "T04TGFGMK7C",
        "source_team": "T04TGFGMK7C",
        "user_profile": {
            "avatar_hash": "37195c285ebd",
            "image_72": "https:\/\/avatars.slack-edge.com\/2023-04-26\/5193192270752_37195c285ebdc8d65709_72.jpg",
            "first_name": "Dai",
            "real_name": "Dai Miyahara",
            "display_name": "Dai Miyahara",
            "team": "T04TGFGMK7C",
            "name": "a2240dm",
            "is_restricted": false,
            "is_ultra_restricted": false
        }
    },
    {
        "client_msg_id": "3fcfa29b-b1d8-4109-88d2-58e0fc651e6a",
        "type": "message",
        "text": "3時間ほど離席しますー",
        "user": "U04T9TDB58W",
        "ts": "1697968619.030719",
        "blocks": [
            {
                "type": "rich_text",
                "block_id": "A0dm5",
                "elements": [
                    {
                        "type": "rich_text_section",
                        "elements": [
                            {
                                "type": "text",
                                "text": "3時間ほど離席しますー"
                            }
                        ]
                    }
                ]
            }
        ],
        "team": "T04TGFGMK7C",
        "user_team": "T04TGFGMK7C",
        "source_team": "T04TGFGMK7C",
        "user_profile": {
            "avatar_hash": "183a619e0408",
            "image_72": "https:\/\/avatars.slack-edge.com\/2023-03-11\/4958815898464_183a619e0408c53031fd_72.jpg",
            "first_name": "Hibiki",
            "real_name": "Hibiki Mizuno",
            "display_name": "Jabelic スクラムマスター",
            "team": "T04TGFGMK7C",
            "name": "a2239hm",
            "is_restricted": false,
            "is_ultra_restricted": false
        }
    },
    {
        "client_msg_id": "99aaeff7-1ca0-457b-b39c-68c12d5e1d05",
        "type": "message",
        "text": "ちょっと今日中間課題やってて夜無理そう",
        "user": "U04TV4NASPK",
        "ts": "1697970193.899709",
        "blocks": [
            {
                "type": "rich_text",
                "block_id": "qp6YW",
                "elements": [
                    {
                        "type": "rich_text_section",
                        "elements": [
                            {
                                "type": "text",
                                "text": "ちょっと今日中間課題やってて夜無理そう"
                            }
                        ]
                    }
                ]
            }
        ],
        "team": "T04TGFGMK7C",
        "user_team": "T04TGFGMK7C",
        "source_team": "T04TGFGMK7C",
        "user_profile": {
            "avatar_hash": "342942264635",
            "image_72": "https:\/\/avatars.slack-edge.com\/2023-03-11\/4927985433382_34294226463524804a2d_72.jpg",
            "first_name": "Nakayama",
            "real_name": "Nakayama Kenta",
            "display_name": "Nakayama",
            "team": "T04TGFGMK7C",
            "name": "a2231kn",
            "is_restricted": false,
            "is_ultra_restricted": false
        },
        "thread_ts": "1697939668.338019",
        "parent_user_id": "U04TV4NASPK"
    },
    {
        "client_msg_id": "1352b938-9117-4307-88ce-d47fbd79bc3d",
        "type": "message",
        "text": "作業そろそろはじめます",
        "user": "U04TDHFKJ85",
        "ts": "1697970543.032699",
        "blocks": [
            {
                "type": "rich_text",
                "block_id": "AgUkC",
                "elements": [
                    {
                        "type": "rich_text_section",
                        "elements": [
                            {
                                "type": "text",
                                "text": "作業そろそろはじめます"
                            }
                        ]
                    }
                ]
            }
        ],
        "team": "T04TGFGMK7C",
        "user_team": "T04TGFGMK7C",
        "source_team": "T04TGFGMK7C",
        "user_profile": {
            "avatar_hash": "4f9ceaf45fef",
            "image_72": "https:\/\/avatars.slack-edge.com\/2023-04-25\/5158348926726_4f9ceaf45fefba755a9b_72.jpg",
            "first_name": "鈴木真希",
            "real_name": "鈴木真希",
            "display_name": "",
            "team": "T04TGFGMK7C",
            "name": "a2216ms",
            "is_restricted": false,
            "is_ultra_restricted": false
        },
        "edited": {
            "user": "U04TDHFKJ85",
            "ts": "1697970553.000000"
        },
        "thread_ts": "1697970543.032699",
        "reply_count": 1,
        "reply_users_count": 1,
        "latest_reply": "1697983769.015009",
        "reply_users": [
            "U04TDHFKJ85"
        ],
        "replies": [
            {
                "user": "U04TDHFKJ85",
                "ts": "1697983769.015009"
            }
        ],
        "is_locked": false,
        "subscribed": false
    },
    {
        "client_msg_id": "464f1d5a-f77b-43d0-9c50-bbdf816ec783",
        "type": "message",
        "text": "作業の続きです",
        "user": "U04U66DSPEU",
        "ts": "1697975650.779479",
        "blocks": [
            {
                "type": "rich_text",
                "block_id": "AaZyC",
                "elements": [
                    {
                        "type": "rich_text_section",
                        "elements": [
                            {
                                "type": "text",
                                "text": "作業の続きです"
                            }
                        ]
                    }
                ]
            }
        ],
        "team": "T04TGFGMK7C",
        "user_team": "T04TGFGMK7C",
        "source_team": "T04TGFGMK7C",
        "user_profile": {
            "avatar_hash": "eded816e5002",
            "image_72": "https:\/\/avatars.slack-edge.com\/2023-04-25\/5164292307843_eded816e5002d89cd475_72.png",
            "first_name": "FABIAN",
            "real_name": "FABIAN M. FERNANDEZ",
            "display_name": "Fernandez",
            "team": "T04TGFGMK7C",
            "name": "a2237mf",
            "is_restricted": false,
            "is_ultra_restricted": false
        },
        "thread_ts": "1697951488.091039",
        "parent_user_id": "U04U66DSPEU"
    },
    {
        "client_msg_id": "a06c6d2b-afc6-4040-bc28-2d7c75da2278",
        "type": "message",
        "text": "今日はこれで終わりにします",
        "user": "U04TDHFKJ85",
        "ts": "1697983769.015009",
        "blocks": [
            {
                "type": "rich_text",
                "block_id": "1r42l",
                "elements": [
                    {
                        "type": "rich_text_section",
                        "elements": [
                            {
                                "type": "text",
                                "text": "今日はこれで終わりにします"
                            }
                        ]
                    }
                ]
            }
        ],
        "team": "T04TGFGMK7C",
        "user_team": "T04TGFGMK7C",
        "source_team": "T04TGFGMK7C",
        "user_profile": {
            "avatar_hash": "4f9ceaf45fef",
            "image_72": "https:\/\/avatars.slack-edge.com\/2023-04-25\/5158348926726_4f9ceaf45fefba755a9b_72.jpg",
            "first_name": "鈴木真希",
            "real_name": "鈴木真希",
            "display_name": "",
            "team": "T04TGFGMK7C",
            "name": "a2216ms",
            "is_restricted": false,
            "is_ultra_restricted": false
        },
        "thread_ts": "1697970543.032699",
        "parent_user_id": "U04TDHFKJ85"
    },
    {
        "client_msg_id": "8dcd45e7-73b3-4016-a6cf-c1c74857bfca",
        "type": "message",
        "text": "おやすみなさい",
        "user": "U04U66DSPEU",
        "ts": "1697987556.884589",
        "blocks": [
            {
                "type": "rich_text",
                "block_id": "uVj4\/",
                "elements": [
                    {
                        "type": "rich_text_section",
                        "elements": [
                            {
                                "type": "text",
                                "text": "おやすみなさい"
                            }
                        ]
                    }
                ]
            }
        ],
        "team": "T04TGFGMK7C",
        "user_team": "T04TGFGMK7C",
        "source_team": "T04TGFGMK7C",
        "user_profile": {
            "avatar_hash": "eded816e5002",
            "image_72": "https:\/\/avatars.slack-edge.com\/2023-04-25\/5164292307843_eded816e5002d89cd475_72.png",
            "first_name": "FABIAN",
            "real_name": "FABIAN M. FERNANDEZ",
            "display_name": "Fernandez",
            "team": "T04TGFGMK7C",
            "name": "a2237mf",
            "is_restricted": false,
            "is_ultra_restricted": false
        },
        "thread_ts": "1697951488.091039",
        "parent_user_id": "U04U66DSPEU"
    },
    {
        "client_msg_id": "a99d77cc-5902-4752-ba7b-d44036fa14f7",
        "type": "message",
        "text": "一時間ほど作業します",
        "user": "U04U66DSPEU",
        "ts": "1698015985.791549",
        "blocks": [
            {
                "type": "rich_text",
                "block_id": "Gz1bT",
                "elements": [
                    {
                        "type": "rich_text_section",
                        "elements": [
                            {
                                "type": "text",
                                "text": "一時間ほど作業します"
                            }
                        ]
                    }
                ]
            }
        ],
        "team": "T04TGFGMK7C",
        "user_team": "T04TGFGMK7C",
        "source_team": "T04TGFGMK7C",
        "user_profile": {
            "avatar_hash": "eded816e5002",
            "image_72": "https:\/\/avatars.slack-edge.com\/2023-04-25\/5164292307843_eded816e5002d89cd475_72.png",
            "first_name": "FABIAN",
            "real_name": "FABIAN M. FERNANDEZ",
            "display_name": "Fernandez",
            "team": "T04TGFGMK7C",
            "name": "a2237mf",
            "is_restricted": false,
            "is_ultra_restricted": false
        }
    }
]