[
    {
        "bot_id": "B054V2LRMFX",
        "type": "message",
        "text": "@satoshi.hirata edited a comment on AT-445 BE: ユーザーのダミーデータで後続のユーザーストーリーを進められるか調査",
        "user": "U055AKE99KK",
        "ts": "1690885134.023339",
        "app_id": "A2RPP3NFR",
        "blocks": [
            {
                "type": "section",
                "block_id": "no:ih:10467::d1291260305411eeb7e521f794b8af12",
                "text": {
                    "type": "mrkdwn",
                    "text": "*<slack:\/\/user?team=T04TGFGMK7C&amp;id=U04TGBZ4XEX|@satoshi.hirata> edited a comment on a タスク in `完了`*\n*<https:\/\/chubachi-pt-2023.atlassian.net\/browse\/AT-445?atlOrigin=eyJpIjoiMWIwNmU3MTNjNmY5NDE0NmJhZmQxZDAyMDBjNWY4NTEiLCJwIjoiamlyYS1zbGFjay1pbnQifQ&amp;focusedCommentId=10150&amp;page=com.atlassian.jira.plugin.system.issuetabpanels%3Acomment-tabpanel#comment-10150|AT-445 BE: ユーザーのダミーデータで後続のユーザーストーリーを進められるか調査>*",
                    "verbatim": false
                }
            },
            {
                "type": "section",
                "block_id": "cn:nb:issue-commented-hook%3AsubscriptionHooks%3A1534139%3A63987e6af78d12c0f47112a9%3A10150::d1291261305411eeb7e521f794b8af12",
                "text": {
                    "type": "mrkdwn",
                    "text": "&gt;&gt;&gt;ユーザーをロードする箇所でダミーモック噛ませたらいけそう\nその間に別ブランチ運用で並行して認証周りやる方針",
                    "verbatim": false
                }
            },
            {
                "type": "actions",
                "block_id": "no:issueFooterActions:10467::d1291262305411eeb7e521f794b8af12",
                "elements": [
                    {
                        "type": "button",
                        "action_id": "{\"issueId\":\"10467\",\"instanceId\":\"5c23e16f-eefd-3c64-9603-064f32c410c0\",\"projectId\":\"10002\",\"action\":\"comment\",\"nType\":\"ISSUE_COMMENTED\",\"nPlace\":\"main\"}",
                        "text": {
                            "type": "plain_text",
                            "text": "Comment",
                            "emoji": true
                        },
                        "value": "comment"
                    },
                    {
                        "type": "static_select",
                        "action_id": "{\"issueId\":\"10467\",\"instanceId\":\"5c23e16f-eefd-3c64-9603-064f32c410c0\",\"projectId\":\"10002\",\"nType\":\"ISSUE_COMMENTED\",\"nPlace\":\"menu\",\"actor\":\"U04TGBZ4XEX\"}",
                        "placeholder": {
                            "type": "plain_text",
                            "text": "More actions...",
                            "emoji": true
                        },
                        "options": [
                            {
                                "text": {
                                    "type": "plain_text",
                                    "text": "Watch",
                                    "emoji": true
                                },
                                "value": "watch"
                            },
                            {
                                "text": {
                                    "type": "plain_text",
                                    "text": "Assign",
                                    "emoji": true
                                },
                                "value": "assign"
                            },
                            {
                                "text": {
                                    "type": "plain_text",
                                    "text": "Transition",
                                    "emoji": true
                                },
                                "value": "transition"
                            },
                            {
                                "text": {
                                    "type": "plain_text",
                                    "text": "Why am I seeing this?",
                                    "emoji": true
                                },
                                "value": "why"
                            },
                            {
                                "text": {
                                    "type": "plain_text",
                                    "text": ":tada: Give kudos",
                                    "emoji": true
                                },
                                "value": "kudos"
                            }
                        ]
                    }
                ]
            }
        ],
        "team": "T04TGFGMK7C",
        "bot_profile": {
            "id": "B054V2LRMFX",
            "app_id": "A2RPP3NFR",
            "name": "Jira Cloud",
            "icons": {
                "image_36": "https:\/\/avatars.slack-edge.com\/2018-11-30\/493753869479_4b703f4119efe3d7d0ff_36.png",
                "image_48": "https:\/\/avatars.slack-edge.com\/2018-11-30\/493753869479_4b703f4119efe3d7d0ff_48.png",
                "image_72": "https:\/\/avatars.slack-edge.com\/2018-11-30\/493753869479_4b703f4119efe3d7d0ff_72.png"
            },
            "deleted": false,
            "updated": 1682467833,
            "team_id": "T04TGFGMK7C"
        }
    },
    {
        "bot_id": "B054V2LRMFX",
        "type": "message",
        "text": "@Hibiki Mizuno created a Task AT-453 キャプチャ動画をYouTubeにアップロードする",
        "user": "U055AKE99KK",
        "ts": "1690890939.315229",
        "app_id": "A2RPP3NFR",
        "blocks": [
            {
                "type": "section",
                "block_id": "no:ih:10475::55656260306211eeb7e521f794b8af12",
                "text": {
                    "type": "mrkdwn",
                    "text": "*<slack:\/\/user?team=T04TGFGMK7C&amp;id=U04T9TDB58W|@Hibiki Mizuno> created a Task*\n*<https:\/\/chubachi-pt-2023.atlassian.net\/browse\/AT-453?atlOrigin=eyJpIjoiNGU0NmUwYjUzN2YxNGU3ZGJhZDY3YmJiN2M3ZTdhYWMiLCJwIjoiamlyYS1zbGFjay1pbnQifQ|AT-453 キャプチャ動画をYouTubeにアップロードする>*",
                    "verbatim": false
                }
            },
            {
                "type": "context",
                "block_id": "no:cx:10475::55656261306211eeb7e521f794b8af12",
                "elements": [
                    {
                        "type": "mrkdwn",
                        "text": "Status: *To Do*",
                        "verbatim": false
                    },
                    {
                        "type": "image",
                        "image_url": "https:\/\/product-integrations-cdn.atl-paas.net\/jira-issuetype\/task.png",
                        "alt_text": "Task"
                    },
                    {
                        "type": "mrkdwn",
                        "text": "Type: *Task*",
                        "verbatim": false
                    },
                    {
                        "type": "image",
                        "image_url": "https:\/\/product-integrations-cdn.atl-paas.net\/icons\/unknown-user.png",
                        "alt_text": "Unassigned"
                    },
                    {
                        "type": "mrkdwn",
                        "text": "Assignee: *Unassigned*",
                        "verbatim": false
                    },
                    {
                        "type": "image",
                        "image_url": "https:\/\/product-integrations-cdn.atl-paas.net\/jira-priority\/medium.png",
                        "alt_text": "Medium"
                    },
                    {
                        "type": "mrkdwn",
                        "text": "Priority: *Medium*",
                        "verbatim": false
                    }
                ]
            },
            {
                "type": "actions",
                "block_id": "no:issueFooterActions:10475::55656262306211eeb7e521f794b8af12",
                "elements": [
                    {
                        "type": "button",
                        "action_id": "{\"issueId\":\"10475\",\"instanceId\":\"5c23e16f-eefd-3c64-9603-064f32c410c0\",\"projectId\":\"10002\",\"action\":\"transition\",\"nType\":\"ISSUE_CREATED\",\"nPlace\":\"main\"}",
                        "text": {
                            "type": "plain_text",
                            "text": "Transition",
                            "emoji": true
                        },
                        "value": "transition"
                    },
                    {
                        "type": "static_select",
                        "action_id": "{\"issueId\":\"10475\",\"instanceId\":\"5c23e16f-eefd-3c64-9603-064f32c410c0\",\"projectId\":\"10002\",\"nType\":\"ISSUE_CREATED\",\"nPlace\":\"menu\",\"actor\":\"U04T9TDB58W\"}",
                        "placeholder": {
                            "type": "plain_text",
                            "text": "More actions...",
                            "emoji": true
                        },
                        "options": [
                            {
                                "text": {
                                    "type": "plain_text",
                                    "text": "Watch",
                                    "emoji": true
                                },
                                "value": "watch"
                            },
                            {
                                "text": {
                                    "type": "plain_text",
                                    "text": "Comment",
                                    "emoji": true
                                },
                                "value": "comment"
                            },
                            {
                                "text": {
                                    "type": "plain_text",
                                    "text": "Assign",
                                    "emoji": true
                                },
                                "value": "assign"
                            },
                            {
                                "text": {
                                    "type": "plain_text",
                                    "text": "Why am I seeing this?",
                                    "emoji": true
                                },
                                "value": "why"
                            },
                            {
                                "text": {
                                    "type": "plain_text",
                                    "text": ":tada: Give kudos",
                                    "emoji": true
                                },
                                "value": "kudos"
                            }
                        ]
                    }
                ]
            }
        ],
        "team": "T04TGFGMK7C",
        "bot_profile": {
            "id": "B054V2LRMFX",
            "app_id": "A2RPP3NFR",
            "name": "Jira Cloud",
            "icons": {
                "image_36": "https:\/\/avatars.slack-edge.com\/2018-11-30\/493753869479_4b703f4119efe3d7d0ff_36.png",
                "image_48": "https:\/\/avatars.slack-edge.com\/2018-11-30\/493753869479_4b703f4119efe3d7d0ff_48.png",
                "image_72": "https:\/\/avatars.slack-edge.com\/2018-11-30\/493753869479_4b703f4119efe3d7d0ff_72.png"
            },
            "deleted": false,
            "updated": 1682467833,
            "team_id": "T04TGFGMK7C"
        }
    },
    {
        "bot_id": "B054V2LRMFX",
        "type": "message",
        "text": "@Hibiki Mizuno assigned AT-325 フロントエンド実装 from Unassigned ⟶ @Hibiki Mizuno",
        "user": "U055AKE99KK",
        "ts": "1690890976.502389",
        "app_id": "A2RPP3NFR",
        "blocks": [
            {
                "type": "section",
                "block_id": "no:ih:10347::6b8e7310306211eeb9a5c7fadbb012cf",
                "text": {
                    "type": "mrkdwn",
                    "text": "*<slack:\/\/user?team=T04TGFGMK7C&amp;id=U04T9TDB58W|@Hibiki Mizuno> assigned a Task from Unassigned ⟶ <slack:\/\/user?team=T04TGFGMK7C&amp;id=U04T9TDB58W|@Hibiki Mizuno>*\n*<https:\/\/chubachi-pt-2023.atlassian.net\/browse\/AT-325?atlOrigin=eyJpIjoiN2I4NGE0NDZmMDFmNDNmYWI1NTAxZWFhZmQ1YWQ5MWIiLCJwIjoiamlyYS1zbGFjay1pbnQifQ|AT-325 フロントエンド実装>*",
                    "verbatim": false
                }
            },
            {
                "type": "context",
                "block_id": ":cx:10347::6b8e7311306211eeb9a5c7fadbb012cf",
                "elements": [
                    {
                        "type": "mrkdwn",
                        "text": "Status: *To Do*",
                        "verbatim": false
                    },
                    {
                        "type": "image",
                        "image_url": "https:\/\/product-integrations-cdn.atl-paas.net\/jira-issuetype\/task.png",
                        "alt_text": "Task"
                    },
                    {
                        "type": "mrkdwn",
                        "text": "Type: *Task*",
                        "verbatim": false
                    },
                    {
                        "type": "image",
                        "image_url": "https:\/\/avatar-management--avatars.us-west-2.prod.public.atl-paas.net\/62d6d768657fc166e26036e9\/85cc1e3a-26ef-42d5-82ea-162c6ec56ac7\/48?d=https%3A%2F%2Fproduct-integrations-cdn.atl-paas.net%2Ficons%2Funknown-user.png",
                        "alt_text": "HibikiMizuno"
                    },
                    {
                        "type": "mrkdwn",
                        "text": "Assignee: *HibikiMizuno*",
                        "verbatim": false
                    },
                    {
                        "type": "image",
                        "image_url": "https:\/\/product-integrations-cdn.atl-paas.net\/jira-priority\/medium.png",
                        "alt_text": "Medium"
                    },
                    {
                        "type": "mrkdwn",
                        "text": "Priority: *Medium*",
                        "verbatim": false
                    }
                ]
            },
            {
                "type": "actions",
                "block_id": "no:issueFooterActions:10347::6b8e7312306211eeb9a5c7fadbb012cf",
                "elements": [
                    {
                        "type": "button",
                        "action_id": "{\"issueId\":\"10347\",\"instanceId\":\"5c23e16f-eefd-3c64-9603-064f32c410c0\",\"projectId\":\"10002\",\"action\":\"transition\",\"nType\":\"ISSUE_ASSIGNED\",\"nPlace\":\"main\"}",
                        "text": {
                            "type": "plain_text",
                            "text": "Transition",
                            "emoji": true
                        },
                        "value": "transition"
                    },
                    {
                        "type": "static_select",
                        "action_id": "{\"issueId\":\"10347\",\"instanceId\":\"5c23e16f-eefd-3c64-9603-064f32c410c0\",\"projectId\":\"10002\",\"nType\":\"ISSUE_ASSIGNED\",\"nPlace\":\"menu\",\"actor\":\"U04T9TDB58W\"}",
                        "placeholder": {
                            "type": "plain_text",
                            "text": "More actions...",
                            "emoji": true
                        },
                        "options": [
                            {
                                "text": {
                                    "type": "plain_text",
                                    "text": "Watch",
                                    "emoji": true
                                },
                                "value": "watch"
                            },
                            {
                                "text": {
                                    "type": "plain_text",
                                    "text": "Comment",
                                    "emoji": true
                                },
                                "value": "comment"
                            },
                            {
                                "text": {
                                    "type": "plain_text",
                                    "text": "Assign",
                                    "emoji": true
                                },
                                "value": "assign"
                            },
                            {
                                "text": {
                                    "type": "plain_text",
                                    "text": "Why am I seeing this?",
                                    "emoji": true
                                },
                                "value": "why"
                            },
                            {
                                "text": {
                                    "type": "plain_text",
                                    "text": ":tada: Give kudos",
                                    "emoji": true
                                },
                                "value": "kudos"
                            }
                        ]
                    }
                ]
            }
        ],
        "team": "T04TGFGMK7C",
        "bot_profile": {
            "id": "B054V2LRMFX",
            "app_id": "A2RPP3NFR",
            "name": "Jira Cloud",
            "icons": {
                "image_36": "https:\/\/avatars.slack-edge.com\/2018-11-30\/493753869479_4b703f4119efe3d7d0ff_36.png",
                "image_48": "https:\/\/avatars.slack-edge.com\/2018-11-30\/493753869479_4b703f4119efe3d7d0ff_48.png",
                "image_72": "https:\/\/avatars.slack-edge.com\/2018-11-30\/493753869479_4b703f4119efe3d7d0ff_72.png"
            },
            "deleted": false,
            "updated": 1682467833,
            "team_id": "T04TGFGMK7C"
        }
    },
    {
        "bot_id": "B054V2LRMFX",
        "type": "message",
        "text": "@Hibiki Mizuno assigned AT-325 フロントエンド実装 from @Hibiki Mizuno ⟶ Unassigned",
        "user": "U055AKE99KK",
        "ts": "1690890979.724449",
        "app_id": "A2RPP3NFR",
        "blocks": [
            {
                "type": "section",
                "block_id": "no:ih:10347::6d781aa0306211ee95be89c36b1a3a28",
                "text": {
                    "type": "mrkdwn",
                    "text": "*<slack:\/\/user?team=T04TGFGMK7C&amp;id=U04T9TDB58W|@Hibiki Mizuno> assigned a Task from <slack:\/\/user?team=T04TGFGMK7C&amp;id=U04T9TDB58W|@Hibiki Mizuno> ⟶ Unassigned*\n*<https:\/\/chubachi-pt-2023.atlassian.net\/browse\/AT-325?atlOrigin=eyJpIjoiNjY1MGU5NmE3ODFmNGQ5OWFjOTJmNDgzMDQxYzRkNTkiLCJwIjoiamlyYS1zbGFjay1pbnQifQ|AT-325 フロントエンド実装>*",
                    "verbatim": false
                }
            },
            {
                "type": "context",
                "block_id": ":cx:10347::6d781aa1306211ee95be89c36b1a3a28",
                "elements": [
                    {
                        "type": "mrkdwn",
                        "text": "Status: *To Do*",
                        "verbatim": false
                    },
                    {
                        "type": "image",
                        "image_url": "https:\/\/product-integrations-cdn.atl-paas.net\/jira-issuetype\/task.png",
                        "alt_text": "Task"
                    },
                    {
                        "type": "mrkdwn",
                        "text": "Type: *Task*",
                        "verbatim": false
                    },
                    {
                        "type": "image",
                        "image_url": "https:\/\/product-integrations-cdn.atl-paas.net\/icons\/unknown-user.png",
                        "alt_text": "Unassigned"
                    },
                    {
                        "type": "mrkdwn",
                        "text": "Assignee: *Unassigned*",
                        "verbatim": false
                    },
                    {
                        "type": "image",
                        "image_url": "https:\/\/product-integrations-cdn.atl-paas.net\/jira-priority\/medium.png",
                        "alt_text": "Medium"
                    },
                    {
                        "type": "mrkdwn",
                        "text": "Priority: *Medium*",
                        "verbatim": false
                    }
                ]
            },
            {
                "type": "actions",
                "block_id": "no:issueFooterActions:10347::6d781aa2306211ee95be89c36b1a3a28",
                "elements": [
                    {
                        "type": "button",
                        "action_id": "{\"issueId\":\"10347\",\"instanceId\":\"5c23e16f-eefd-3c64-9603-064f32c410c0\",\"projectId\":\"10002\",\"action\":\"transition\",\"nType\":\"ISSUE_ASSIGNED\",\"nPlace\":\"main\"}",
                        "text": {
                            "type": "plain_text",
                            "text": "Transition",
                            "emoji": true
                        },
                        "value": "transition"
                    },
                    {
                        "type": "static_select",
                        "action_id": "{\"issueId\":\"10347\",\"instanceId\":\"5c23e16f-eefd-3c64-9603-064f32c410c0\",\"projectId\":\"10002\",\"nType\":\"ISSUE_ASSIGNED\",\"nPlace\":\"menu\",\"actor\":\"U04T9TDB58W\"}",
                        "placeholder": {
                            "type": "plain_text",
                            "text": "More actions...",
                            "emoji": true
                        },
                        "options": [
                            {
                                "text": {
                                    "type": "plain_text",
                                    "text": "Watch",
                                    "emoji": true
                                },
                                "value": "watch"
                            },
                            {
                                "text": {
                                    "type": "plain_text",
                                    "text": "Comment",
                                    "emoji": true
                                },
                                "value": "comment"
                            },
                            {
                                "text": {
                                    "type": "plain_text",
                                    "text": "Assign",
                                    "emoji": true
                                },
                                "value": "assign"
                            },
                            {
                                "text": {
                                    "type": "plain_text",
                                    "text": "Why am I seeing this?",
                                    "emoji": true
                                },
                                "value": "why"
                            },
                            {
                                "text": {
                                    "type": "plain_text",
                                    "text": ":tada: Give kudos",
                                    "emoji": true
                                },
                                "value": "kudos"
                            }
                        ]
                    }
                ]
            }
        ],
        "team": "T04TGFGMK7C",
        "bot_profile": {
            "id": "B054V2LRMFX",
            "app_id": "A2RPP3NFR",
            "name": "Jira Cloud",
            "icons": {
                "image_36": "https:\/\/avatars.slack-edge.com\/2018-11-30\/493753869479_4b703f4119efe3d7d0ff_36.png",
                "image_48": "https:\/\/avatars.slack-edge.com\/2018-11-30\/493753869479_4b703f4119efe3d7d0ff_48.png",
                "image_72": "https:\/\/avatars.slack-edge.com\/2018-11-30\/493753869479_4b703f4119efe3d7d0ff_72.png"
            },
            "deleted": false,
            "updated": 1682467833,
            "team_id": "T04TGFGMK7C"
        }
    },
    {
        "bot_id": "B054V2LRMFX",
        "type": "message",
        "text": "@Hibiki Mizuno assigned AT-453 キャプチャ動画をYouTubeにアップロードする from Unassigned ⟶ @Hibiki Mizuno",
        "user": "U055AKE99KK",
        "ts": "1690890985.028269",
        "app_id": "A2RPP3NFR",
        "blocks": [
            {
                "type": "section",
                "block_id": "no:ih:10475::70a4c980306211ee902a9d1d85785ef6",
                "text": {
                    "type": "mrkdwn",
                    "text": "*<slack:\/\/user?team=T04TGFGMK7C&amp;id=U04T9TDB58W|@Hibiki Mizuno> assigned a Task from Unassigned ⟶ <slack:\/\/user?team=T04TGFGMK7C&amp;id=U04T9TDB58W|@Hibiki Mizuno>*\n*<https:\/\/chubachi-pt-2023.atlassian.net\/browse\/AT-453?atlOrigin=eyJpIjoiMzViY2MzYTk3ODkwNGI1NGE5MDQ5N2M2NWM5NjY5YWEiLCJwIjoiamlyYS1zbGFjay1pbnQifQ|AT-453 キャプチャ動画をYouTubeにアップロードする>*",
                    "verbatim": false
                }
            },
            {
                "type": "context",
                "block_id": ":cx:10475::70a4c981306211ee902a9d1d85785ef6",
                "elements": [
                    {
                        "type": "mrkdwn",
                        "text": "Status: *To Do*",
                        "verbatim": false
                    },
                    {
                        "type": "image",
                        "image_url": "https:\/\/product-integrations-cdn.atl-paas.net\/jira-issuetype\/task.png",
                        "alt_text": "Task"
                    },
                    {
                        "type": "mrkdwn",
                        "text": "Type: *Task*",
                        "verbatim": false
                    },
                    {
                        "type": "image",
                        "image_url": "https:\/\/avatar-management--avatars.us-west-2.prod.public.atl-paas.net\/62d6d768657fc166e26036e9\/85cc1e3a-26ef-42d5-82ea-162c6ec56ac7\/48?d=https%3A%2F%2Fproduct-integrations-cdn.atl-paas.net%2Ficons%2Funknown-user.png",
                        "alt_text": "HibikiMizuno"
                    },
                    {
                        "type": "mrkdwn",
                        "text": "Assignee: *HibikiMizuno*",
                        "verbatim": false
                    },
                    {
                        "type": "image",
                        "image_url": "https:\/\/product-integrations-cdn.atl-paas.net\/jira-priority\/medium.png",
                        "alt_text": "Medium"
                    },
                    {
                        "type": "mrkdwn",
                        "text": "Priority: *Medium*",
                        "verbatim": false
                    }
                ]
            },
            {
                "type": "actions",
                "block_id": "no:issueFooterActions:10475::70a4c982306211ee902a9d1d85785ef6",
                "elements": [
                    {
                        "type": "button",
                        "action_id": "{\"issueId\":\"10475\",\"instanceId\":\"5c23e16f-eefd-3c64-9603-064f32c410c0\",\"projectId\":\"10002\",\"action\":\"transition\",\"nType\":\"ISSUE_ASSIGNED\",\"nPlace\":\"main\"}",
                        "text": {
                            "type": "plain_text",
                            "text": "Transition",
                            "emoji": true
                        },
                        "value": "transition"
                    },
                    {
                        "type": "static_select",
                        "action_id": "{\"issueId\":\"10475\",\"instanceId\":\"5c23e16f-eefd-3c64-9603-064f32c410c0\",\"projectId\":\"10002\",\"nType\":\"ISSUE_ASSIGNED\",\"nPlace\":\"menu\",\"actor\":\"U04T9TDB58W\"}",
                        "placeholder": {
                            "type": "plain_text",
                            "text": "More actions...",
                            "emoji": true
                        },
                        "options": [
                            {
                                "text": {
                                    "type": "plain_text",
                                    "text": "Watch",
                                    "emoji": true
                                },
                                "value": "watch"
                            },
                            {
                                "text": {
                                    "type": "plain_text",
                                    "text": "Comment",
                                    "emoji": true
                                },
                                "value": "comment"
                            },
                            {
                                "text": {
                                    "type": "plain_text",
                                    "text": "Assign",
                                    "emoji": true
                                },
                                "value": "assign"
                            },
                            {
                                "text": {
                                    "type": "plain_text",
                                    "text": "Why am I seeing this?",
                                    "emoji": true
                                },
                                "value": "why"
                            },
                            {
                                "text": {
                                    "type": "plain_text",
                                    "text": ":tada: Give kudos",
                                    "emoji": true
                                },
                                "value": "kudos"
                            }
                        ]
                    }
                ]
            }
        ],
        "team": "T04TGFGMK7C",
        "bot_profile": {
            "id": "B054V2LRMFX",
            "app_id": "A2RPP3NFR",
            "name": "Jira Cloud",
            "icons": {
                "image_36": "https:\/\/avatars.slack-edge.com\/2018-11-30\/493753869479_4b703f4119efe3d7d0ff_36.png",
                "image_48": "https:\/\/avatars.slack-edge.com\/2018-11-30\/493753869479_4b703f4119efe3d7d0ff_48.png",
                "image_72": "https:\/\/avatars.slack-edge.com\/2018-11-30\/493753869479_4b703f4119efe3d7d0ff_72.png"
            },
            "deleted": false,
            "updated": 1682467833,
            "team_id": "T04TGFGMK7C"
        }
    },
    {
        "bot_id": "B054V2LRMFX",
        "type": "message",
        "text": "@Hibiki Mizuno created a Task AT-454 スライド担当分のキャプチャ動画",
        "user": "U055AKE99KK",
        "ts": "1690893707.027639",
        "app_id": "A2RPP3NFR",
        "blocks": [
            {
                "type": "section",
                "block_id": "no:ih:10476::c714df70306811ee9362f99b66f9d2ab",
                "text": {
                    "type": "mrkdwn",
                    "text": "*<slack:\/\/user?team=T04TGFGMK7C&amp;id=U04T9TDB58W|@Hibiki Mizuno> created a Task*\n*<https:\/\/chubachi-pt-2023.atlassian.net\/browse\/AT-454?atlOrigin=eyJpIjoiZmYyNzQzZDBlZjVlNDJlMmEyN2VhY2VmYjU2NTU3MTkiLCJwIjoiamlyYS1zbGFjay1pbnQifQ|AT-454 スライド担当分のキャプチャ動画>*",
                    "verbatim": false
                }
            },
            {
                "type": "context",
                "block_id": "no:cx:10476::c714df71306811ee9362f99b66f9d2ab",
                "elements": [
                    {
                        "type": "mrkdwn",
                        "text": "Status: *To Do*",
                        "verbatim": false
                    },
                    {
                        "type": "image",
                        "image_url": "https:\/\/product-integrations-cdn.atl-paas.net\/jira-issuetype\/task.png",
                        "alt_text": "Task"
                    },
                    {
                        "type": "mrkdwn",
                        "text": "Type: *Task*",
                        "verbatim": false
                    },
                    {
                        "type": "image",
                        "image_url": "https:\/\/product-integrations-cdn.atl-paas.net\/icons\/unknown-user.png",
                        "alt_text": "Unassigned"
                    },
                    {
                        "type": "mrkdwn",
                        "text": "Assignee: *Unassigned*",
                        "verbatim": false
                    },
                    {
                        "type": "image",
                        "image_url": "https:\/\/product-integrations-cdn.atl-paas.net\/jira-priority\/medium.png",
                        "alt_text": "Medium"
                    },
                    {
                        "type": "mrkdwn",
                        "text": "Priority: *Medium*",
                        "verbatim": false
                    }
                ]
            },
            {
                "type": "actions",
                "block_id": "no:issueFooterActions:10476::c714df72306811ee9362f99b66f9d2ab",
                "elements": [
                    {
                        "type": "button",
                        "action_id": "{\"issueId\":\"10476\",\"instanceId\":\"5c23e16f-eefd-3c64-9603-064f32c410c0\",\"projectId\":\"10002\",\"action\":\"transition\",\"nType\":\"ISSUE_CREATED\",\"nPlace\":\"main\"}",
                        "text": {
                            "type": "plain_text",
                            "text": "Transition",
                            "emoji": true
                        },
                        "value": "transition"
                    },
                    {
                        "type": "static_select",
                        "action_id": "{\"issueId\":\"10476\",\"instanceId\":\"5c23e16f-eefd-3c64-9603-064f32c410c0\",\"projectId\":\"10002\",\"nType\":\"ISSUE_CREATED\",\"nPlace\":\"menu\",\"actor\":\"U04T9TDB58W\"}",
                        "placeholder": {
                            "type": "plain_text",
                            "text": "More actions...",
                            "emoji": true
                        },
                        "options": [
                            {
                                "text": {
                                    "type": "plain_text",
                                    "text": "Watch",
                                    "emoji": true
                                },
                                "value": "watch"
                            },
                            {
                                "text": {
                                    "type": "plain_text",
                                    "text": "Comment",
                                    "emoji": true
                                },
                                "value": "comment"
                            },
                            {
                                "text": {
                                    "type": "plain_text",
                                    "text": "Assign",
                                    "emoji": true
                                },
                                "value": "assign"
                            },
                            {
                                "text": {
                                    "type": "plain_text",
                                    "text": "Why am I seeing this?",
                                    "emoji": true
                                },
                                "value": "why"
                            },
                            {
                                "text": {
                                    "type": "plain_text",
                                    "text": ":tada: Give kudos",
                                    "emoji": true
                                },
                                "value": "kudos"
                            }
                        ]
                    }
                ]
            }
        ],
        "team": "T04TGFGMK7C",
        "bot_profile": {
            "id": "B054V2LRMFX",
            "app_id": "A2RPP3NFR",
            "name": "Jira Cloud",
            "icons": {
                "image_36": "https:\/\/avatars.slack-edge.com\/2018-11-30\/493753869479_4b703f4119efe3d7d0ff_36.png",
                "image_48": "https:\/\/avatars.slack-edge.com\/2018-11-30\/493753869479_4b703f4119efe3d7d0ff_48.png",
                "image_72": "https:\/\/avatars.slack-edge.com\/2018-11-30\/493753869479_4b703f4119efe3d7d0ff_72.png"
            },
            "deleted": false,
            "updated": 1682467833,
            "team_id": "T04TGFGMK7C"
        }
    }
]