[
{"id":"F0648KZNAUC","created":1699025191,"name":"sssss","title":"sssss","mimetype":"application\/vnd.slack-docs","filetype":"quip","pretty_type":"Canvas","user":"USLACKBOT","editable":true,"size":5,"mode":"quip","is_public":true,"is_tombstoned":false,"public_url_shared":false,"date_delete":0,"url_private_download":"https:\/\/files.slack.com\/files-pri\/T04TGFGMK7C-F0648KZNAUC\/download\/canvas?t=xoxe-4934526733250-6374789194866-6374789570354-af963380c45b108ab500a7bde0440c66","shares":[{"team":"T04TGFGMK7C","channel":"C053RCXSU11"}],"export_timestamp":1703085487}
]