[
{
    "id": "C04T9T2TW22",
    "name": "general",
    "created": 1678511349,
    "creator": "U04U663EFEC",
    "is_archived": false,
    "is_general": false,
    "members": [
        "U04T201950F",
        "U04T9TDB58W",
        "U04TDHFKJ85",
        "U04TGBZ4XEX",
        "U04TV4NASPK",
        "U04U663EFEC",
        "U04U66DNCRE",
        "U04U66DSPEU",
        "U068E4GRQJC"
    ],
    "pins": [
        {
            "id": "1682838096.145309",
            "type": "C",
            "created": 1683331035,
            "user": "U04T201950F",
            "owner": "U04T9TDB58W"
        },
        {
            "id": "1682843744.693179",
            "type": "C",
            "created": 1683331039,
            "user": "U04T201950F",
            "owner": "U04TGBZ4XEX"
        }
    ],
    "topic": {
        "value": "",
        "creator": "",
        "last_set": 0
    },
    "purpose": {
        "value": "このチャンネルでは、どんなことでも話せます。チーム内のジョークや、とっさに思い付いたアイデア、おもしろい GIF 画像を投稿できます。思いのままに活用しましょう！",
        "creator": "U04U663EFEC",
        "last_set": 1678511349
    }
},
{
    "id": "C0522LSK3A5",
    "name": "share-scrum-activities",
    "created": 1680607567,
    "creator": "U04TV4NASPK",
    "is_archived": false,
    "is_general": false,
    "members": [
        "U04T201950F",
        "U04T9TDB58W",
        "U04TDHFKJ85",
        "U04TGBZ4XEX",
        "U04TV4NASPK",
        "U04U663EFEC",
        "U04U66DNCRE",
        "U04U66DSPEU"
    ],
    "pins": [
        {
            "id": "1680607638.104819",
            "type": "C",
            "created": 1680607660,
            "user": "U04TV4NASPK",
            "owner": "U04TV4NASPK"
        },
        {
            "id": "1681285079.405929",
            "type": "C",
            "created": 1681285301,
            "user": "U04TV4NASPK",
            "owner": "U04TV4NASPK"
        }
    ],
    "topic": {
        "value": "",
        "creator": "",
        "last_set": 0
    },
    "purpose": {
        "value": "Describe scrum activity in bot thread",
        "creator": "U04TV4NASPK",
        "last_set": 1681820343
    }
},
{
    "id": "C053A2Z5U2H",
    "name": "tips",
    "created": 1681525161,
    "creator": "U04U66DNCRE",
    "is_archived": false,
    "is_general": false,
    "members": [
        "U04T201950F",
        "U04T9TDB58W",
        "U04TDHFKJ85",
        "U04TGBZ4XEX",
        "U04TV4NASPK",
        "U04U663EFEC",
        "U04U66DNCRE",
        "U04U66DSPEU"
    ],
    "pins": [
        {
            "id": "1683547820.478029",
            "type": "C",
            "created": 1683550031,
            "user": "U04TV4NASPK",
            "owner": "U04T9TDB58W"
        },
        {
            "id": "1683547880.775119",
            "type": "C",
            "created": 1683550116,
            "user": "U04TV4NASPK",
            "owner": "U04T9TDB58W"
        }
    ],
    "topic": {
        "value": "本、参考書、ツールなど何かおすすめを共有する場所",
        "creator": "U04U66DNCRE",
        "last_set": 1681820043
    },
    "purpose": {
        "value": "",
        "creator": "",
        "last_set": 0
    }
},
{
    "id": "C053APL7NNT",
    "name": "meetings",
    "created": 1681818619,
    "creator": "U04T9TDB58W",
    "is_archived": false,
    "is_general": false,
    "members": [
        "U04T201950F",
        "U04T9TDB58W",
        "U04TDHFKJ85",
        "U04TGBZ4XEX",
        "U04TV4NASPK",
        "U04U663EFEC",
        "U04U66DNCRE",
        "U04U66DSPEU"
    ],
    "pins": [
        {
            "id": "1681818848.210699",
            "type": "C",
            "created": 1682129405,
            "user": "U04TV4NASPK",
            "owner": "U04T9TDB58W"
        }
    ],
    "topic": {
        "value": "",
        "creator": "",
        "last_set": 0
    },
    "purpose": {
        "value": "",
        "creator": "",
        "last_set": 0
    }
},
{
    "id": "C053B7Y5F0F",
    "name": "times-dai-miyahara",
    "created": 1681823468,
    "creator": "U04T201950F",
    "is_archived": false,
    "is_general": false,
    "members": [
        "U04T201950F",
        "U04T9TDB58W",
        "U04TDHFKJ85",
        "U04TGBZ4XEX",
        "U04TV4NASPK",
        "U04U663EFEC",
        "U04U66DNCRE",
        "U04U66DSPEU"
    ],
    "topic": {
        "value": "",
        "creator": "",
        "last_set": 0
    },
    "purpose": {
        "value": "宮原大のtimes, 色々なことつぶやきます",
        "creator": "U04T201950F",
        "last_set": 1681823468
    }
},
{
    "id": "C053FF1M4AY",
    "name": "times-hibiki-mizuno",
    "created": 1681524616,
    "creator": "U04T9TDB58W",
    "is_archived": false,
    "is_general": false,
    "members": [
        "U04T201950F",
        "U04T9TDB58W",
        "U04TDHFKJ85",
        "U04TGBZ4XEX",
        "U04TV4NASPK",
        "U04U66DNCRE",
        "U04U66DSPEU",
        "U05KW1T3HBQ"
    ],
    "pins": [
        {
            "id": "1687090317.583369",
            "type": "C",
            "created": 1687090324,
            "user": "U04T9TDB58W",
            "owner": "U04T9TDB58W"
        },
        {
            "id": "1687861509.288749",
            "type": "C",
            "created": 1687861512,
            "user": "U04T9TDB58W",
            "owner": "U04T9TDB58W"
        },
        {
            "id": "1696328591.731759",
            "type": "C",
            "created": 1696328612,
            "user": "U04T9TDB58W",
            "owner": "U04T9TDB58W"
        },
        {
            "id": "1696328872.514389",
            "type": "C",
            "created": 1696328905,
            "user": "U04T9TDB58W",
            "owner": "U04T9TDB58W"
        },
        {
            "id": "1696329384.267169",
            "type": "C",
            "created": 1696329387,
            "user": "U04T9TDB58W",
            "owner": "U04T9TDB58W"
        }
    ],
    "topic": {
        "value": "水野 響の分報\n\n<https:\/\/www.notion.so\/643f96334a534447afa85b9febe6a6a6?pvs=4>",
        "creator": "U04T9TDB58W",
        "last_set": 1697027694
    },
    "purpose": {
        "value": "分報チャンネル",
        "creator": "U04T9TDB58W",
        "last_set": 1681524617
    }
},
{
    "id": "C053RCXSU11",
    "name": "times-nakayama",
    "created": 1681821106,
    "creator": "U04TV4NASPK",
    "is_archived": false,
    "is_general": false,
    "members": [
        "U04T201950F",
        "U04T9TDB58W",
        "U04TDHFKJ85",
        "U04TGBZ4XEX",
        "U04TV4NASPK",
        "U04U663EFEC",
        "U04U66DNCRE",
        "U04U66DSPEU",
        "U05KW1T3HBQ"
    ],
    "topic": {
        "value": "",
        "creator": "",
        "last_set": 0
    },
    "purpose": {
        "value": "",
        "creator": "",
        "last_set": 0
    }
},
{
    "id": "C053RR7UABB",
    "name": "times-satoshi-hirata",
    "created": 1681536018,
    "creator": "U04TGBZ4XEX",
    "is_archived": false,
    "is_general": false,
    "members": [
        "U04T201950F",
        "U04T9TDB58W",
        "U04TDHFKJ85",
        "U04TGBZ4XEX",
        "U04TV4NASPK",
        "U04U66DNCRE",
        "U04U66DSPEU",
        "U05KW1T3HBQ"
    ],
    "pins": [
        {
            "id": "1685322013.904039",
            "type": "C",
            "created": 1696875107,
            "user": "U04TGBZ4XEX",
            "owner": "U04TGBZ4XEX"
        }
    ],
    "topic": {
        "value": "",
        "creator": "",
        "last_set": 0
    },
    "purpose": {
        "value": "分報ch。作業中に調べためもや進捗や雑談めいた独り言もぼやきます。入退出ご自由にどうぞ:melting_face:",
        "creator": "U04TGBZ4XEX",
        "last_set": 1681692809
    }
},
{
    "id": "C054KJJ0Z6X",
    "name": "share-attendance",
    "created": 1682321175,
    "creator": "U04TV4NASPK",
    "is_archived": false,
    "is_general": false,
    "members": [
        "U04T201950F",
        "U04T9TDB58W",
        "U04TDHFKJ85",
        "U04TGBZ4XEX",
        "U04TV4NASPK",
        "U04U663EFEC",
        "U04U66DNCRE",
        "U04U66DSPEU"
    ],
    "topic": {
        "value": "",
        "creator": "",
        "last_set": 0
    },
    "purpose": {
        "value": "お休みや参加できない場合は報告しましょう",
        "creator": "U04TV4NASPK",
        "last_set": 1682321176
    }
},
{
    "id": "C054R4216MB",
    "name": "atomono-frontend",
    "created": 1682427469,
    "creator": "U04T9TDB58W",
    "is_archived": false,
    "is_general": false,
    "members": [
        "U04T201950F",
        "U04T9TDB58W",
        "U04TDHFKJ85",
        "U04TGBZ4XEX",
        "U04TV4NASPK",
        "U04U663EFEC",
        "U04U66DNCRE",
        "U04U66DSPEU"
    ],
    "topic": {
        "value": "",
        "creator": "",
        "last_set": 0
    },
    "purpose": {
        "value": "フロントエンドのメインチャンネルです。\n\nprod環境: <https:\/\/atomono.vercel.app\/>\ndev環境: <https:\/\/front-jabelic.vercel.app\/>",
        "creator": "U04T9TDB58W",
        "last_set": 1699352076
    }
},
{
    "id": "C054RSTT0S2",
    "name": "atomono-jira",
    "created": 1682478227,
    "creator": "U04TGBZ4XEX",
    "is_archived": false,
    "is_general": false,
    "members": [
        "U04T201950F",
        "U04T9TDB58W",
        "U04TDHFKJ85",
        "U04TGBZ4XEX",
        "U04TV4NASPK",
        "U04U663EFEC",
        "U04U66DNCRE",
        "U04U66DSPEU",
        "U055AKE99KK"
    ],
    "topic": {
        "value": "",
        "creator": "",
        "last_set": 0
    },
    "purpose": {
        "value": "JIRA上で管理しているタスクのイベントが通知されるチャンネルです",
        "creator": "U04TGBZ4XEX",
        "last_set": 1682478931
    }
},
{
    "id": "C054UK45D7Y",
    "name": "atomono-backend",
    "created": 1682515587,
    "creator": "U04TGBZ4XEX",
    "is_archived": false,
    "is_general": false,
    "members": [
        "U04T201950F",
        "U04T9TDB58W",
        "U04TDHFKJ85",
        "U04TGBZ4XEX",
        "U04TV4NASPK",
        "U04U663EFEC",
        "U04U66DNCRE",
        "U04U66DSPEU"
    ],
    "topic": {
        "value": "",
        "creator": "",
        "last_set": 0
    },
    "purpose": {
        "value": "バックエンドのメインチャンネルです。",
        "creator": "U04TGBZ4XEX",
        "last_set": 1682515608
    }
},
{
    "id": "C056MC8LN8L",
    "name": "atomono-dev",
    "created": 1683381732,
    "creator": "U04TV4NASPK",
    "is_archived": false,
    "is_general": false,
    "members": [
        "U04T201950F",
        "U04T9TDB58W",
        "U04TDHFKJ85",
        "U04TGBZ4XEX",
        "U04TV4NASPK",
        "U04U663EFEC",
        "U04U66DNCRE",
        "U04U66DSPEU"
    ],
    "topic": {
        "value": "PBLプロダクトの開発や作業に関することなんでも",
        "creator": "U04TV4NASPK",
        "last_set": 1683381883
    },
    "purpose": {
        "value": "",
        "creator": "",
        "last_set": 0
    }
},
{
    "id": "C057E31CGHJ",
    "name": "times-fernandez",
    "created": 1683817705,
    "creator": "U04U66DSPEU",
    "is_archived": false,
    "is_general": false,
    "members": [
        "U04T201950F",
        "U04T9TDB58W",
        "U04TDHFKJ85",
        "U04TGBZ4XEX",
        "U04TV4NASPK",
        "U04U663EFEC",
        "U04U66DNCRE",
        "U04U66DSPEU"
    ],
    "topic": {
        "value": "",
        "creator": "",
        "last_set": 0
    },
    "purpose": {
        "value": "",
        "creator": "",
        "last_set": 0
    }
},
{
    "id": "C057QDF825S",
    "name": "chit-chat",
    "created": 1683988152,
    "creator": "U04T9TDB58W",
    "is_archived": false,
    "is_general": false,
    "members": [
        "U04T201950F",
        "U04T9TDB58W",
        "U04TDHFKJ85",
        "U04TGBZ4XEX",
        "U04TV4NASPK"
    ],
    "topic": {
        "value": "",
        "creator": "",
        "last_set": 0
    },
    "purpose": {
        "value": "雑談のチャンネルです。",
        "creator": "U04T9TDB58W",
        "last_set": 1683988170
    }
},
{
    "id": "C057TJYASNS",
    "name": "times-hiroto-ohno",
    "created": 1684244005,
    "creator": "U04U66DNCRE",
    "is_archived": false,
    "is_general": false,
    "members": [
        "U04T201950F",
        "U04T9TDB58W",
        "U04TDHFKJ85",
        "U04TGBZ4XEX",
        "U04TV4NASPK",
        "U04U663EFEC",
        "U04U66DNCRE",
        "U04U66DSPEU",
        "U068E4GRQJC"
    ],
    "topic": {
        "value": "",
        "creator": "",
        "last_set": 0
    },
    "purpose": {
        "value": "",
        "creator": "",
        "last_set": 0
    }
},
{
    "id": "C057ZLPJEG3",
    "name": "times-maki-suzuki",
    "created": 1684240244,
    "creator": "U04TGBZ4XEX",
    "is_archived": false,
    "is_general": false,
    "members": [
        "U04T201950F",
        "U04T9TDB58W",
        "U04TDHFKJ85",
        "U04TGBZ4XEX",
        "U04TV4NASPK",
        "U04U663EFEC",
        "U04U66DNCRE",
        "U04U66DSPEU",
        "U068E4GRQJC"
    ],
    "topic": {
        "value": "",
        "creator": "",
        "last_set": 0
    },
    "purpose": {
        "value": "",
        "creator": "",
        "last_set": 0
    }
},
{
    "id": "C05A25KBVK5",
    "name": "github-backend",
    "created": 1685447336,
    "creator": "U04TGBZ4XEX",
    "is_archived": false,
    "is_general": false,
    "members": [
        "U04TGBZ4XEX"
    ],
    "topic": {
        "value": "",
        "creator": "",
        "last_set": 0
    },
    "purpose": {
        "value": "",
        "creator": "",
        "last_set": 0
    }
},
{
    "id": "C05GZ3AE8AD",
    "name": "daily-satoshi-hirata",
    "created": 1689125985,
    "creator": "U04TGBZ4XEX",
    "is_archived": false,
    "is_general": false,
    "members": [
        "U04TGBZ4XEX"
    ],
    "topic": {
        "value": "おおよそでつける日報チャンネル",
        "creator": "U04TGBZ4XEX",
        "last_set": 1700598910
    },
    "purpose": {
        "value": "ひらたの日報チャンネル",
        "creator": "U04TGBZ4XEX",
        "last_set": 1689126204
    }
},
{
    "id": "C05L2GDQK26",
    "name": "web-services-status",
    "created": 1691029626,
    "creator": "U04TGBZ4XEX",
    "is_archived": false,
    "is_general": false,
    "members": [
        "U04TGBZ4XEX",
        "U05KW1T3HBQ"
    ],
    "topic": {
        "value": "",
        "creator": "",
        "last_set": 0
    },
    "purpose": {
        "value": "",
        "creator": "",
        "last_set": 0
    }
},
{
    "id": "C0615B7JKK2",
    "name": "share-starting-work",
    "created": 1696939715,
    "creator": "U04TV4NASPK",
    "is_archived": false,
    "is_general": false,
    "members": [
        "U04T201950F",
        "U04T9TDB58W",
        "U04TDHFKJ85",
        "U04TGBZ4XEX",
        "U04TV4NASPK",
        "U04U663EFEC",
        "U04U66DNCRE",
        "U04U66DSPEU"
    ],
    "topic": {
        "value": "",
        "creator": "",
        "last_set": 0
    },
    "purpose": {
        "value": "作業開始や終了など作業してるかわかりやすくなるため。同期できる時にしやすくする。",
        "creator": "U04TV4NASPK",
        "last_set": 1696939771
    }
}
]