[
{"user_id":"U04T201950F","user_name":"a2240dm","date":1703003016,"change_type":"added","app_type":"Atlassian","app_id":"A01T126NSG7","scope":"identity.basic,identity.email"},
{"user_id":"U04TGBZ4XEX","user_name":"a2236sh","date":1700267554,"change_type":"removed","reason":"user_uninstalled_app","app_type":"Party on Slack","app_id":"A04S4LQJHHT"},
{"user_id":"U04TGBZ4XEX","user_name":"a2236sh","date":1700267553,"change_type":"removed","reason":"user_uninstalled_app","app_type":"Party on Slack","app_id":"A04S4LQJHHT","scope":"identify,files:read,search:read,chat:write"},
{"user_id":"U04TGBZ4XEX","user_name":"a2236sh","date":1700141840,"change_type":"added","app_type":"Party on Slack","app_id":"A04S4LQJHHT"},
{"user_id":"U04TGBZ4XEX","user_name":"a2236sh","date":1700141839,"change_type":"added","app_type":"Party on Slack","app_id":"A04S4LQJHHT","scope":"identify,files:read,search:read,chat:write"},
{"user_id":"U04U66DSPEU","user_name":"a2237mf","date":1699683034,"change_type":"added","app_type":"Atlassian","app_id":"A01T126NSG7","scope":"identity.basic,identity.email"},
{"user_id":"U04TDHFKJ85","user_name":"a2216ms","date":1698062074,"change_type":"expanded","app_type":"Jira Cloud","app_id":"A2RPP3NFR"},
{"user_id":"U04TDHFKJ85","user_name":"a2216ms","date":1698062074,"change_type":"added","app_type":"Jira Cloud","app_id":"A2RPP3NFR","scope":"identify,channels:read,groups:read,im:read,mpim:read,channels:write,groups:write,links:read,links:write"},
{"user_id":"U04T201950F","user_name":"a2240dm","date":1697535083,"change_type":"expanded","app_type":"Jira Cloud","app_id":"A2RPP3NFR"},
{"user_id":"U04T201950F","user_name":"a2240dm","date":1697535082,"change_type":"added","app_type":"Jira Cloud","app_id":"A2RPP3NFR","scope":"identify,channels:read,groups:read,im:read,mpim:read,channels:write,groups:write,links:read,links:write"},
{"user_id":"U04U66DSPEU","user_name":"a2237mf","date":1692001041,"change_type":"added","app_type":"slack-term","app_id":"AB8LY7FQB","scope":"read,client,identify,post"},
{"user_id":"U04TGBZ4XEX","user_name":"a2236sh","date":1691033239,"change_type":"added","app_type":"Claude","app_id":"A04KGS7N9A8"},
{"user_id":"U04TGBZ4XEX","user_name":"a2236sh","date":1691029686,"change_type":"updated","rss_feed":true,"rss_feed_change_type":"added","rss_feed_title":"Slack System Status","rss_feed_url":"https:\/\/status.slack.com\/feed\/rss","service_id":5668007236519,"service_type":"RSS","scope":"commands,incoming-webhook","channel":"C05L2GDQK26"},
{"user_id":"U04TGBZ4XEX","user_name":"a2236sh","date":1691029671,"change_type":"added","service_id":5668007236519,"service_type":"RSS","scope":"commands,incoming-webhook"},
{"user_id":"U04TV4NASPK","user_name":"a2231kn","date":1690935076,"change_type":"added","app_type":"Loom","app_id":"A9G1TH4S2","scope":"identity.basic,identity.email"},
{"user_id":"U04T9TDB58W","user_name":"a2239hm","date":1688280889,"change_type":"added","app_type":"Atlassian","app_id":"A01T126NSG7","scope":"identity.basic,identity.email"},
{"user_id":"U04TV4NASPK","user_name":"a2231kn","date":1688280865,"change_type":"added","app_type":"Atlassian","app_id":"A01T126NSG7","scope":"identity.basic,identity.email"},
{"user_id":"U04TDHFKJ85","user_name":"a2216ms","date":1688111376,"change_type":"added","app_type":"Atlassian","app_id":"A01T126NSG7","scope":"identity.basic,identity.email"},
{"user_id":"U04TGBZ4XEX","user_name":"a2236sh","date":1687866311,"change_type":"added","app_type":"Poker Planner","app_id":"A57FFS3QE"},
{"user_id":"U04TDHFKJ85","user_name":"a2216ms","date":1687529024,"change_type":"expanded","app_type":"Notion","app_id":"A049JV0H0KC"},
{"user_id":"U04TDHFKJ85","user_name":"a2216ms","date":1687528984,"change_type":"expanded","app_type":"Notion","app_id":"A049JV0H0KC"},
{"user_id":"U04TDHFKJ85","user_name":"a2216ms","date":1687084929,"change_type":"added","app_type":"Figma and FigJam","app_id":"A01N2QYSA81"},
{"user_id":"U04TDHFKJ85","user_name":"a2216ms","date":1687084928,"change_type":"added","app_type":"Figma and FigJam","app_id":"A01N2QYSA81","scope":"identity.basic"},
{"user_id":"U04TGBZ4XEX","user_name":"a2236sh","date":1686800744,"change_type":"added","app_type":"Atlassian","app_id":"A01T126NSG7","scope":"identity.basic,identity.email"},
{"user_id":"U04TV4NASPK","user_name":"a2231kn","date":1686625322,"change_type":"removed","reason":"developer_uninstalled_app","app_type":"TuesDay_SprintReview","app_id":"A051MDNNFL5","scope":"identify,bot,commands"},
{"user_id":"U04TDHFKJ85","user_name":"a2216ms","date":1686473419,"change_type":"expanded","app_type":"Notion","app_id":"A049JV0H0KC"},
{"user_id":"U04U66DNCRE","user_name":"a2206ho","date":1686390040,"change_type":"added","app_type":"Jira Cloud","app_id":"A2RPP3NFR","scope":"identify,channels:read,groups:read,im:read,mpim:read,channels:write,groups:write,links:read,links:write"},
{"user_id":"U04U66DNCRE","user_name":"a2206ho","date":1686231971,"change_type":"expanded","app_type":"Notion","app_id":"A049JV0H0KC"},
{"user_id":"U04T9TDB58W","user_name":"a2239hm","date":1686051240,"change_type":"removed","reason":"user_uninstalled_app","app_type":"Dots","app_id":"A01HMR49A65"},
{"user_id":"U04T9TDB58W","user_name":"a2239hm","date":1686051239,"change_type":"removed","reason":"user_uninstalled_app","app_type":"Dots","app_id":"A01HMR49A65","scope":"identity.basic,identity.email,identity.avatar,identity.team,identify,channels:history,groups:history,channels:read,groups:read,reactions:read,users:read,usergroups:read,chat:write,groups:write,reactions:write"},
{"user_id":"U04U66DNCRE","user_name":"a2206ho","date":1685541915,"change_type":"expanded","app_type":"Notion","app_id":"A049JV0H0KC"},
{"user_id":"U04U66DNCRE","user_name":"a2206ho","date":1685541915,"change_type":"added","app_type":"Notion","app_id":"A049JV0H0KC","scope":"identify,channels:history,groups:history,im:history,mpim:history,channels:read,groups:read,im:read,mpim:read,chat:write,groups:write"},
{"user_id":"U04TV4NASPK","user_name":"a2231kn","date":1685444375,"change_type":"added","app_type":"GitHub","app_id":"A01BP7R4KNY"},
{"user_id":"U04TV4NASPK","user_name":"a2231kn","date":1685444351,"change_type":"removed","reason":"developer_uninstalled_app","app_type":"Friday_DailyScrum","app_id":"A051Q9YSF26","scope":"identify,bot,commands"},
{"user_id":"U04TV4NASPK","user_name":"a2231kn","date":1685444341,"change_type":"removed","reason":"developer_uninstalled_app","app_type":"Wed_SprintRetro_SprintPlan","app_id":"A051MELNQAZ","scope":"identify,bot,commands"},
{"user_id":"U04TV4NASPK","user_name":"a2231kn","date":1685444335,"change_type":"removed","reason":"developer_uninstalled_app","app_type":"Saturday_DailyScrum","app_id":"A051HNZK21L","scope":"identify,bot,commands"},
{"user_id":"U04TV4NASPK","user_name":"a2231kn","date":1685444331,"change_type":"removed","reason":"developer_uninstalled_app","app_type":"Thurs_DailyScrum","app_id":"A051QAUS1DY","scope":"identify,bot,commands"},
{"user_id":"U04TV4NASPK","user_name":"a2231kn","date":1685444327,"change_type":"removed","reason":"developer_uninstalled_app","app_type":"Monday_DailyScrum","app_id":"A052E2AG5LG","scope":"identify,bot,commands"},
{"user_id":"U04TGBZ4XEX","user_name":"a2236sh","date":1685071760,"change_type":"expanded","app_type":"Notion","app_id":"A049JV0H0KC"},
{"user_id":"U04TGBZ4XEX","user_name":"a2236sh","date":1685071760,"change_type":"added","app_type":"Notion","app_id":"A049JV0H0KC","scope":"identify,channels:history,groups:history,im:history,mpim:history,channels:read,groups:read,im:read,mpim:read,chat:write,groups:write"},
{"user_id":"U04T9TDB58W","user_name":"a2239hm","date":1684836523,"change_type":"expanded","app_type":"Jira Cloud","app_id":"A2RPP3NFR"},
{"user_id":"U04T9TDB58W","user_name":"a2239hm","date":1684836523,"change_type":"added","app_type":"Jira Cloud","app_id":"A2RPP3NFR","scope":"identify,channels:read,groups:read,im:read,mpim:read,channels:write,groups:write,links:read,links:write"},
{"user_id":"U04TDHFKJ85","user_name":"a2216ms","date":1684281270,"change_type":"expanded","app_type":"Notion","app_id":"A049JV0H0KC"},
{"user_id":"U04T9TDB58W","user_name":"a2239hm","date":1683563684,"change_type":"expanded","app_type":"Notion","app_id":"A049JV0H0KC"},
{"user_id":"U04T9TDB58W","user_name":"a2239hm","date":1683563684,"change_type":"added","app_type":"Notion","app_id":"A049JV0H0KC","scope":"identify,channels:history,groups:history,im:history,mpim:history,channels:read,groups:read,im:read,mpim:read,chat:write,groups:write"},
{"user_id":"U04T201950F","user_name":"a2240dm","date":1682746449,"change_type":"added","app_type":"Google Drive","app_id":"A6NL8MJ6Q"},
{"user_id":"URZRU5R6D","user_name":"slack","date":1682746449,"change_type":"added","service_id":5185919199685,"service_type":"Google Drive","scope":"files:write:user"},
{"user_id":"U04TDHFKJ85","user_name":"a2216ms","date":1682599349,"change_type":"expanded","app_type":"Notion","app_id":"A049JV0H0KC"},
{"user_id":"U04TGBZ4XEX","user_name":"a2236sh","date":1682467834,"change_type":"added","app_type":"Jira Cloud","app_id":"A2RPP3NFR"},
{"user_id":"U04TGBZ4XEX","user_name":"a2236sh","date":1682467832,"change_type":"added","app_type":"Jira Cloud","app_id":"A2RPP3NFR","scope":"identify,channels:read,groups:read,im:read,mpim:read,channels:write,groups:write,links:read,links:write"},
{"user_id":"U04TDHFKJ85","user_name":"a2216ms","date":1682154422,"change_type":"expanded","app_type":"Notion","app_id":"A049JV0H0KC"},
{"user_id":"U04TDHFKJ85","user_name":"a2216ms","date":1682154421,"change_type":"added","app_type":"Notion","app_id":"A049JV0H0KC","scope":"identify,channels:history,groups:history,im:history,mpim:history,channels:read,groups:read,im:read,mpim:read,chat:write,groups:write"},
{"user_id":"U04T201950F","user_name":"a2240dm","date":1682076801,"change_type":"added","app_type":"Notion","app_id":"A049JV0H0KC"},
{"user_id":"U04T201950F","user_name":"a2240dm","date":1682076799,"change_type":"added","app_type":"Notion","app_id":"A049JV0H0KC","scope":"identify,channels:history,groups:history,im:history,mpim:history,channels:read,groups:read,im:read,mpim:read,chat:write,groups:write"},
{"user_id":"U04T9TDB58W","user_name":"a2239hm","date":1681817739,"change_type":"added","app_type":"Dots","app_id":"A01HMR49A65"},
{"user_id":"U04T9TDB58W","user_name":"a2239hm","date":1681817737,"change_type":"expanded","app_type":"Dots","app_id":"A01HMR49A65","scope":"identity.basic,identity.email,identity.avatar,identity.team,identify,channels:history,groups:history,channels:read,groups:read,reactions:read,users:read,usergroups:read,chat:write,groups:write,reactions:write"},
{"user_id":"U04T9TDB58W","user_name":"a2239hm","date":1681817713,"change_type":"added","app_type":"Dots","app_id":"A01HMR49A65","scope":"identity.basic,identity.email,identity.avatar,identity.team,identify,channels:history,groups:history,channels:read,groups:read,reactions:read,users:read,usergroups:read,chat:write,groups:write,reactions:write"},
{"user_id":"U04TV4NASPK","user_name":"a2231kn","date":1681210598,"change_type":"removed","reason":"developer_uninstalled_app","app_type":"Change Host","app_id":"A052NAZ7LV9","scope":"identify,bot,commands"},
{"user_id":"U04TV4NASPK","user_name":"a2231kn","date":1681210553,"change_type":"added","app_type":"Change Host","app_id":"A052NAZ7LV9","scope":"identify,bot,commands"},
{"user_id":0,"user_name":"slack","date":1681210553,"change_type":"app_collaborator_added","app_type":"Change Host","app_id":"A052NAZ7LV9"},
{"user_id":"U04TV4NASPK","user_name":"a2231kn","date":1680611831,"change_type":"added","app_type":"Wed_SprintRetro_SprintPlan","app_id":"A051MELNQAZ","scope":"identify,bot,commands"},
{"user_id":0,"user_name":"slack","date":1680611830,"change_type":"app_collaborator_added","app_type":"Wed_SprintRetro_SprintPlan","app_id":"A051MELNQAZ"},
{"user_id":"U04TV4NASPK","user_name":"a2231kn","date":1680611483,"change_type":"added","app_type":"TuesDay_SprintReview","app_id":"A051MDNNFL5","scope":"identify,bot,commands"},
{"user_id":0,"user_name":"slack","date":1680611483,"change_type":"app_collaborator_added","app_type":"TuesDay_SprintReview","app_id":"A051MDNNFL5"},
{"user_id":"U04TV4NASPK","user_name":"a2231kn","date":1680611315,"change_type":"added","app_type":"Monday_DailyScrum","app_id":"A052E2AG5LG","scope":"identify,bot,commands"},
{"user_id":0,"user_name":"slack","date":1680611314,"change_type":"app_collaborator_added","app_type":"Monday_DailyScrum","app_id":"A052E2AG5LG"},
{"user_id":"U04TV4NASPK","user_name":"a2231kn","date":1680611224,"change_type":"added","app_type":"Saturday_DailyScrum","app_id":"A051HNZK21L","scope":"identify,bot,commands"},
{"user_id":0,"user_name":"slack","date":1680611224,"change_type":"app_collaborator_added","app_type":"Saturday_DailyScrum","app_id":"A051HNZK21L"},
{"user_id":"U04TV4NASPK","user_name":"a2231kn","date":1680610985,"change_type":"added","app_type":"Thurs_DailyScrum","app_id":"A051QAUS1DY","scope":"identify,bot,commands"},
{"user_id":0,"user_name":"slack","date":1680610984,"change_type":"app_collaborator_added","app_type":"Thurs_DailyScrum","app_id":"A051QAUS1DY"},
{"user_id":"U04TV4NASPK","user_name":"a2231kn","date":1680610630,"change_type":"added","app_type":"Friday_DailyScrum","app_id":"A051Q9YSF26","scope":"identify,bot,commands"},
{"user_id":0,"user_name":"slack","date":1680610629,"change_type":"app_collaborator_added","app_type":"Friday_DailyScrum","app_id":"A051Q9YSF26"},
{"user_id":"U04TV4NASPK","user_name":"a2231kn","date":1680610268,"change_type":"removed","reason":"developer_uninstalled_app","app_type":"Team Standup","app_id":"A051SMX23FW","scope":"identify,bot,commands"},
{"user_id":"U04TV4NASPK","user_name":"a2231kn","date":1680609887,"change_type":"added","app_type":"Team Standup","app_id":"A051SMX23FW","scope":"identify,bot,commands"},
{"user_id":0,"user_name":"slack","date":1680609886,"change_type":"app_collaborator_added","app_type":"Team Standup","app_id":"A051SMX23FW"}
]