[
    {
        "client_msg_id": "45829fac-83cf-422e-8c91-2e63b2586e22",
        "type": "message",
        "text": "PR作成しました、お時間のある時にご確認ください:bow:\n<https:\/\/github.com\/chubachi-pt-2023\/atomono-front\/pull\/67>",
        "user": "U04U66DSPEU",
        "ts": "1697641675.318209",
        "blocks": [
            {
                "type": "rich_text",
                "block_id": "tR6yH",
                "elements": [
                    {
                        "type": "rich_text_section",
                        "elements": [
                            {
                                "type": "text",
                                "text": "PR作成しました、お時間のある時にご確認ください"
                            },
                            {
                                "type": "emoji",
                                "name": "bow",
                                "unicode": "1f647"
                            },
                            {
                                "type": "text",
                                "text": "\n"
                            },
                            {
                                "type": "link",
                                "url": "https:\/\/github.com\/chubachi-pt-2023\/atomono-front\/pull\/67"
                            }
                        ]
                    }
                ]
            }
        ],
        "team": "T04TGFGMK7C",
        "user_team": "T04TGFGMK7C",
        "source_team": "T04TGFGMK7C",
        "user_profile": {
            "avatar_hash": "eded816e5002",
            "image_72": "https:\/\/avatars.slack-edge.com\/2023-04-25\/5164292307843_eded816e5002d89cd475_72.png",
            "first_name": "FABIAN",
            "real_name": "FABIAN M. FERNANDEZ",
            "display_name": "Fernandez",
            "team": "T04TGFGMK7C",
            "name": "a2237mf",
            "is_restricted": false,
            "is_ultra_restricted": false
        },
        "thread_ts": "1697565565.796359",
        "parent_user_id": "U04T9TDB58W",
        "reactions": [
            {
                "name": "eyes",
                "users": [
                    "U04T9TDB58W"
                ],
                "count": 1
            }
        ]
    },
    {
        "client_msg_id": "5201454a-899a-420f-a394-eee4e21466cd",
        "type": "message",
        "text": "<@U04T9TDB58W>\nこちらもレビューをお願いします。\n<https:\/\/github.com\/chubachi-pt-2023\/atomono-front\/pull\/62>",
        "user": "U04TV4NASPK",
        "ts": "1697650471.005299",
        "blocks": [
            {
                "type": "rich_text",
                "block_id": "ElAQW",
                "elements": [
                    {
                        "type": "rich_text_section",
                        "elements": [
                            {
                                "type": "user",
                                "user_id": "U04T9TDB58W"
                            },
                            {
                                "type": "text",
                                "text": "\nこちらもレビューをお願いします。\n"
                            },
                            {
                                "type": "link",
                                "url": "https:\/\/github.com\/chubachi-pt-2023\/atomono-front\/pull\/62"
                            }
                        ]
                    }
                ]
            }
        ],
        "team": "T04TGFGMK7C",
        "user_team": "T04TGFGMK7C",
        "source_team": "T04TGFGMK7C",
        "user_profile": {
            "avatar_hash": "342942264635",
            "image_72": "https:\/\/avatars.slack-edge.com\/2023-03-11\/4927985433382_34294226463524804a2d_72.jpg",
            "first_name": "Nakayama",
            "real_name": "Nakayama Kenta",
            "display_name": "Nakayama",
            "team": "T04TGFGMK7C",
            "name": "a2231kn",
            "is_restricted": false,
            "is_ultra_restricted": false
        },
        "thread_ts": "1697650471.005299",
        "reply_count": 2,
        "reply_users_count": 1,
        "latest_reply": "1697727654.656719",
        "reply_users": [
            "U04T9TDB58W"
        ],
        "replies": [
            {
                "user": "U04T9TDB58W",
                "ts": "1697726735.009119"
            },
            {
                "user": "U04T9TDB58W",
                "ts": "1697727654.656719"
            }
        ],
        "is_locked": false,
        "subscribed": false
    },
    {
        "type": "message",
        "text": "<@U04T9TDB58W>\n~まだ調査中ですが、`atomono-front`にpushする際にエラー出てるんですが、原因わかりますか？~\n~ソース共有したかったんですが、pushできないので一旦エラーメッセージのみの共有となります！~\n~他の作業（インフラとか）も進められるので急いではいないです！~\n~お手好きの際によろしくお願いします。~",
        "files": [
            {
                "id": "F061T9TQ5D1",
                "mode": "tombstone"
            },
            {
                "id": "F061QEYNG69",
                "mode": "tombstone"
            }
        ],
        "upload": false,
        "user": "U04T201950F",
        "ts": "1697673292.896749",
        "blocks": [
            {
                "type": "rich_text",
                "block_id": "Bs5PI",
                "elements": [
                    {
                        "type": "rich_text_section",
                        "elements": [
                            {
                                "type": "user",
                                "user_id": "U04T9TDB58W"
                            },
                            {
                                "type": "text",
                                "text": "\n"
                            },
                            {
                                "type": "text",
                                "text": "まだ調査中ですが、",
                                "style": {
                                    "strike": true
                                }
                            },
                            {
                                "type": "text",
                                "text": "atomono-front",
                                "style": {
                                    "strike": true,
                                    "code": true
                                }
                            },
                            {
                                "type": "text",
                                "text": "にpushする際にエラー出てるんですが、原因わかりますか？",
                                "style": {
                                    "strike": true
                                }
                            },
                            {
                                "type": "text",
                                "text": "\n"
                            },
                            {
                                "type": "text",
                                "text": "ソース共有したかったんですが、pushできないので一旦エラーメッセージのみの共有となります！",
                                "style": {
                                    "strike": true
                                }
                            },
                            {
                                "type": "text",
                                "text": "\n"
                            },
                            {
                                "type": "text",
                                "text": "他の作業（インフラとか）も進められるので急いではいないです！",
                                "style": {
                                    "strike": true
                                }
                            },
                            {
                                "type": "text",
                                "text": "\n"
                            },
                            {
                                "type": "text",
                                "text": "お手好きの際によろしくお願いします。",
                                "style": {
                                    "strike": true
                                }
                            }
                        ]
                    }
                ]
            }
        ],
        "edited": {
            "user": "U04T201950F",
            "ts": "1697675096.000000"
        },
        "client_msg_id": "7ab3b4ea-5bee-44e5-8513-c520c6b95efe",
        "thread_ts": "1697673292.896749",
        "reply_count": 3,
        "reply_users_count": 1,
        "latest_reply": "1697674995.031379",
        "reply_users": [
            "U04T201950F"
        ],
        "replies": [
            {
                "user": "U04T201950F",
                "ts": "1697673529.858029"
            },
            {
                "user": "U04T201950F",
                "ts": "1697674554.849739"
            },
            {
                "user": "U04T201950F",
                "ts": "1697674995.031379"
            }
        ],
        "is_locked": false,
        "subscribed": false
    },
    {
        "client_msg_id": "f5de765a-e4cc-403b-a5b6-353a5a4a9f4b",
        "type": "message",
        "text": "~ちなみに`UserProductsList.tsx`は僕の方で編集してないので、なぜエラー出てるか不明です~\n~本来エラー出てたらcommitできないと思うので謎です~",
        "user": "U04T201950F",
        "ts": "1697673529.858029",
        "blocks": [
            {
                "type": "rich_text",
                "block_id": "Dx2SW",
                "elements": [
                    {
                        "type": "rich_text_section",
                        "elements": [
                            {
                                "type": "text",
                                "text": "ちなみに",
                                "style": {
                                    "strike": true
                                }
                            },
                            {
                                "type": "text",
                                "text": "UserProductsList.tsx",
                                "style": {
                                    "strike": true,
                                    "code": true
                                }
                            },
                            {
                                "type": "text",
                                "text": "は僕の方で編集してないので、なぜエラー出てるか不明です",
                                "style": {
                                    "strike": true
                                }
                            },
                            {
                                "type": "text",
                                "text": "\n"
                            },
                            {
                                "type": "text",
                                "text": "本来エラー出てたらcommitできないと思うので謎です",
                                "style": {
                                    "strike": true
                                }
                            }
                        ]
                    }
                ]
            }
        ],
        "team": "T04TGFGMK7C",
        "user_team": "T04TGFGMK7C",
        "source_team": "T04TGFGMK7C",
        "user_profile": {
            "avatar_hash": "37195c285ebd",
            "image_72": "https:\/\/avatars.slack-edge.com\/2023-04-26\/5193192270752_37195c285ebdc8d65709_72.jpg",
            "first_name": "Dai",
            "real_name": "Dai Miyahara",
            "display_name": "Dai Miyahara",
            "team": "T04TGFGMK7C",
            "name": "a2240dm",
            "is_restricted": false,
            "is_ultra_restricted": false
        },
        "edited": {
            "user": "U04T201950F",
            "ts": "1697675105.000000"
        },
        "thread_ts": "1697673292.896749",
        "parent_user_id": "U04T201950F"
    },
    {
        "type": "message",
        "text": "<@U04T9TDB58W>\n【追記】\n元々貼っていた`MobileHeaderWithSearchForm.tsx`に関するエラーは解消されました。\n原因はコンポーネントの型を定義してなかったからでした。\n```修正前\nexport const MobileHeaderWithSearchForm = () => {}\n\n修正後\nexport const MobileHeaderWithSearchForm: React.FC = () => {}```\n~UserProduct関連のファイルに関するエラーは変わらず発生しているのでそちらのみご確認頂きたいです。~",
        "files": [
            {
                "id": "F061LR54RPY",
                "created": 1697674544,
                "timestamp": 1697674544,
                "name": "Screen Shot 2023-10-19 at 9.15.32.png",
                "title": "Screen Shot 2023-10-19 at 9.15.32.png",
                "mimetype": "image\/png",
                "filetype": "png",
                "pretty_type": "PNG",
                "user": "U04T201950F",
                "user_team": "T04TGFGMK7C",
                "editable": false,
                "size": 444915,
                "mode": "hosted",
                "is_external": false,
                "external_type": "",
                "is_public": true,
                "public_url_shared": false,
                "display_as_bot": false,
                "username": "",
                "url_private": "https:\/\/files.slack.com\/files-pri\/T04TGFGMK7C-F061LR54RPY\/screen_shot_2023-10-19_at_9.15.32.png?t=xoxe-4934526733250-6397687879216-6360367946327-fc1a6eed2fc8fac326fea1f2a3ab7c6e",
                "url_private_download": "https:\/\/files.slack.com\/files-pri\/T04TGFGMK7C-F061LR54RPY\/download\/screen_shot_2023-10-19_at_9.15.32.png?t=xoxe-4934526733250-6397687879216-6360367946327-fc1a6eed2fc8fac326fea1f2a3ab7c6e",
                "media_display_type": "unknown",
                "thumb_64": "https:\/\/files.slack.com\/files-tmb\/T04TGFGMK7C-F061LR54RPY-a9b780cea5\/screen_shot_2023-10-19_at_9.15.32_64.png?t=xoxe-4934526733250-6397687879216-6360367946327-fc1a6eed2fc8fac326fea1f2a3ab7c6e",
                "thumb_80": "https:\/\/files.slack.com\/files-tmb\/T04TGFGMK7C-F061LR54RPY-a9b780cea5\/screen_shot_2023-10-19_at_9.15.32_80.png?t=xoxe-4934526733250-6397687879216-6360367946327-fc1a6eed2fc8fac326fea1f2a3ab7c6e",
                "thumb_360": "https:\/\/files.slack.com\/files-tmb\/T04TGFGMK7C-F061LR54RPY-a9b780cea5\/screen_shot_2023-10-19_at_9.15.32_360.png?t=xoxe-4934526733250-6397687879216-6360367946327-fc1a6eed2fc8fac326fea1f2a3ab7c6e",
                "thumb_360_w": 360,
                "thumb_360_h": 283,
                "thumb_480": "https:\/\/files.slack.com\/files-tmb\/T04TGFGMK7C-F061LR54RPY-a9b780cea5\/screen_shot_2023-10-19_at_9.15.32_480.png?t=xoxe-4934526733250-6397687879216-6360367946327-fc1a6eed2fc8fac326fea1f2a3ab7c6e",
                "thumb_480_w": 480,
                "thumb_480_h": 378,
                "thumb_160": "https:\/\/files.slack.com\/files-tmb\/T04TGFGMK7C-F061LR54RPY-a9b780cea5\/screen_shot_2023-10-19_at_9.15.32_160.png?t=xoxe-4934526733250-6397687879216-6360367946327-fc1a6eed2fc8fac326fea1f2a3ab7c6e",
                "thumb_720": "https:\/\/files.slack.com\/files-tmb\/T04TGFGMK7C-F061LR54RPY-a9b780cea5\/screen_shot_2023-10-19_at_9.15.32_720.png?t=xoxe-4934526733250-6397687879216-6360367946327-fc1a6eed2fc8fac326fea1f2a3ab7c6e",
                "thumb_720_w": 720,
                "thumb_720_h": 567,
                "thumb_800": "https:\/\/files.slack.com\/files-tmb\/T04TGFGMK7C-F061LR54RPY-a9b780cea5\/screen_shot_2023-10-19_at_9.15.32_800.png?t=xoxe-4934526733250-6397687879216-6360367946327-fc1a6eed2fc8fac326fea1f2a3ab7c6e",
                "thumb_800_w": 800,
                "thumb_800_h": 629,
                "thumb_960": "https:\/\/files.slack.com\/files-tmb\/T04TGFGMK7C-F061LR54RPY-a9b780cea5\/screen_shot_2023-10-19_at_9.15.32_960.png?t=xoxe-4934526733250-6397687879216-6360367946327-fc1a6eed2fc8fac326fea1f2a3ab7c6e",
                "thumb_960_w": 960,
                "thumb_960_h": 755,
                "thumb_1024": "https:\/\/files.slack.com\/files-tmb\/T04TGFGMK7C-F061LR54RPY-a9b780cea5\/screen_shot_2023-10-19_at_9.15.32_1024.png?t=xoxe-4934526733250-6397687879216-6360367946327-fc1a6eed2fc8fac326fea1f2a3ab7c6e",
                "thumb_1024_w": 1024,
                "thumb_1024_h": 806,
                "original_w": 2280,
                "original_h": 1794,
                "thumb_tiny": "AwAlADCnk+nFNPXvS\/TpSc+lACZ+v50Zo5peaAEzRQc96SgB5+tJzSnGeetJgetACfjRj3o4o496AD8aSl4pKAH8+tGKKKAG59qM0lFAC0lFFAH\/2Q==",
                "permalink": "https:\/\/chubachi-pt-2023.slack.com\/files\/U04T201950F\/F061LR54RPY\/screen_shot_2023-10-19_at_9.15.32.png",
                "permalink_public": "https:\/\/slack-files.com\/T04TGFGMK7C-F061LR54RPY-43e011c0d5",
                "is_starred": false,
                "has_rich_preview": false,
                "file_access": "visible"
            }
        ],
        "upload": false,
        "user": "U04T201950F",
        "display_as_bot": false,
        "ts": "1697674554.849739",
        "blocks": [
            {
                "type": "rich_text",
                "block_id": "0WRwi",
                "elements": [
                    {
                        "type": "rich_text_section",
                        "elements": [
                            {
                                "type": "user",
                                "user_id": "U04T9TDB58W"
                            },
                            {
                                "type": "text",
                                "text": "\n【追記】\n元々貼っていた"
                            },
                            {
                                "type": "text",
                                "text": "MobileHeaderWithSearchForm.tsx",
                                "style": {
                                    "code": true
                                }
                            },
                            {
                                "type": "text",
                                "text": "に関するエラーは解消されました。\n原因はコンポーネントの型を定義してなかったからでした。\n"
                            }
                        ]
                    },
                    {
                        "type": "rich_text_preformatted",
                        "elements": [
                            {
                                "type": "text",
                                "text": "修正前\nexport const MobileHeaderWithSearchForm = () => {}\n\n修正後\nexport const MobileHeaderWithSearchForm: React.FC = () => {}"
                            }
                        ],
                        "border": 0
                    },
                    {
                        "type": "rich_text_section",
                        "elements": [
                            {
                                "type": "text",
                                "text": "\n"
                            },
                            {
                                "type": "text",
                                "text": "UserProduct関連のファイルに関するエラーは変わらず発生しているのでそちらのみご確認頂きたいです。",
                                "style": {
                                    "strike": true
                                }
                            }
                        ]
                    }
                ]
            }
        ],
        "edited": {
            "user": "U04T201950F",
            "ts": "1697675136.000000"
        },
        "client_msg_id": "13a61b26-6f9f-4ec0-aaf0-f7cb72139633",
        "thread_ts": "1697673292.896749",
        "parent_user_id": "U04T201950F"
    },
    {
        "client_msg_id": "fbc4ccb0-edd0-479d-bdae-a075a0a2cb1a",
        "type": "message",
        "text": "<@U04T9TDB58W>\nすみません、自己解決しました。\n最新のdevelopmentブランチを取り込んだらcommitできました。\nお手数おかけしました。\n業務入ってしまうので空き時間にPRだします。",
        "user": "U04T201950F",
        "ts": "1697674995.031379",
        "blocks": [
            {
                "type": "rich_text",
                "block_id": "okSYX",
                "elements": [
                    {
                        "type": "rich_text_section",
                        "elements": [
                            {
                                "type": "user",
                                "user_id": "U04T9TDB58W"
                            },
                            {
                                "type": "text",
                                "text": "\nすみません、自己解決しました。\n最新のdevelopmentブランチを取り込んだらcommitできました。\nお手数おかけしました。\n業務入ってしまうので空き時間にPRだします。"
                            }
                        ]
                    }
                ]
            }
        ],
        "team": "T04TGFGMK7C",
        "user_team": "T04TGFGMK7C",
        "source_team": "T04TGFGMK7C",
        "user_profile": {
            "avatar_hash": "37195c285ebd",
            "image_72": "https:\/\/avatars.slack-edge.com\/2023-04-26\/5193192270752_37195c285ebdc8d65709_72.jpg",
            "first_name": "Dai",
            "real_name": "Dai Miyahara",
            "display_name": "Dai Miyahara",
            "team": "T04TGFGMK7C",
            "name": "a2240dm",
            "is_restricted": false,
            "is_ultra_restricted": false
        },
        "thread_ts": "1697673292.896749",
        "parent_user_id": "U04T201950F",
        "reactions": [
            {
                "name": "eyes",
                "users": [
                    "U04T9TDB58W"
                ],
                "count": 1
            },
            {
                "name": "+1",
                "users": [
                    "U04T9TDB58W"
                ],
                "count": 1
            }
        ]
    },
    {
        "client_msg_id": "53872bd3-4e1f-4299-bd72-ee9667c5ddb6",
        "type": "message",
        "text": "<@U04T9TDB58W>\nPRだしましたのでご確認お願いします〜\n<https:\/\/github.com\/chubachi-pt-2023\/atomono-front\/pull\/68>",
        "user": "U04T201950F",
        "ts": "1697678085.703919",
        "blocks": [
            {
                "type": "rich_text",
                "block_id": "\/SbLK",
                "elements": [
                    {
                        "type": "rich_text_section",
                        "elements": [
                            {
                                "type": "user",
                                "user_id": "U04T9TDB58W"
                            },
                            {
                                "type": "text",
                                "text": "\nPRだしましたのでご確認お願いします〜\n"
                            },
                            {
                                "type": "link",
                                "url": "https:\/\/github.com\/chubachi-pt-2023\/atomono-front\/pull\/68"
                            }
                        ]
                    }
                ]
            }
        ],
        "team": "T04TGFGMK7C",
        "user_team": "T04TGFGMK7C",
        "source_team": "T04TGFGMK7C",
        "user_profile": {
            "avatar_hash": "37195c285ebd",
            "image_72": "https:\/\/avatars.slack-edge.com\/2023-04-26\/5193192270752_37195c285ebdc8d65709_72.jpg",
            "first_name": "Dai",
            "real_name": "Dai Miyahara",
            "display_name": "Dai Miyahara",
            "team": "T04TGFGMK7C",
            "name": "a2240dm",
            "is_restricted": false,
            "is_ultra_restricted": false
        },
        "thread_ts": "1697678085.703919",
        "reply_count": 5,
        "reply_users_count": 2,
        "latest_reply": "1697955202.471239",
        "reply_users": [
            "U04T9TDB58W",
            "U04T201950F"
        ],
        "replies": [
            {
                "user": "U04T9TDB58W",
                "ts": "1697736519.610949"
            },
            {
                "user": "U04T201950F",
                "ts": "1697878814.533749"
            },
            {
                "user": "U04T9TDB58W",
                "ts": "1697881641.100139"
            },
            {
                "user": "U04T201950F",
                "ts": "1697953278.183419"
            },
            {
                "user": "U04T9TDB58W",
                "ts": "1697955202.471239"
            }
        ],
        "is_locked": false,
        "subscribed": false,
        "reactions": [
            {
                "name": "eyes",
                "users": [
                    "U04T9TDB58W"
                ],
                "count": 1
            }
        ]
    }
]