[
    {
        "client_msg_id": "7f10f6b4-f7a1-465a-b9a1-9d1ee136f4ba",
        "type": "message",
        "text": "<https:\/\/fonts.google.com\/icons?selected=Material+Symbols+Outlined:arrow_back:FILL@0;wght@400;GRAD@0;opsz@24> この辺参照して使ってもらえると\n\nSVGで良いかなーと思ってます <@U04T201950F>",
        "user": "U04T9TDB58W",
        "ts": "1697546421.897999",
        "blocks": [
            {
                "type": "rich_text",
                "block_id": "MrzcH",
                "elements": [
                    {
                        "type": "rich_text_section",
                        "elements": [
                            {
                                "type": "link",
                                "url": "https:\/\/fonts.google.com\/icons?selected=Material+Symbols+Outlined:arrow_back:FILL@0;wght@400;GRAD@0;opsz@24"
                            },
                            {
                                "type": "text",
                                "text": " この辺参照して使ってもらえると\n\nSVGで良いかなーと思ってます "
                            },
                            {
                                "type": "user",
                                "user_id": "U04T201950F"
                            }
                        ]
                    }
                ]
            }
        ],
        "team": "T04TGFGMK7C",
        "user_team": "T04TGFGMK7C",
        "source_team": "T04TGFGMK7C",
        "user_profile": {
            "avatar_hash": "183a619e0408",
            "image_72": "https:\/\/avatars.slack-edge.com\/2023-03-11\/4958815898464_183a619e0408c53031fd_72.jpg",
            "first_name": "Hibiki",
            "real_name": "Hibiki Mizuno",
            "display_name": "Jabelic スクラムマスター",
            "team": "T04TGFGMK7C",
            "name": "a2239hm",
            "is_restricted": false,
            "is_ultra_restricted": false
        },
        "attachments": [
            {
                "image_url": "https:\/\/www.gstatic.com\/images\/icons\/material\/apps\/fonts\/1x\/material-symbols\/material_symbols.jpg",
                "image_width": 1136,
                "image_height": 648,
                "image_bytes": 58749,
                "from_url": "https:\/\/fonts.google.com\/icons?selected=Material+Symbols+Outlined:arrow_back:FILL@0;wght@400;GRAD@0;opsz@24",
                "service_icon": "https:\/\/www.gstatic.com\/images\/branding\/product\/1x\/google_fonts_64dp.png",
                "id": 1,
                "original_url": "https:\/\/fonts.google.com\/icons?selected=Material+Symbols+Outlined:arrow_back:FILL@0;wght@400;GRAD@0;opsz@24",
                "fallback": "Google Fonts: Material Symbols and Icons - Google Fonts",
                "text": "Material Symbols are our newest icons consolidating over 2,500 glyphs in a single font file with a wide range of design variants.",
                "title": "Material Symbols and Icons - Google Fonts",
                "title_link": "https:\/\/fonts.google.com\/icons?selected=Material+Symbols+Outlined:arrow_back:FILL@0;wght@400;GRAD@0;opsz@24",
                "service_name": "Google Fonts"
            }
        ],
        "thread_ts": "1697357245.010709",
        "parent_user_id": "U04T201950F"
    },
    {
        "client_msg_id": "ce0eb0bb-356b-4d5b-941d-1a902e6983fe",
        "type": "message",
        "text": "<@U04T9TDB58W> ありがとうございます！！",
        "user": "U04T201950F",
        "ts": "1697546451.814809",
        "blocks": [
            {
                "type": "rich_text",
                "block_id": "qP7eO",
                "elements": [
                    {
                        "type": "rich_text_section",
                        "elements": [
                            {
                                "type": "user",
                                "user_id": "U04T9TDB58W"
                            },
                            {
                                "type": "text",
                                "text": " ありがとうございます！！"
                            }
                        ]
                    }
                ]
            }
        ],
        "team": "T04TGFGMK7C",
        "user_team": "T04TGFGMK7C",
        "source_team": "T04TGFGMK7C",
        "user_profile": {
            "avatar_hash": "37195c285ebd",
            "image_72": "https:\/\/avatars.slack-edge.com\/2023-04-26\/5193192270752_37195c285ebdc8d65709_72.jpg",
            "first_name": "Dai",
            "real_name": "Dai Miyahara",
            "display_name": "Dai Miyahara",
            "team": "T04TGFGMK7C",
            "name": "a2240dm",
            "is_restricted": false,
            "is_ultra_restricted": false
        },
        "thread_ts": "1697357245.010709",
        "parent_user_id": "U04T201950F"
    },
    {
        "client_msg_id": "a2f222fc-49cf-4b98-9d4d-6677a8f2fb00",
        "type": "message",
        "text": "<https:\/\/chubachi-pt-2023.atlassian.net\/browse\/AT-548> これ取れる人お願いします〜",
        "user": "U04T9TDB58W",
        "ts": "1697547696.703049",
        "blocks": [
            {
                "type": "rich_text",
                "block_id": "1RA3t",
                "elements": [
                    {
                        "type": "rich_text_section",
                        "elements": [
                            {
                                "type": "link",
                                "url": "https:\/\/chubachi-pt-2023.atlassian.net\/browse\/AT-548"
                            },
                            {
                                "type": "text",
                                "text": " これ取れる人お願いします〜"
                            }
                        ]
                    }
                ]
            }
        ],
        "team": "T04TGFGMK7C",
        "user_team": "T04TGFGMK7C",
        "source_team": "T04TGFGMK7C",
        "user_profile": {
            "avatar_hash": "183a619e0408",
            "image_72": "https:\/\/avatars.slack-edge.com\/2023-03-11\/4958815898464_183a619e0408c53031fd_72.jpg",
            "first_name": "Hibiki",
            "real_name": "Hibiki Mizuno",
            "display_name": "Jabelic スクラムマスター",
            "team": "T04TGFGMK7C",
            "name": "a2239hm",
            "is_restricted": false,
            "is_ultra_restricted": false
        },
        "attachments": [
            {
                "id": 1,
                "blocks": [
                    {
                        "type": "section",
                        "block_id": "uf:ih:10570::4eab1d306ced11eeb723c9ce3608827f",
                        "text": {
                            "type": "mrkdwn",
                            "text": "*<https:\/\/chubachi-pt-2023.atlassian.net\/browse\/AT-548?atlOrigin=eyJpIjoiNThlYTNjYjNmZjViNDFkMGJiNTVkOGY1OTNlY2MzMDUiLCJwIjoiamlyYS1zbGFjay1pbnQifQ|AT-548 FE：所持品追加ダイアログで検索結果が0件であった場合のUIの追加>*",
                            "verbatim": false
                        }
                    },
                    {
                        "type": "context",
                        "block_id": "uf:cx:10570::4eab1d326ced11eeb723c9ce3608827f",
                        "elements": [
                            {
                                "type": "mrkdwn",
                                "text": "Status: *To Do*",
                                "verbatim": false
                            },
                            {
                                "type": "image",
                                "image_url": "https:\/\/product-integrations-cdn.atl-paas.net\/jira-issuetype\/task.png",
                                "alt_text": "Task"
                            },
                            {
                                "type": "mrkdwn",
                                "text": "Type: *Task*",
                                "verbatim": false
                            },
                            {
                                "type": "image",
                                "image_url": "https:\/\/product-integrations-cdn.atl-paas.net\/icons\/unknown-user.png",
                                "alt_text": "Unassigned"
                            },
                            {
                                "type": "mrkdwn",
                                "text": "Assignee: *Unassigned*",
                                "verbatim": false
                            },
                            {
                                "type": "image",
                                "image_url": "https:\/\/product-integrations-cdn.atl-paas.net\/jira-priority\/medium.png",
                                "alt_text": "Medium"
                            },
                            {
                                "type": "mrkdwn",
                                "text": "Priority: *Medium*",
                                "verbatim": false
                            }
                        ]
                    },
                    {
                        "type": "actions",
                        "block_id": "uf:issueFooterActions:10570::4eab1d316ced11eeb723c9ce3608827f",
                        "elements": [
                            {
                                "type": "button",
                                "action_id": "{\"issueId\":\"10570\",\"instanceId\":\"5c23e16f-eefd-3c64-9603-064f32c410c0\",\"projectId\":\"10002\",\"action\":\"watch\",\"nType\":\"ISSUE_UNFURL\",\"nPlace\":\"main\"}",
                                "text": {
                                    "type": "plain_text",
                                    "text": "Watch",
                                    "emoji": true
                                },
                                "value": "watch"
                            },
                            {
                                "type": "static_select",
                                "action_id": "{\"issueId\":\"10570\",\"instanceId\":\"5c23e16f-eefd-3c64-9603-064f32c410c0\",\"projectId\":\"10002\",\"nType\":\"ISSUE_UNFURL\",\"nPlace\":\"menu\"}",
                                "placeholder": {
                                    "type": "plain_text",
                                    "text": "More actions...",
                                    "emoji": true
                                },
                                "options": [
                                    {
                                        "text": {
                                            "type": "plain_text",
                                            "text": "Comment",
                                            "emoji": true
                                        },
                                        "value": "comment"
                                    },
                                    {
                                        "text": {
                                            "type": "plain_text",
                                            "text": "Assign",
                                            "emoji": true
                                        },
                                        "value": "assign"
                                    },
                                    {
                                        "text": {
                                            "type": "plain_text",
                                            "text": "Transition",
                                            "emoji": true
                                        },
                                        "value": "transition"
                                    },
                                    {
                                        "text": {
                                            "type": "plain_text",
                                            "text": "Why am I seeing this?",
                                            "emoji": true
                                        },
                                        "value": "why"
                                    },
                                    {
                                        "text": {
                                            "type": "plain_text",
                                            "text": "Receive updates in channel",
                                            "emoji": true
                                        },
                                        "value": "connect"
                                    }
                                ]
                            }
                        ]
                    }
                ],
                "color": "#2684FF",
                "fallback": "[no preview available]",
                "bot_id": "B054V2LRMFX",
                "app_unfurl_url": "https:\/\/chubachi-pt-2023.atlassian.net\/browse\/AT-548",
                "is_app_unfurl": true,
                "app_id": "A2RPP3NFR"
            }
        ],
        "reactions": [
            {
                "name": "arigatougozaimasu",
                "users": [
                    "U04T201950F",
                    "U04TV4NASPK"
                ],
                "count": 2
            }
        ]
    },
    {
        "client_msg_id": "894f8201-bd28-40cf-8c06-de2262dfabb6",
        "type": "message",
        "text": "スタイル崩れのタスクを起票しました。\n他のコンポーネントを参考に、改善をお願いします :pray:\n<https:\/\/chubachi-pt-2023.atlassian.net\/browse\/AT-564>",
        "user": "U04T9TDB58W",
        "ts": "1697565565.796359",
        "blocks": [
            {
                "type": "rich_text",
                "block_id": "W0rpW",
                "elements": [
                    {
                        "type": "rich_text_section",
                        "elements": [
                            {
                                "type": "text",
                                "text": "スタイル崩れのタスクを起票しました。\n他のコンポーネントを参考に、改善をお願いします "
                            },
                            {
                                "type": "emoji",
                                "name": "pray",
                                "unicode": "1f64f"
                            },
                            {
                                "type": "text",
                                "text": "\n"
                            },
                            {
                                "type": "link",
                                "url": "https:\/\/chubachi-pt-2023.atlassian.net\/browse\/AT-564"
                            }
                        ]
                    }
                ]
            }
        ],
        "team": "T04TGFGMK7C",
        "user_team": "T04TGFGMK7C",
        "source_team": "T04TGFGMK7C",
        "user_profile": {
            "avatar_hash": "183a619e0408",
            "image_72": "https:\/\/avatars.slack-edge.com\/2023-03-11\/4958815898464_183a619e0408c53031fd_72.jpg",
            "first_name": "Hibiki",
            "real_name": "Hibiki Mizuno",
            "display_name": "Jabelic スクラムマスター",
            "team": "T04TGFGMK7C",
            "name": "a2239hm",
            "is_restricted": false,
            "is_ultra_restricted": false
        },
        "attachments": [
            {
                "id": 1,
                "blocks": [
                    {
                        "type": "section",
                        "block_id": "uf:ih:10586::e95edb406d1611ee87df092b03623ca5",
                        "text": {
                            "type": "mrkdwn",
                            "text": "*<https:\/\/chubachi-pt-2023.atlassian.net\/browse\/AT-564?atlOrigin=eyJpIjoiN2YwZWE3NDZkMThlNGY5NjkxMmI3ZGZiNGQ0ZDhjNTIiLCJwIjoiamlyYS1zbGFjay1pbnQifQ|AT-564 【UI修正】所持品コンポーネント>*",
                            "verbatim": false
                        }
                    },
                    {
                        "type": "context",
                        "block_id": "uf:cx:10586::e95edb426d1611ee87df092b03623ca5",
                        "elements": [
                            {
                                "type": "mrkdwn",
                                "text": "Status: *To Do*",
                                "verbatim": false
                            },
                            {
                                "type": "image",
                                "image_url": "https:\/\/product-integrations-cdn.atl-paas.net\/jira-issuetype\/task.png",
                                "alt_text": "Task"
                            },
                            {
                                "type": "mrkdwn",
                                "text": "Type: *Task*",
                                "verbatim": false
                            },
                            {
                                "type": "image",
                                "image_url": "https:\/\/product-integrations-cdn.atl-paas.net\/icons\/unknown-user.png",
                                "alt_text": "Unassigned"
                            },
                            {
                                "type": "mrkdwn",
                                "text": "Assignee: *Unassigned*",
                                "verbatim": false
                            },
                            {
                                "type": "image",
                                "image_url": "https:\/\/product-integrations-cdn.atl-paas.net\/jira-priority\/medium.png",
                                "alt_text": "Medium"
                            },
                            {
                                "type": "mrkdwn",
                                "text": "Priority: *Medium*",
                                "verbatim": false
                            }
                        ]
                    },
                    {
                        "type": "actions",
                        "block_id": "uf:issueFooterActions:10586::e95edb416d1611ee87df092b03623ca5",
                        "elements": [
                            {
                                "type": "button",
                                "action_id": "{\"issueId\":\"10586\",\"instanceId\":\"5c23e16f-eefd-3c64-9603-064f32c410c0\",\"projectId\":\"10002\",\"action\":\"watch\",\"nType\":\"ISSUE_UNFURL\",\"nPlace\":\"main\"}",
                                "text": {
                                    "type": "plain_text",
                                    "text": "Watch",
                                    "emoji": true
                                },
                                "value": "watch"
                            },
                            {
                                "type": "static_select",
                                "action_id": "{\"issueId\":\"10586\",\"instanceId\":\"5c23e16f-eefd-3c64-9603-064f32c410c0\",\"projectId\":\"10002\",\"nType\":\"ISSUE_UNFURL\",\"nPlace\":\"menu\"}",
                                "placeholder": {
                                    "type": "plain_text",
                                    "text": "More actions...",
                                    "emoji": true
                                },
                                "options": [
                                    {
                                        "text": {
                                            "type": "plain_text",
                                            "text": "Comment",
                                            "emoji": true
                                        },
                                        "value": "comment"
                                    },
                                    {
                                        "text": {
                                            "type": "plain_text",
                                            "text": "Assign",
                                            "emoji": true
                                        },
                                        "value": "assign"
                                    },
                                    {
                                        "text": {
                                            "type": "plain_text",
                                            "text": "Transition",
                                            "emoji": true
                                        },
                                        "value": "transition"
                                    },
                                    {
                                        "text": {
                                            "type": "plain_text",
                                            "text": "Why am I seeing this?",
                                            "emoji": true
                                        },
                                        "value": "why"
                                    },
                                    {
                                        "text": {
                                            "type": "plain_text",
                                            "text": "Receive updates in channel",
                                            "emoji": true
                                        },
                                        "value": "connect"
                                    }
                                ]
                            }
                        ]
                    }
                ],
                "color": "#2684FF",
                "fallback": "[no preview available]",
                "bot_id": "B054V2LRMFX",
                "app_unfurl_url": "https:\/\/chubachi-pt-2023.atlassian.net\/browse\/AT-564",
                "is_app_unfurl": true,
                "app_id": "A2RPP3NFR"
            }
        ],
        "thread_ts": "1697565565.796359",
        "reply_count": 1,
        "reply_users_count": 1,
        "latest_reply": "1697641675.318209",
        "reply_users": [
            "U04U66DSPEU"
        ],
        "replies": [
            {
                "user": "U04U66DSPEU",
                "ts": "1697641675.318209"
            }
        ],
        "is_locked": false,
        "subscribed": false,
        "reactions": [
            {
                "name": "+1",
                "users": [
                    "U04TV4NASPK",
                    "U04U66DSPEU"
                ],
                "count": 2
            },
            {
                "name": "ff",
                "users": [
                    "U04U66DSPEU"
                ],
                "count": 1
            }
        ]
    }
]