[
    {
        "type": "message",
        "text": "それっぽいとこまで作った。見直してレビュー依頼明日します。",
        "files": [
            {
                "id": "F06150N5PBQ",
                "created": 1697471727,
                "timestamp": 1697471727,
                "name": "アトモノ.png",
                "title": "アトモノ.png",
                "mimetype": "image\/png",
                "filetype": "png",
                "pretty_type": "PNG",
                "user": "U04TV4NASPK",
                "user_team": "T04TGFGMK7C",
                "editable": false,
                "size": 245257,
                "mode": "hosted",
                "is_external": false,
                "external_type": "",
                "is_public": true,
                "public_url_shared": false,
                "display_as_bot": false,
                "username": "",
                "url_private": "https:\/\/files.slack.com\/files-pri\/T04TGFGMK7C-F06150N5PBQ\/____________.png?t=xoxe-4934526733250-6397687879216-6360367946327-fc1a6eed2fc8fac326fea1f2a3ab7c6e",
                "url_private_download": "https:\/\/files.slack.com\/files-pri\/T04TGFGMK7C-F06150N5PBQ\/download\/____________.png?t=xoxe-4934526733250-6397687879216-6360367946327-fc1a6eed2fc8fac326fea1f2a3ab7c6e",
                "media_display_type": "unknown",
                "thumb_64": "https:\/\/files.slack.com\/files-tmb\/T04TGFGMK7C-F06150N5PBQ-53a6cacdd6\/_____________64.png?t=xoxe-4934526733250-6397687879216-6360367946327-fc1a6eed2fc8fac326fea1f2a3ab7c6e",
                "thumb_80": "https:\/\/files.slack.com\/files-tmb\/T04TGFGMK7C-F06150N5PBQ-53a6cacdd6\/_____________80.png?t=xoxe-4934526733250-6397687879216-6360367946327-fc1a6eed2fc8fac326fea1f2a3ab7c6e",
                "thumb_360": "https:\/\/files.slack.com\/files-tmb\/T04TGFGMK7C-F06150N5PBQ-53a6cacdd6\/_____________360.png?t=xoxe-4934526733250-6397687879216-6360367946327-fc1a6eed2fc8fac326fea1f2a3ab7c6e",
                "thumb_360_w": 211,
                "thumb_360_h": 360,
                "thumb_480": "https:\/\/files.slack.com\/files-tmb\/T04TGFGMK7C-F06150N5PBQ-53a6cacdd6\/_____________480.png?t=xoxe-4934526733250-6397687879216-6360367946327-fc1a6eed2fc8fac326fea1f2a3ab7c6e",
                "thumb_480_w": 281,
                "thumb_480_h": 480,
                "thumb_160": "https:\/\/files.slack.com\/files-tmb\/T04TGFGMK7C-F06150N5PBQ-53a6cacdd6\/_____________160.png?t=xoxe-4934526733250-6397687879216-6360367946327-fc1a6eed2fc8fac326fea1f2a3ab7c6e",
                "thumb_720": "https:\/\/files.slack.com\/files-tmb\/T04TGFGMK7C-F06150N5PBQ-53a6cacdd6\/_____________720.png?t=xoxe-4934526733250-6397687879216-6360367946327-fc1a6eed2fc8fac326fea1f2a3ab7c6e",
                "thumb_720_w": 422,
                "thumb_720_h": 720,
                "thumb_800": "https:\/\/files.slack.com\/files-tmb\/T04TGFGMK7C-F06150N5PBQ-53a6cacdd6\/_____________800.png?t=xoxe-4934526733250-6397687879216-6360367946327-fc1a6eed2fc8fac326fea1f2a3ab7c6e",
                "thumb_800_w": 469,
                "thumb_800_h": 800,
                "thumb_960": "https:\/\/files.slack.com\/files-tmb\/T04TGFGMK7C-F06150N5PBQ-53a6cacdd6\/_____________960.png?t=xoxe-4934526733250-6397687879216-6360367946327-fc1a6eed2fc8fac326fea1f2a3ab7c6e",
                "thumb_960_w": 563,
                "thumb_960_h": 960,
                "thumb_1024": "https:\/\/files.slack.com\/files-tmb\/T04TGFGMK7C-F06150N5PBQ-53a6cacdd6\/_____________1024.png?t=xoxe-4934526733250-6397687879216-6360367946327-fc1a6eed2fc8fac326fea1f2a3ab7c6e",
                "thumb_1024_w": 600,
                "thumb_1024_h": 1024,
                "original_w": 796,
                "original_h": 1358,
                "thumb_tiny": "AwAwABy6kSmBcIm4qOStMzCBjMWR1+SpI5EWJAzAfKKqEDcSH6+4oAtRrFIMqI2HstUr9VWcBVAG3sPrU1iVgjdXdeWyOfaor8gzKQcgqP60AXo\/9XGcH7op\/HpUB2JDGzKTkAcfShFhkTcq8Zx1NAFjFZuof69f93+pq6IYyPufrVK\/AEygdAg\/rQBdVFeCMMMjA\/lTkiWNcJwM5pIj+6T\/AHRT89fagBRWbqH+vX\/d\/qa0N3y5\/Ss\/UP8AXr\/u\/wBTQB\/\/2Q==",
                "permalink": "https:\/\/chubachi-pt-2023.slack.com\/files\/U04TV4NASPK\/F06150N5PBQ\/____________.png",
                "permalink_public": "https:\/\/slack-files.com\/T04TGFGMK7C-F06150N5PBQ-b89464fd35",
                "is_starred": false,
                "has_rich_preview": false,
                "file_access": "visible"
            }
        ],
        "upload": false,
        "user": "U04TV4NASPK",
        "display_as_bot": false,
        "ts": "1697471781.121709",
        "blocks": [
            {
                "type": "rich_text",
                "block_id": "sS0n3",
                "elements": [
                    {
                        "type": "rich_text_section",
                        "elements": [
                            {
                                "type": "text",
                                "text": "それっぽいとこまで作った。見直してレビュー依頼明日します。"
                            }
                        ]
                    }
                ]
            }
        ],
        "client_msg_id": "8d0c34ca-86b6-4749-8510-88aeed4f46e6",
        "thread_ts": "1697356637.218069",
        "parent_user_id": "U04TV4NASPK",
        "subtype": "thread_broadcast",
        "root": {
            "client_msg_id": "35fb91f4-2f7e-4d6d-83e5-c82b1d00fc89",
            "type": "message",
            "text": "<@U04T9TDB58W>  <@U04T201950F> <@U04U66DNCRE>\n途中までの経過。なんか怪しいとかあれば指摘ください。参考になるとかあれば参考にしてください。\n<https:\/\/github.com\/chubachi-pt-2023\/atomono-front\/pull\/62\/commits\/4f6c641ecd3593d39f33bcf17de9d734e6a18d0a>",
            "user": "U04TV4NASPK",
            "ts": "1697356637.218069",
            "blocks": [
                {
                    "type": "rich_text",
                    "block_id": "0nup0",
                    "elements": [
                        {
                            "type": "rich_text_section",
                            "elements": [
                                {
                                    "type": "user",
                                    "user_id": "U04T9TDB58W"
                                },
                                {
                                    "type": "text",
                                    "text": "  "
                                },
                                {
                                    "type": "user",
                                    "user_id": "U04T201950F"
                                },
                                {
                                    "type": "text",
                                    "text": " "
                                },
                                {
                                    "type": "user",
                                    "user_id": "U04U66DNCRE"
                                },
                                {
                                    "type": "text",
                                    "text": "\n途中までの経過。なんか怪しいとかあれば指摘ください。参考になるとかあれば参考にしてください。\n"
                                },
                                {
                                    "type": "link",
                                    "url": "https:\/\/github.com\/chubachi-pt-2023\/atomono-front\/pull\/62\/commits\/4f6c641ecd3593d39f33bcf17de9d734e6a18d0a"
                                }
                            ]
                        }
                    ]
                }
            ],
            "team": "T04TGFGMK7C",
            "thread_ts": "1697356637.218069",
            "reply_count": 6,
            "reply_users_count": 1,
            "latest_reply": "1697471781.121709",
            "reply_users": [
                "U04TV4NASPK"
            ],
            "replies": [
                {
                    "user": "U04TV4NASPK",
                    "ts": "1697356692.016049"
                },
                {
                    "user": "U04TV4NASPK",
                    "ts": "1697356765.865679"
                },
                {
                    "user": "U04TV4NASPK",
                    "ts": "1697361796.156789"
                },
                {
                    "user": "U04TV4NASPK",
                    "ts": "1697379035.696239"
                },
                {
                    "user": "U04TV4NASPK",
                    "ts": "1697379052.180289"
                },
                {
                    "user": "U04TV4NASPK",
                    "ts": "1697471781.121709"
                }
            ],
            "is_locked": false,
            "subscribed": false
        },
        "reactions": [
            {
                "name": "otsukaresamadesu",
                "users": [
                    "U04T201950F"
                ],
                "count": 1
            },
            {
                "name": "eyes",
                "users": [
                    "U04T9TDB58W"
                ],
                "count": 1
            }
        ]
    }
]