[
    {
        "type": "message",
        "subtype": "reminder_add",
        "text": "  毎日 9:00 , 日本標準時 にこのチャンネルでこれをリマインドするよう設定しました : “今週のスプリントゴールは「ログインログアウトのリリース」「所持品リストの編集削除」です。今日やることを記載してください。” ",
        "user": "U04TV4NASPK",
        "ts": "1698765759.219009"
    },
    {
        "bot_id": "B01",
        "type": "message",
        "text": "リマインダー : 今週のスプリントゴールは「ログインログアウトのリリース」「所持品リストの編集削除」です。今日やることを記載してください。",
        "user": "USLACKBOT",
        "ts": "1698796810.436139",
        "blocks": [
            {
                "type": "rich_text",
                "block_id": "\/V7",
                "elements": [
                    {
                        "type": "rich_text_section",
                        "elements": [
                            {
                                "type": "text",
                                "text": "リマインダー : 今週のスプリントゴールは「ログインログアウトのリリース」「所持品リストの編集削除」です。今日やることを記載してください。"
                            }
                        ]
                    }
                ]
            }
        ],
        "team": "T04TGFGMK7C",
        "thread_ts": "1698796810.436139",
        "reply_count": 2,
        "reply_users_count": 2,
        "latest_reply": "1698888602.422989",
        "reply_users": [
            "U04TV4NASPK",
            "U04U66DNCRE"
        ],
        "replies": [
            {
                "user": "U04TV4NASPK",
                "ts": "1698835680.444239"
            },
            {
                "user": "U04U66DNCRE",
                "ts": "1698888602.422989"
            }
        ],
        "is_locked": false,
        "subscribed": false
    }
]