[
    {
        "bot_id": "B01",
        "type": "message",
        "text": "リマインダー : <!here> \"明日は9:30~10:00 中間共有MTGです。参加できない方は<https:\/\/www.notion.so\/Meetings-b96fa7ac63684ce0b8296f4cfa67604a?pvs=4|Notion>に記載しましょう。\"  eve.",
        "user": "USLACKBOT",
        "ts": "1698969606.085279",
        "blocks": [
            {
                "type": "rich_text",
                "block_id": "2XFs6",
                "elements": [
                    {
                        "type": "rich_text_section",
                        "elements": [
                            {
                                "type": "text",
                                "text": "リマインダー : "
                            },
                            {
                                "type": "broadcast",
                                "range": "here"
                            },
                            {
                                "type": "text",
                                "text": " \"明日は9:30~10:00 中間共有MTGです。参加できない方は"
                            },
                            {
                                "type": "link",
                                "url": "https:\/\/www.notion.so\/Meetings-b96fa7ac63684ce0b8296f4cfa67604a?pvs=4",
                                "text": "Notion"
                            },
                            {
                                "type": "text",
                                "text": "に記載しましょう。\"  eve."
                            }
                        ]
                    }
                ]
            }
        ],
        "team": "T04TGFGMK7C"
    },
    {
        "bot_id": "B01",
        "type": "message",
        "text": "リマインダー : 今週のスプリントゴールは「ログインログアウトのリリース」「所持品リストの編集削除」です。今日やることを記載してください。",
        "user": "USLACKBOT",
        "ts": "1698969609.589729",
        "blocks": [
            {
                "type": "rich_text",
                "block_id": "akuj",
                "elements": [
                    {
                        "type": "rich_text_section",
                        "elements": [
                            {
                                "type": "text",
                                "text": "リマインダー : 今週のスプリントゴールは「ログインログアウトのリリース」「所持品リストの編集削除」です。今日やることを記載してください。"
                            }
                        ]
                    }
                ]
            }
        ],
        "team": "T04TGFGMK7C",
        "thread_ts": "1698969609.589729",
        "reply_count": 1,
        "reply_users_count": 1,
        "latest_reply": "1698984780.736079",
        "reply_users": [
            "U04T9TDB58W"
        ],
        "replies": [
            {
                "user": "U04T9TDB58W",
                "ts": "1698984780.736079"
            }
        ],
        "is_locked": false,
        "subscribed": false
    },
    {
        "client_msg_id": "d5e30fba-2586-4a5f-9bef-828751091d42",
        "type": "message",
        "text": "いま出ているPRのレビューやります。\nstorybookの不具合は直します(もうPR出てる)。",
        "user": "U04T9TDB58W",
        "ts": "1698984780.736079",
        "blocks": [
            {
                "type": "rich_text",
                "block_id": "M9kYP",
                "elements": [
                    {
                        "type": "rich_text_section",
                        "elements": [
                            {
                                "type": "text",
                                "text": "いま出ているPRのレビューやります。\nstorybookの不具合は直します(もうPR出てる)。"
                            }
                        ]
                    }
                ]
            }
        ],
        "team": "T04TGFGMK7C",
        "user_team": "T04TGFGMK7C",
        "source_team": "T04TGFGMK7C",
        "user_profile": {
            "avatar_hash": "183a619e0408",
            "image_72": "https:\/\/avatars.slack-edge.com\/2023-03-11\/4958815898464_183a619e0408c53031fd_72.jpg",
            "first_name": "Hibiki",
            "real_name": "Hibiki Mizuno",
            "display_name": "Jabelic スクラムマスター",
            "team": "T04TGFGMK7C",
            "name": "a2239hm",
            "is_restricted": false,
            "is_ultra_restricted": false
        },
        "thread_ts": "1698969609.589729",
        "parent_user_id": "USLACKBOT"
    }
]