[
    {
        "bot_id": "B01",
        "type": "message",
        "text": "リマインダー : 今週のスプリントゴールは「ログインログアウトのリリース」「所持品リストの編集削除」です。今日やることを記載してください。",
        "user": "USLACKBOT",
        "ts": "1699142430.068649",
        "blocks": [
            {
                "type": "rich_text",
                "block_id": "SsRe",
                "elements": [
                    {
                        "type": "rich_text_section",
                        "elements": [
                            {
                                "type": "text",
                                "text": "リマインダー : 今週のスプリントゴールは「ログインログアウトのリリース」「所持品リストの編集削除」です。今日やることを記載してください。"
                            }
                        ]
                    }
                ]
            }
        ],
        "team": "T04TGFGMK7C",
        "thread_ts": "1699142430.068649",
        "reply_count": 4,
        "reply_users_count": 4,
        "latest_reply": "1699282040.625069",
        "reply_users": [
            "U04TV4NASPK",
            "U04T9TDB58W",
            "U04U66DSPEU",
            "U04U66DNCRE"
        ],
        "replies": [
            {
                "user": "U04TV4NASPK",
                "ts": "1699168237.012669"
            },
            {
                "user": "U04T9TDB58W",
                "ts": "1699175326.720489"
            },
            {
                "user": "U04U66DSPEU",
                "ts": "1699275634.904279"
            },
            {
                "user": "U04U66DNCRE",
                "ts": "1699282040.625069"
            }
        ],
        "is_locked": false,
        "subscribed": false
    },
    {
        "client_msg_id": "01E991F2-B981-4ED1-8426-B045BD1CB232",
        "type": "message",
        "text": "モーダルのタブレット画面サイズのレスポンシブ対応\n週報",
        "user": "U04U66DNCRE",
        "ts": "1699143195.536069",
        "blocks": [
            {
                "type": "rich_text",
                "block_id": "kuAtn",
                "elements": [
                    {
                        "type": "rich_text_section",
                        "elements": [
                            {
                                "type": "text",
                                "text": "モーダルのタブレット画面サイズのレスポンシブ対応\n週報"
                            }
                        ]
                    }
                ]
            }
        ],
        "team": "T04TGFGMK7C",
        "user_team": "T04TGFGMK7C",
        "source_team": "T04TGFGMK7C",
        "user_profile": {
            "avatar_hash": "0e82c2c0bd34",
            "image_72": "https:\/\/avatars.slack-edge.com\/2023-04-25\/5161183917605_0e82c2c0bd34f978f1fd_72.jpg",
            "first_name": "Ohno",
            "real_name": "Ohno Hiroto",
            "display_name": "Ohno Hiroto",
            "team": "T04TGFGMK7C",
            "name": "a2206ho",
            "is_restricted": false,
            "is_ultra_restricted": false
        },
        "thread_ts": "1699056028.331459",
        "parent_user_id": "USLACKBOT"
    }
]