[
    {
        "client_msg_id": "6a3531dc-e50e-43f7-8011-890fe7a77f50",
        "type": "message",
        "text": "昨日のまとめと0件表示などのタスク",
        "user": "U04TV4NASPK",
        "ts": "1698835680.444239",
        "blocks": [
            {
                "type": "rich_text",
                "block_id": "q2sQL",
                "elements": [
                    {
                        "type": "rich_text_section",
                        "elements": [
                            {
                                "type": "text",
                                "text": "昨日のまとめと0件表示などのタスク"
                            }
                        ]
                    }
                ]
            }
        ],
        "team": "T04TGFGMK7C",
        "user_team": "T04TGFGMK7C",
        "source_team": "T04TGFGMK7C",
        "user_profile": {
            "avatar_hash": "342942264635",
            "image_72": "https:\/\/avatars.slack-edge.com\/2023-03-11\/4927985433382_34294226463524804a2d_72.jpg",
            "first_name": "Nakayama",
            "real_name": "Nakayama Kenta",
            "display_name": "Nakayama",
            "team": "T04TGFGMK7C",
            "name": "a2231kn",
            "is_restricted": false,
            "is_ultra_restricted": false
        },
        "thread_ts": "1698796810.436139",
        "parent_user_id": "USLACKBOT"
    },
    {
        "bot_id": "B01",
        "type": "message",
        "text": "リマインダー : 今週のスプリントゴールは「ログインログアウトのリリース」「所持品リストの編集削除」です。今日やることを記載してください。",
        "user": "USLACKBOT",
        "ts": "1698883215.773629",
        "blocks": [
            {
                "type": "rich_text",
                "block_id": "daP6",
                "elements": [
                    {
                        "type": "rich_text_section",
                        "elements": [
                            {
                                "type": "text",
                                "text": "リマインダー : 今週のスプリントゴールは「ログインログアウトのリリース」「所持品リストの編集削除」です。今日やることを記載してください。"
                            }
                        ]
                    }
                ]
            }
        ],
        "team": "T04TGFGMK7C",
        "thread_ts": "1698883215.773629",
        "reply_count": 2,
        "reply_users_count": 1,
        "latest_reply": "1698883449.156509",
        "reply_users": [
            "U04TV4NASPK"
        ],
        "replies": [
            {
                "user": "U04TV4NASPK",
                "ts": "1698883369.707689"
            },
            {
                "user": "U04TV4NASPK",
                "ts": "1698883449.156509"
            }
        ],
        "is_locked": false,
        "subscribed": false
    },
    {
        "client_msg_id": "84bc492f-b71e-4b76-8ed6-5b1b7bbd179c",
        "type": "message",
        "text": "閉包テーブルのマイグレーション作成、0件表示の内容実装",
        "user": "U04TV4NASPK",
        "ts": "1698883369.707689",
        "blocks": [
            {
                "type": "rich_text",
                "block_id": "\/MzT1",
                "elements": [
                    {
                        "type": "rich_text_section",
                        "elements": [
                            {
                                "type": "text",
                                "text": "閉包テーブルのマイグレーション作成、0件表示の内容実装"
                            }
                        ]
                    }
                ]
            }
        ],
        "team": "T04TGFGMK7C",
        "user_team": "T04TGFGMK7C",
        "source_team": "T04TGFGMK7C",
        "user_profile": {
            "avatar_hash": "342942264635",
            "image_72": "https:\/\/avatars.slack-edge.com\/2023-03-11\/4927985433382_34294226463524804a2d_72.jpg",
            "first_name": "Nakayama",
            "real_name": "Nakayama Kenta",
            "display_name": "Nakayama",
            "team": "T04TGFGMK7C",
            "name": "a2231kn",
            "is_restricted": false,
            "is_ultra_restricted": false
        },
        "thread_ts": "1698883215.773629",
        "parent_user_id": "USLACKBOT"
    },
    {
        "client_msg_id": "d1b1f54a-9d9e-4ef1-b45a-01eb6ce288de",
        "type": "message",
        "text": "飲み会なんで夜出来たらやるぐらい。",
        "user": "U04TV4NASPK",
        "ts": "1698883449.156509",
        "blocks": [
            {
                "type": "rich_text",
                "block_id": "cAISU",
                "elements": [
                    {
                        "type": "rich_text_section",
                        "elements": [
                            {
                                "type": "text",
                                "text": "飲み会なんで夜出来たらやるぐらい。"
                            }
                        ]
                    }
                ]
            }
        ],
        "team": "T04TGFGMK7C",
        "user_team": "T04TGFGMK7C",
        "source_team": "T04TGFGMK7C",
        "user_profile": {
            "avatar_hash": "342942264635",
            "image_72": "https:\/\/avatars.slack-edge.com\/2023-03-11\/4927985433382_34294226463524804a2d_72.jpg",
            "first_name": "Nakayama",
            "real_name": "Nakayama Kenta",
            "display_name": "Nakayama",
            "team": "T04TGFGMK7C",
            "name": "a2231kn",
            "is_restricted": false,
            "is_ultra_restricted": false
        },
        "thread_ts": "1698883215.773629",
        "parent_user_id": "USLACKBOT"
    },
    {
        "client_msg_id": "E890FC39-5EB1-46C3-85AE-953B31F164DB",
        "type": "message",
        "text": "モーダルのレスポンシブ対応のレビュー指摘",
        "user": "U04U66DNCRE",
        "ts": "1698888602.422989",
        "blocks": [
            {
                "type": "rich_text",
                "block_id": "o\/ubh",
                "elements": [
                    {
                        "type": "rich_text_section",
                        "elements": [
                            {
                                "type": "text",
                                "text": "モーダルのレスポンシブ対応のレビュー指摘"
                            }
                        ]
                    }
                ]
            }
        ],
        "team": "T04TGFGMK7C",
        "user_team": "T04TGFGMK7C",
        "source_team": "T04TGFGMK7C",
        "user_profile": {
            "avatar_hash": "0e82c2c0bd34",
            "image_72": "https:\/\/avatars.slack-edge.com\/2023-04-25\/5161183917605_0e82c2c0bd34f978f1fd_72.jpg",
            "first_name": "Ohno",
            "real_name": "Ohno Hiroto",
            "display_name": "Ohno Hiroto",
            "team": "T04TGFGMK7C",
            "name": "a2206ho",
            "is_restricted": false,
            "is_ultra_restricted": false
        },
        "thread_ts": "1698796810.436139",
        "parent_user_id": "USLACKBOT"
    }
]