[
    {
        "client_msg_id": "fc70b6c9-52b2-4d26-ba4c-b1402e81143d",
        "type": "message",
        "text": "モーダル部分のhtml見るにはどうしたら良いんや。。",
        "user": "U04U66DNCRE",
        "ts": "1698417010.786299",
        "blocks": [
            {
                "type": "rich_text",
                "block_id": "cK8Jq",
                "elements": [
                    {
                        "type": "rich_text_section",
                        "elements": [
                            {
                                "type": "text",
                                "text": "モーダル部分のhtml見るにはどうしたら良いんや。。"
                            }
                        ]
                    }
                ]
            }
        ],
        "team": "T04TGFGMK7C",
        "user_team": "T04TGFGMK7C",
        "source_team": "T04TGFGMK7C",
        "user_profile": {
            "avatar_hash": "0e82c2c0bd34",
            "image_72": "https:\/\/avatars.slack-edge.com\/2023-04-25\/5161183917605_0e82c2c0bd34f978f1fd_72.jpg",
            "first_name": "Ohno",
            "real_name": "Ohno Hiroto",
            "display_name": "Ohno Hiroto",
            "team": "T04TGFGMK7C",
            "name": "a2206ho",
            "is_restricted": false,
            "is_ultra_restricted": false
        },
        "thread_ts": "1698417010.786299",
        "reply_count": 5,
        "reply_users_count": 2,
        "latest_reply": "1698417552.532939",
        "reply_users": [
            "U04TV4NASPK",
            "U04U66DNCRE"
        ],
        "replies": [
            {
                "user": "U04TV4NASPK",
                "ts": "1698417079.726019"
            },
            {
                "user": "U04U66DNCRE",
                "ts": "1698417119.862819"
            },
            {
                "user": "U04TV4NASPK",
                "ts": "1698417178.417949"
            },
            {
                "user": "U04U66DNCRE",
                "ts": "1698417194.737489"
            },
            {
                "user": "U04TV4NASPK",
                "ts": "1698417552.532939"
            }
        ],
        "is_locked": false,
        "subscribed": false
    },
    {
        "client_msg_id": "44f4ba2f-fb95-46db-ac1c-d6c6a6b3d629",
        "type": "message",
        "text": "hudlleするか",
        "user": "U04TV4NASPK",
        "ts": "1698417079.726019",
        "blocks": [
            {
                "type": "rich_text",
                "block_id": "GNWKh",
                "elements": [
                    {
                        "type": "rich_text_section",
                        "elements": [
                            {
                                "type": "text",
                                "text": "hudlleするか"
                            }
                        ]
                    }
                ]
            }
        ],
        "team": "T04TGFGMK7C",
        "user_team": "T04TGFGMK7C",
        "source_team": "T04TGFGMK7C",
        "user_profile": {
            "avatar_hash": "342942264635",
            "image_72": "https:\/\/avatars.slack-edge.com\/2023-03-11\/4927985433382_34294226463524804a2d_72.jpg",
            "first_name": "Nakayama",
            "real_name": "Nakayama Kenta",
            "display_name": "Nakayama",
            "team": "T04TGFGMK7C",
            "name": "a2231kn",
            "is_restricted": false,
            "is_ultra_restricted": false
        },
        "thread_ts": "1698417010.786299",
        "parent_user_id": "U04U66DNCRE"
    },
    {
        "client_msg_id": "3b3459db-9242-4ad2-9e90-86b14bde61c6",
        "type": "message",
        "text": "中山さんHPほぼ0じゃないですか。。？大丈夫ですか？",
        "user": "U04U66DNCRE",
        "ts": "1698417119.862819",
        "blocks": [
            {
                "type": "rich_text",
                "block_id": "lcFhg",
                "elements": [
                    {
                        "type": "rich_text_section",
                        "elements": [
                            {
                                "type": "text",
                                "text": "中山さんHPほぼ0じゃないですか。。？大丈夫ですか？"
                            }
                        ]
                    }
                ]
            }
        ],
        "team": "T04TGFGMK7C",
        "user_team": "T04TGFGMK7C",
        "source_team": "T04TGFGMK7C",
        "user_profile": {
            "avatar_hash": "0e82c2c0bd34",
            "image_72": "https:\/\/avatars.slack-edge.com\/2023-04-25\/5161183917605_0e82c2c0bd34f978f1fd_72.jpg",
            "first_name": "Ohno",
            "real_name": "Ohno Hiroto",
            "display_name": "Ohno Hiroto",
            "team": "T04TGFGMK7C",
            "name": "a2206ho",
            "is_restricted": false,
            "is_ultra_restricted": false
        },
        "thread_ts": "1698417010.786299",
        "parent_user_id": "U04U66DNCRE"
    },
    {
        "client_msg_id": "59e6469f-98ae-44d8-be64-539ae62505f8",
        "type": "message",
        "text": "5minお待ちを",
        "user": "U04TV4NASPK",
        "ts": "1698417178.417949",
        "blocks": [
            {
                "type": "rich_text",
                "block_id": "O\/SUH",
                "elements": [
                    {
                        "type": "rich_text_section",
                        "elements": [
                            {
                                "type": "text",
                                "text": "5minお待ちを"
                            }
                        ]
                    }
                ]
            }
        ],
        "team": "T04TGFGMK7C",
        "user_team": "T04TGFGMK7C",
        "source_team": "T04TGFGMK7C",
        "user_profile": {
            "avatar_hash": "342942264635",
            "image_72": "https:\/\/avatars.slack-edge.com\/2023-03-11\/4927985433382_34294226463524804a2d_72.jpg",
            "first_name": "Nakayama",
            "real_name": "Nakayama Kenta",
            "display_name": "Nakayama",
            "team": "T04TGFGMK7C",
            "name": "a2231kn",
            "is_restricted": false,
            "is_ultra_restricted": false
        },
        "thread_ts": "1698417010.786299",
        "parent_user_id": "U04U66DNCRE"
    },
    {
        "client_msg_id": "c35221e7-03c5-42a8-91fd-73d39657fb36",
        "type": "message",
        "text": "Yessir",
        "user": "U04U66DNCRE",
        "ts": "1698417194.737489",
        "blocks": [
            {
                "type": "rich_text",
                "block_id": "gyiG8",
                "elements": [
                    {
                        "type": "rich_text_section",
                        "elements": [
                            {
                                "type": "text",
                                "text": "Yessir"
                            }
                        ]
                    }
                ]
            }
        ],
        "team": "T04TGFGMK7C",
        "user_team": "T04TGFGMK7C",
        "source_team": "T04TGFGMK7C",
        "user_profile": {
            "avatar_hash": "0e82c2c0bd34",
            "image_72": "https:\/\/avatars.slack-edge.com\/2023-04-25\/5161183917605_0e82c2c0bd34f978f1fd_72.jpg",
            "first_name": "Ohno",
            "real_name": "Ohno Hiroto",
            "display_name": "Ohno Hiroto",
            "team": "T04TGFGMK7C",
            "name": "a2206ho",
            "is_restricted": false,
            "is_ultra_restricted": false
        },
        "thread_ts": "1698417010.786299",
        "parent_user_id": "U04U66DNCRE"
    },
    {
        "client_msg_id": "cadcc92c-4286-44bb-82c8-96d5efb43135",
        "type": "message",
        "text": "入った",
        "user": "U04TV4NASPK",
        "ts": "1698417552.532939",
        "blocks": [
            {
                "type": "rich_text",
                "block_id": "GyJsN",
                "elements": [
                    {
                        "type": "rich_text_section",
                        "elements": [
                            {
                                "type": "text",
                                "text": "入った"
                            }
                        ]
                    }
                ]
            }
        ],
        "team": "T04TGFGMK7C",
        "user_team": "T04TGFGMK7C",
        "source_team": "T04TGFGMK7C",
        "user_profile": {
            "avatar_hash": "342942264635",
            "image_72": "https:\/\/avatars.slack-edge.com\/2023-03-11\/4927985433382_34294226463524804a2d_72.jpg",
            "first_name": "Nakayama",
            "real_name": "Nakayama Kenta",
            "display_name": "Nakayama",
            "team": "T04TGFGMK7C",
            "name": "a2231kn",
            "is_restricted": false,
            "is_ultra_restricted": false
        },
        "thread_ts": "1698417010.786299",
        "parent_user_id": "U04U66DNCRE"
    },
    {
        "client_msg_id": "0D2F19C9-583E-43FB-9F5C-89344E5A9EC9",
        "type": "message",
        "text": "歯の治療が永遠に終わらん",
        "user": "U04U66DNCRE",
        "ts": "1698458747.373939",
        "blocks": [
            {
                "type": "rich_text",
                "block_id": "3Ce4s",
                "elements": [
                    {
                        "type": "rich_text_section",
                        "elements": [
                            {
                                "type": "text",
                                "text": "歯の治療が永遠に終わらん"
                            }
                        ]
                    }
                ]
            }
        ],
        "team": "T04TGFGMK7C",
        "user_team": "T04TGFGMK7C",
        "source_team": "T04TGFGMK7C",
        "user_profile": {
            "avatar_hash": "0e82c2c0bd34",
            "image_72": "https:\/\/avatars.slack-edge.com\/2023-04-25\/5161183917605_0e82c2c0bd34f978f1fd_72.jpg",
            "first_name": "Ohno",
            "real_name": "Ohno Hiroto",
            "display_name": "Ohno Hiroto",
            "team": "T04TGFGMK7C",
            "name": "a2206ho",
            "is_restricted": false,
            "is_ultra_restricted": false
        },
        "reactions": [
            {
                "name": "sob",
                "users": [
                    "U04T201950F"
                ],
                "count": 1
            }
        ]
    }
]