[
    {
        "client_msg_id": "1fbbf6be-c82f-4724-a408-9b00ad560888",
        "type": "message",
        "text": "中山さんの画面上で高速に移動する羊が気になってしまう",
        "user": "U04U66DNCRE",
        "ts": "1698141913.891839",
        "blocks": [
            {
                "type": "rich_text",
                "block_id": "lK9rH",
                "elements": [
                    {
                        "type": "rich_text_section",
                        "elements": [
                            {
                                "type": "text",
                                "text": "中山さんの画面上で高速に移動する羊が気になってしまう"
                            }
                        ]
                    }
                ]
            }
        ],
        "team": "T04TGFGMK7C",
        "user_team": "T04TGFGMK7C",
        "source_team": "T04TGFGMK7C",
        "user_profile": {
            "avatar_hash": "0e82c2c0bd34",
            "image_72": "https:\/\/avatars.slack-edge.com\/2023-04-25\/5161183917605_0e82c2c0bd34f978f1fd_72.jpg",
            "first_name": "Ohno",
            "real_name": "Ohno Hiroto",
            "display_name": "Ohno Hiroto",
            "team": "T04TGFGMK7C",
            "name": "a2206ho",
            "is_restricted": false,
            "is_ultra_restricted": false
        },
        "thread_ts": "1698141913.891839",
        "reply_count": 2,
        "reply_users_count": 2,
        "latest_reply": "1698231694.035419",
        "reply_users": [
            "U04T201950F",
            "U04U66DNCRE"
        ],
        "replies": [
            {
                "user": "U04T201950F",
                "ts": "1698192887.587179"
            },
            {
                "user": "U04U66DNCRE",
                "ts": "1698231694.035419"
            }
        ],
        "is_locked": false,
        "subscribed": false,
        "reactions": [
            {
                "name": "wakarimi",
                "users": [
                    "U04T201950F"
                ],
                "count": 1
            }
        ]
    },
    {
        "type": "message",
        "text": "たまにチーターや腹筋人間になるから見てて飽きない\nちなみに私は猫一択",
        "files": [
            {
                "id": "F062QHNBQF6",
                "created": 1698192882,
                "timestamp": 1698192882,
                "name": "Screen Shot 2023-10-25 at 9.13.50.png",
                "title": "Screen Shot 2023-10-25 at 9.13.50.png",
                "mimetype": "image\/png",
                "filetype": "png",
                "pretty_type": "PNG",
                "user": "U04T201950F",
                "user_team": "T04TGFGMK7C",
                "editable": false,
                "size": 33909,
                "mode": "hosted",
                "is_external": false,
                "external_type": "",
                "is_public": true,
                "public_url_shared": false,
                "display_as_bot": false,
                "username": "",
                "url_private": "https:\/\/files.slack.com\/files-pri\/T04TGFGMK7C-F062QHNBQF6\/screen_shot_2023-10-25_at_9.13.50.png?t=xoxe-4934526733250-6371883538245-6387447778801-5039a585954037f5d95452e64be2e165",
                "url_private_download": "https:\/\/files.slack.com\/files-pri\/T04TGFGMK7C-F062QHNBQF6\/download\/screen_shot_2023-10-25_at_9.13.50.png?t=xoxe-4934526733250-6371883538245-6387447778801-5039a585954037f5d95452e64be2e165",
                "media_display_type": "unknown",
                "thumb_64": "https:\/\/files.slack.com\/files-tmb\/T04TGFGMK7C-F062QHNBQF6-5d00da0140\/screen_shot_2023-10-25_at_9.13.50_64.png?t=xoxe-4934526733250-6371883538245-6387447778801-5039a585954037f5d95452e64be2e165",
                "thumb_80": "https:\/\/files.slack.com\/files-tmb\/T04TGFGMK7C-F062QHNBQF6-5d00da0140\/screen_shot_2023-10-25_at_9.13.50_80.png?t=xoxe-4934526733250-6371883538245-6387447778801-5039a585954037f5d95452e64be2e165",
                "thumb_360": "https:\/\/files.slack.com\/files-tmb\/T04TGFGMK7C-F062QHNBQF6-5d00da0140\/screen_shot_2023-10-25_at_9.13.50_360.png?t=xoxe-4934526733250-6371883538245-6387447778801-5039a585954037f5d95452e64be2e165",
                "thumb_360_w": 360,
                "thumb_360_h": 25,
                "thumb_480": "https:\/\/files.slack.com\/files-tmb\/T04TGFGMK7C-F062QHNBQF6-5d00da0140\/screen_shot_2023-10-25_at_9.13.50_480.png?t=xoxe-4934526733250-6371883538245-6387447778801-5039a585954037f5d95452e64be2e165",
                "thumb_480_w": 480,
                "thumb_480_h": 33,
                "thumb_160": "https:\/\/files.slack.com\/files-tmb\/T04TGFGMK7C-F062QHNBQF6-5d00da0140\/screen_shot_2023-10-25_at_9.13.50_160.png?t=xoxe-4934526733250-6371883538245-6387447778801-5039a585954037f5d95452e64be2e165",
                "original_w": 638,
                "original_h": 44,
                "thumb_tiny": "AwADADC04yy8n8DS\/wAT\/Sh\/vLR\/E\/0qkMZF\/qV69akxyaji\/wBSv1qWkMTtTMfvicnp60\/tTf8AlqfpQB\/\/2Q==",
                "permalink": "https:\/\/chubachi-pt-2023.slack.com\/files\/U04T201950F\/F062QHNBQF6\/screen_shot_2023-10-25_at_9.13.50.png",
                "permalink_public": "https:\/\/slack-files.com\/T04TGFGMK7C-F062QHNBQF6-cf5ebed8ae",
                "is_starred": false,
                "has_rich_preview": false,
                "file_access": "visible"
            }
        ],
        "upload": false,
        "user": "U04T201950F",
        "display_as_bot": false,
        "ts": "1698192887.587179",
        "blocks": [
            {
                "type": "rich_text",
                "block_id": "oAnyt",
                "elements": [
                    {
                        "type": "rich_text_section",
                        "elements": [
                            {
                                "type": "text",
                                "text": "たまにチーターや腹筋人間になるから見てて飽きない\nちなみに私は猫一択"
                            }
                        ]
                    }
                ]
            }
        ],
        "client_msg_id": "186221e2-5d78-43ea-84e6-ce678d48544e",
        "thread_ts": "1698141913.891839",
        "parent_user_id": "U04U66DNCRE"
    }
]