[
    {
        "client_msg_id": "a0266c32-26fe-4e58-91e2-4bbb31e7e255",
        "type": "message",
        "text": "新しく買った仕事デスク用のモニタ買ってこよう",
        "user": "U04U66DNCRE",
        "ts": "1698574958.807459",
        "blocks": [
            {
                "type": "rich_text",
                "block_id": "ppMPw",
                "elements": [
                    {
                        "type": "rich_text_section",
                        "elements": [
                            {
                                "type": "text",
                                "text": "新しく買った仕事デスク用のモニタ買ってこよう"
                            }
                        ]
                    }
                ]
            }
        ],
        "team": "T04TGFGMK7C",
        "user_team": "T04TGFGMK7C",
        "source_team": "T04TGFGMK7C",
        "user_profile": {
            "avatar_hash": "0e82c2c0bd34",
            "image_72": "https:\/\/avatars.slack-edge.com\/2023-04-25\/5161183917605_0e82c2c0bd34f978f1fd_72.jpg",
            "first_name": "Ohno",
            "real_name": "Ohno Hiroto",
            "display_name": "Ohno Hiroto",
            "team": "T04TGFGMK7C",
            "name": "a2206ho",
            "is_restricted": false,
            "is_ultra_restricted": false
        }
    }
]