[
    {
        "client_msg_id": "860ce185-5e99-42cf-a06d-187aae77cb33",
        "type": "message",
        "text": "21時くらいからスタート",
        "user": "U04TV4NASPK",
        "ts": "1698314800.652359",
        "blocks": [
            {
                "type": "rich_text",
                "block_id": "0IPHq",
                "elements": [
                    {
                        "type": "rich_text_section",
                        "elements": [
                            {
                                "type": "text",
                                "text": "21時くらいからスタート"
                            }
                        ]
                    }
                ]
            }
        ],
        "team": "T04TGFGMK7C",
        "user_team": "T04TGFGMK7C",
        "source_team": "T04TGFGMK7C",
        "user_profile": {
            "avatar_hash": "342942264635",
            "image_72": "https:\/\/avatars.slack-edge.com\/2023-03-11\/4927985433382_34294226463524804a2d_72.jpg",
            "first_name": "Nakayama",
            "real_name": "Nakayama Kenta",
            "display_name": "Nakayama",
            "team": "T04TGFGMK7C",
            "name": "a2231kn",
            "is_restricted": false,
            "is_ultra_restricted": false
        },
        "thread_ts": "1698314800.652359",
        "reply_count": 1,
        "reply_users_count": 1,
        "latest_reply": "1698322908.429059",
        "reply_users": [
            "U04TV4NASPK"
        ],
        "replies": [
            {
                "user": "U04TV4NASPK",
                "ts": "1698322908.429059"
            }
        ],
        "is_locked": false,
        "subscribed": false
    },
    {
        "client_msg_id": "d6726ad6-521f-4d5d-82aa-e2d5e9a1894b",
        "type": "message",
        "text": "同じく21時くらいから始めます",
        "user": "U04TDHFKJ85",
        "ts": "1698320148.025299",
        "blocks": [
            {
                "type": "rich_text",
                "block_id": "tceBA",
                "elements": [
                    {
                        "type": "rich_text_section",
                        "elements": [
                            {
                                "type": "text",
                                "text": "同じく21時くらいから始めます"
                            }
                        ]
                    }
                ]
            }
        ],
        "team": "T04TGFGMK7C",
        "user_team": "T04TGFGMK7C",
        "source_team": "T04TGFGMK7C",
        "user_profile": {
            "avatar_hash": "4f9ceaf45fef",
            "image_72": "https:\/\/avatars.slack-edge.com\/2023-04-25\/5158348926726_4f9ceaf45fefba755a9b_72.jpg",
            "first_name": "鈴木真希",
            "real_name": "鈴木真希",
            "display_name": "",
            "team": "T04TGFGMK7C",
            "name": "a2216ms",
            "is_restricted": false,
            "is_ultra_restricted": false
        },
        "thread_ts": "1698320148.025299",
        "reply_count": 1,
        "reply_users_count": 1,
        "latest_reply": "1698328616.270299",
        "reply_users": [
            "U04TDHFKJ85"
        ],
        "replies": [
            {
                "user": "U04TDHFKJ85",
                "ts": "1698328616.270299"
            }
        ],
        "is_locked": false,
        "subscribed": false
    },
    {
        "client_msg_id": "8981e63d-9e91-45c7-bae6-65d5ebde1c47",
        "type": "message",
        "text": "21:30から開始します",
        "user": "U04U66DNCRE",
        "ts": "1698322311.910989",
        "blocks": [
            {
                "type": "rich_text",
                "block_id": "pLUxy",
                "elements": [
                    {
                        "type": "rich_text_section",
                        "elements": [
                            {
                                "type": "text",
                                "text": "21:30から開始します"
                            }
                        ]
                    }
                ]
            }
        ],
        "team": "T04TGFGMK7C",
        "user_team": "T04TGFGMK7C",
        "source_team": "T04TGFGMK7C",
        "user_profile": {
            "avatar_hash": "0e82c2c0bd34",
            "image_72": "https:\/\/avatars.slack-edge.com\/2023-04-25\/5161183917605_0e82c2c0bd34f978f1fd_72.jpg",
            "first_name": "Ohno",
            "real_name": "Ohno Hiroto",
            "display_name": "Ohno Hiroto",
            "team": "T04TGFGMK7C",
            "name": "a2206ho",
            "is_restricted": false,
            "is_ultra_restricted": false
        },
        "edited": {
            "user": "U04U66DNCRE",
            "ts": "1698322329.000000"
        }
    },
    {
        "client_msg_id": "df03a359-d196-4f34-8242-75d45100f23c",
        "type": "message",
        "text": "始めます",
        "user": "U04TV4NASPK",
        "ts": "1698322908.429059",
        "blocks": [
            {
                "type": "rich_text",
                "block_id": "HScdz",
                "elements": [
                    {
                        "type": "rich_text_section",
                        "elements": [
                            {
                                "type": "text",
                                "text": "始めます"
                            }
                        ]
                    }
                ]
            }
        ],
        "team": "T04TGFGMK7C",
        "user_team": "T04TGFGMK7C",
        "source_team": "T04TGFGMK7C",
        "user_profile": {
            "avatar_hash": "342942264635",
            "image_72": "https:\/\/avatars.slack-edge.com\/2023-03-11\/4927985433382_34294226463524804a2d_72.jpg",
            "first_name": "Nakayama",
            "real_name": "Nakayama Kenta",
            "display_name": "Nakayama",
            "team": "T04TGFGMK7C",
            "name": "a2231kn",
            "is_restricted": false,
            "is_ultra_restricted": false
        },
        "thread_ts": "1698314800.652359",
        "parent_user_id": "U04TV4NASPK"
    },
    {
        "client_msg_id": "297efa42-574e-41b0-a3f7-a9bef67ab8b5",
        "type": "message",
        "text": "スタート",
        "user": "U04U66DSPEU",
        "ts": "1698326855.642899",
        "blocks": [
            {
                "type": "rich_text",
                "block_id": "exNnS",
                "elements": [
                    {
                        "type": "rich_text_section",
                        "elements": [
                            {
                                "type": "text",
                                "text": "スタート"
                            }
                        ]
                    }
                ]
            }
        ],
        "team": "T04TGFGMK7C",
        "user_team": "T04TGFGMK7C",
        "source_team": "T04TGFGMK7C",
        "user_profile": {
            "avatar_hash": "eded816e5002",
            "image_72": "https:\/\/avatars.slack-edge.com\/2023-04-25\/5164292307843_eded816e5002d89cd475_72.png",
            "first_name": "FABIAN",
            "real_name": "FABIAN M. FERNANDEZ",
            "display_name": "Fernandez",
            "team": "T04TGFGMK7C",
            "name": "a2237mf",
            "is_restricted": false,
            "is_ultra_restricted": false
        },
        "thread_ts": "1698326855.642899",
        "reply_count": 1,
        "reply_users_count": 1,
        "latest_reply": "1698335967.810109",
        "reply_users": [
            "U04U66DSPEU"
        ],
        "replies": [
            {
                "user": "U04U66DSPEU",
                "ts": "1698335967.810109"
            }
        ],
        "is_locked": false,
        "subscribed": false
    },
    {
        "client_msg_id": "c53016bb-bf9c-4016-bdfe-4a55230d9153",
        "type": "message",
        "text": "寝ます:zzz:",
        "user": "U04TDHFKJ85",
        "ts": "1698328616.270299",
        "blocks": [
            {
                "type": "rich_text",
                "block_id": "HCwml",
                "elements": [
                    {
                        "type": "rich_text_section",
                        "elements": [
                            {
                                "type": "text",
                                "text": "寝ます"
                            },
                            {
                                "type": "emoji",
                                "name": "zzz",
                                "unicode": "1f4a4"
                            }
                        ]
                    }
                ]
            }
        ],
        "team": "T04TGFGMK7C",
        "user_team": "T04TGFGMK7C",
        "source_team": "T04TGFGMK7C",
        "user_profile": {
            "avatar_hash": "4f9ceaf45fef",
            "image_72": "https:\/\/avatars.slack-edge.com\/2023-04-25\/5158348926726_4f9ceaf45fefba755a9b_72.jpg",
            "first_name": "鈴木真希",
            "real_name": "鈴木真希",
            "display_name": "",
            "team": "T04TGFGMK7C",
            "name": "a2216ms",
            "is_restricted": false,
            "is_ultra_restricted": false
        },
        "thread_ts": "1698320148.025299",
        "parent_user_id": "U04TDHFKJ85"
    },
    {
        "client_msg_id": "69b0938e-e69b-4455-bbd4-1cf776ab2277",
        "type": "message",
        "text": "Exceptionをいくつか突破できましたが、まだ苦戦中。\n今日はここまで・・・おやすみなさい。",
        "user": "U04U66DSPEU",
        "ts": "1698335967.810109",
        "blocks": [
            {
                "type": "rich_text",
                "block_id": "yV7YJ",
                "elements": [
                    {
                        "type": "rich_text_section",
                        "elements": [
                            {
                                "type": "text",
                                "text": "Exceptionをいくつか突破できましたが、まだ苦戦中。\n今日はここまで・・・おやすみなさい。"
                            }
                        ]
                    }
                ]
            }
        ],
        "team": "T04TGFGMK7C",
        "user_team": "T04TGFGMK7C",
        "source_team": "T04TGFGMK7C",
        "user_profile": {
            "avatar_hash": "eded816e5002",
            "image_72": "https:\/\/avatars.slack-edge.com\/2023-04-25\/5164292307843_eded816e5002d89cd475_72.png",
            "first_name": "FABIAN",
            "real_name": "FABIAN M. FERNANDEZ",
            "display_name": "Fernandez",
            "team": "T04TGFGMK7C",
            "name": "a2237mf",
            "is_restricted": false,
            "is_ultra_restricted": false
        },
        "thread_ts": "1698326855.642899",
        "parent_user_id": "U04U66DSPEU"
    },
    {
        "client_msg_id": "e7e85fda-1009-455a-aed9-1f00c7842a18",
        "type": "message",
        "text": "7時45分くらいからやってます",
        "user": "U04T201950F",
        "ts": "1698362136.103259",
        "blocks": [
            {
                "type": "rich_text",
                "block_id": "0C4Bk",
                "elements": [
                    {
                        "type": "rich_text_section",
                        "elements": [
                            {
                                "type": "text",
                                "text": "7時45分くらいからやってます"
                            }
                        ]
                    }
                ]
            }
        ],
        "team": "T04TGFGMK7C",
        "user_team": "T04TGFGMK7C",
        "source_team": "T04TGFGMK7C",
        "user_profile": {
            "avatar_hash": "37195c285ebd",
            "image_72": "https:\/\/avatars.slack-edge.com\/2023-04-26\/5193192270752_37195c285ebdc8d65709_72.jpg",
            "first_name": "Dai",
            "real_name": "Dai Miyahara",
            "display_name": "Dai Miyahara",
            "team": "T04TGFGMK7C",
            "name": "a2240dm",
            "is_restricted": false,
            "is_ultra_restricted": false
        }
    },
    {
        "client_msg_id": "351d1ceb-e2fe-45d6-91ca-2626a3e0015a",
        "type": "message",
        "text": "終わります",
        "user": "U04T201950F",
        "ts": "1698365499.394469",
        "blocks": [
            {
                "type": "rich_text",
                "block_id": "wYgHK",
                "elements": [
                    {
                        "type": "rich_text_section",
                        "elements": [
                            {
                                "type": "text",
                                "text": "終わります"
                            }
                        ]
                    }
                ]
            }
        ],
        "team": "T04TGFGMK7C",
        "user_team": "T04TGFGMK7C",
        "source_team": "T04TGFGMK7C",
        "user_profile": {
            "avatar_hash": "37195c285ebd",
            "image_72": "https:\/\/avatars.slack-edge.com\/2023-04-26\/5193192270752_37195c285ebdc8d65709_72.jpg",
            "first_name": "Dai",
            "real_name": "Dai Miyahara",
            "display_name": "Dai Miyahara",
            "team": "T04TGFGMK7C",
            "name": "a2240dm",
            "is_restricted": false,
            "is_ultra_restricted": false
        }
    }
]