[
    {
        "client_msg_id": "9cf3d6a8-08ef-4225-8d93-7375657b326b",
        "type": "message",
        "text": "作業スタートしますー",
        "user": "U04U66DSPEU",
        "ts": "1698655264.547769",
        "blocks": [
            {
                "type": "rich_text",
                "block_id": "O12R7",
                "elements": [
                    {
                        "type": "rich_text_section",
                        "elements": [
                            {
                                "type": "text",
                                "text": "作業スタートしますー"
                            }
                        ]
                    }
                ]
            }
        ],
        "team": "T04TGFGMK7C",
        "user_team": "T04TGFGMK7C",
        "source_team": "T04TGFGMK7C",
        "user_profile": {
            "avatar_hash": "eded816e5002",
            "image_72": "https:\/\/avatars.slack-edge.com\/2023-04-25\/5164292307843_eded816e5002d89cd475_72.png",
            "first_name": "FABIAN",
            "real_name": "FABIAN M. FERNANDEZ",
            "display_name": "Fernandez",
            "team": "T04TGFGMK7C",
            "name": "a2237mf",
            "is_restricted": false,
            "is_ultra_restricted": false
        }
    },
    {
        "client_msg_id": "708ccfe5-03c2-4eb8-b4cd-55b9fc0247c5",
        "type": "message",
        "text": "21時過ぎからスタートします。",
        "user": "U04TV4NASPK",
        "ts": "1698664980.898659",
        "blocks": [
            {
                "type": "rich_text",
                "block_id": "jkDhM",
                "elements": [
                    {
                        "type": "rich_text_section",
                        "elements": [
                            {
                                "type": "text",
                                "text": "21時過ぎからスタートします。"
                            }
                        ]
                    }
                ]
            }
        ],
        "team": "T04TGFGMK7C",
        "user_team": "T04TGFGMK7C",
        "source_team": "T04TGFGMK7C",
        "user_profile": {
            "avatar_hash": "342942264635",
            "image_72": "https:\/\/avatars.slack-edge.com\/2023-03-11\/4927985433382_34294226463524804a2d_72.jpg",
            "first_name": "Nakayama",
            "real_name": "Nakayama Kenta",
            "display_name": "Nakayama",
            "team": "T04TGFGMK7C",
            "name": "a2231kn",
            "is_restricted": false,
            "is_ultra_restricted": false
        }
    },
    {
        "client_msg_id": "71A9F023-41AB-495C-9585-8A6CFDC9085B",
        "type": "message",
        "text": "22時ちょいからやります",
        "user": "U04U66DNCRE",
        "ts": "1698670537.232589",
        "blocks": [
            {
                "type": "rich_text",
                "block_id": "DpElo",
                "elements": [
                    {
                        "type": "rich_text_section",
                        "elements": [
                            {
                                "type": "text",
                                "text": "22時ちょいからやります"
                            }
                        ]
                    }
                ]
            }
        ],
        "team": "T04TGFGMK7C",
        "user_team": "T04TGFGMK7C",
        "source_team": "T04TGFGMK7C",
        "user_profile": {
            "avatar_hash": "0e82c2c0bd34",
            "image_72": "https:\/\/avatars.slack-edge.com\/2023-04-25\/5161183917605_0e82c2c0bd34f978f1fd_72.jpg",
            "first_name": "Ohno",
            "real_name": "Ohno Hiroto",
            "display_name": "Ohno Hiroto",
            "team": "T04TGFGMK7C",
            "name": "a2206ho",
            "is_restricted": false,
            "is_ultra_restricted": false
        },
        "thread_ts": "1698670537.232589",
        "reply_count": 1,
        "reply_users_count": 1,
        "latest_reply": "1698681859.656759",
        "reply_users": [
            "U04U66DNCRE"
        ],
        "replies": [
            {
                "user": "U04U66DNCRE",
                "ts": "1698681859.656759"
            }
        ],
        "is_locked": false,
        "subscribed": false
    }
]