[
    {
        "client_msg_id": "b41c2c6a-f5cb-4dae-b04a-ec1432359f23",
        "type": "message",
        "text": "作業を開始します",
        "user": "U04U66DSPEU",
        "ts": "1698493735.769329",
        "blocks": [
            {
                "type": "rich_text",
                "block_id": "Mg3U7",
                "elements": [
                    {
                        "type": "rich_text_section",
                        "elements": [
                            {
                                "type": "text",
                                "text": "作業を開始します"
                            }
                        ]
                    }
                ]
            }
        ],
        "team": "T04TGFGMK7C",
        "user_team": "T04TGFGMK7C",
        "source_team": "T04TGFGMK7C",
        "user_profile": {
            "avatar_hash": "eded816e5002",
            "image_72": "https:\/\/avatars.slack-edge.com\/2023-04-25\/5164292307843_eded816e5002d89cd475_72.png",
            "first_name": "FABIAN",
            "real_name": "FABIAN M. FERNANDEZ",
            "display_name": "Fernandez",
            "team": "T04TGFGMK7C",
            "name": "a2237mf",
            "is_restricted": false,
            "is_ultra_restricted": false
        },
        "thread_ts": "1698493735.769329",
        "reply_count": 1,
        "reply_users_count": 1,
        "latest_reply": "1698517400.046399",
        "reply_users": [
            "U04U66DSPEU"
        ],
        "replies": [
            {
                "user": "U04U66DSPEU",
                "ts": "1698517400.046399"
            }
        ],
        "is_locked": false,
        "subscribed": false
    },
    {
        "client_msg_id": "5ee7ff63-ec72-4c44-ab60-cc66aa22deea",
        "type": "message",
        "text": "夜から作業してますが、もうそろそろねます:zzz:",
        "user": "U04TDHFKJ85",
        "ts": "1698500930.956149",
        "blocks": [
            {
                "type": "rich_text",
                "block_id": "+f9AV",
                "elements": [
                    {
                        "type": "rich_text_section",
                        "elements": [
                            {
                                "type": "text",
                                "text": "夜から作業してますが、もうそろそろねます"
                            },
                            {
                                "type": "emoji",
                                "name": "zzz",
                                "unicode": "1f4a4"
                            }
                        ]
                    }
                ]
            }
        ],
        "team": "T04TGFGMK7C",
        "user_team": "T04TGFGMK7C",
        "source_team": "T04TGFGMK7C",
        "user_profile": {
            "avatar_hash": "4f9ceaf45fef",
            "image_72": "https:\/\/avatars.slack-edge.com\/2023-04-25\/5158348926726_4f9ceaf45fefba755a9b_72.jpg",
            "first_name": "鈴木真希",
            "real_name": "鈴木真希",
            "display_name": "",
            "team": "T04TGFGMK7C",
            "name": "a2216ms",
            "is_restricted": false,
            "is_ultra_restricted": false
        },
        "edited": {
            "user": "U04TDHFKJ85",
            "ts": "1698500945.000000"
        }
    },
    {
        "client_msg_id": "b5e1f96e-a9dd-49bf-8ad3-4cc084dbefeb",
        "type": "message",
        "text": "ログアウトPRまでいけましたー\nおやすみなさいー",
        "user": "U04U66DSPEU",
        "ts": "1698517400.046399",
        "blocks": [
            {
                "type": "rich_text",
                "block_id": "GBA1B",
                "elements": [
                    {
                        "type": "rich_text_section",
                        "elements": [
                            {
                                "type": "text",
                                "text": "ログアウトPRまでいけましたー\nおやすみなさいー"
                            }
                        ]
                    }
                ]
            }
        ],
        "team": "T04TGFGMK7C",
        "user_team": "T04TGFGMK7C",
        "source_team": "T04TGFGMK7C",
        "user_profile": {
            "avatar_hash": "eded816e5002",
            "image_72": "https:\/\/avatars.slack-edge.com\/2023-04-25\/5164292307843_eded816e5002d89cd475_72.png",
            "first_name": "FABIAN",
            "real_name": "FABIAN M. FERNANDEZ",
            "display_name": "Fernandez",
            "team": "T04TGFGMK7C",
            "name": "a2237mf",
            "is_restricted": false,
            "is_ultra_restricted": false
        },
        "thread_ts": "1698493735.769329",
        "parent_user_id": "U04U66DSPEU"
    },
    {
        "client_msg_id": "2559235d-8a1c-46d2-8125-d48c21e171a4",
        "type": "message",
        "text": "ちょいやります",
        "user": "U04U66DNCRE",
        "ts": "1698537407.739179",
        "blocks": [
            {
                "type": "rich_text",
                "block_id": "o+Xw\/",
                "elements": [
                    {
                        "type": "rich_text_section",
                        "elements": [
                            {
                                "type": "text",
                                "text": "ちょいやります"
                            }
                        ]
                    }
                ]
            }
        ],
        "team": "T04TGFGMK7C",
        "user_team": "T04TGFGMK7C",
        "source_team": "T04TGFGMK7C",
        "user_profile": {
            "avatar_hash": "0e82c2c0bd34",
            "image_72": "https:\/\/avatars.slack-edge.com\/2023-04-25\/5161183917605_0e82c2c0bd34f978f1fd_72.jpg",
            "first_name": "Ohno",
            "real_name": "Ohno Hiroto",
            "display_name": "Ohno Hiroto",
            "team": "T04TGFGMK7C",
            "name": "a2206ho",
            "is_restricted": false,
            "is_ultra_restricted": false
        },
        "thread_ts": "1698537407.739179",
        "reply_count": 1,
        "reply_users_count": 1,
        "latest_reply": "1698565023.877649",
        "reply_users": [
            "U04U66DSPEU"
        ],
        "replies": [
            {
                "user": "U04U66DSPEU",
                "ts": "1698565023.877649"
            }
        ],
        "is_locked": false,
        "subscribed": false
    },
    {
        "client_msg_id": "5a8f5158-364a-4ab4-8f6e-1bad9e0bb307",
        "type": "message",
        "text": "14時からやります",
        "user": "U04TV4NASPK",
        "ts": "1698554197.424989",
        "blocks": [
            {
                "type": "rich_text",
                "block_id": "djKMA",
                "elements": [
                    {
                        "type": "rich_text_section",
                        "elements": [
                            {
                                "type": "text",
                                "text": "14時からやります"
                            }
                        ]
                    }
                ]
            }
        ],
        "team": "T04TGFGMK7C",
        "user_team": "T04TGFGMK7C",
        "source_team": "T04TGFGMK7C",
        "user_profile": {
            "avatar_hash": "342942264635",
            "image_72": "https:\/\/avatars.slack-edge.com\/2023-03-11\/4927985433382_34294226463524804a2d_72.jpg",
            "first_name": "Nakayama",
            "real_name": "Nakayama Kenta",
            "display_name": "Nakayama",
            "team": "T04TGFGMK7C",
            "name": "a2231kn",
            "is_restricted": false,
            "is_ultra_restricted": false
        },
        "thread_ts": "1698554197.424989",
        "reply_count": 1,
        "reply_users_count": 1,
        "latest_reply": "1698568278.530779",
        "reply_users": [
            "U04TV4NASPK"
        ],
        "replies": [
            {
                "user": "U04TV4NASPK",
                "ts": "1698568278.530779"
            }
        ],
        "is_locked": false,
        "subscribed": false
    }
]