[
    {
        "client_msg_id": "c84bd4cd-d3e0-453e-b8fe-d5d8a2e40e66",
        "type": "message",
        "text": "19:30くらいから資料見たりしたいと思っています",
        "user": "U04T9TDB58W",
        "ts": "1698401273.916279",
        "blocks": [
            {
                "type": "rich_text",
                "block_id": "PRD\/p",
                "elements": [
                    {
                        "type": "rich_text_section",
                        "elements": [
                            {
                                "type": "text",
                                "text": "19:30くらいから資料見たりしたいと思っています"
                            }
                        ]
                    }
                ]
            }
        ],
        "team": "T04TGFGMK7C",
        "user_team": "T04TGFGMK7C",
        "source_team": "T04TGFGMK7C",
        "user_profile": {
            "avatar_hash": "183a619e0408",
            "image_72": "https:\/\/avatars.slack-edge.com\/2023-03-11\/4958815898464_183a619e0408c53031fd_72.jpg",
            "first_name": "Hibiki",
            "real_name": "Hibiki Mizuno",
            "display_name": "Jabelic スクラムマスター",
            "team": "T04TGFGMK7C",
            "name": "a2239hm",
            "is_restricted": false,
            "is_ultra_restricted": false
        }
    },
    {
        "client_msg_id": "5b9a55a2-9d54-4897-bdb4-f47075779d18",
        "type": "message",
        "text": "発表前の準備してます",
        "user": "U04T201950F",
        "ts": "1698402286.184709",
        "blocks": [
            {
                "type": "rich_text",
                "block_id": "4aotc",
                "elements": [
                    {
                        "type": "rich_text_section",
                        "elements": [
                            {
                                "type": "text",
                                "text": "発表前の準備してます"
                            }
                        ]
                    }
                ]
            }
        ],
        "team": "T04TGFGMK7C",
        "user_team": "T04TGFGMK7C",
        "source_team": "T04TGFGMK7C",
        "user_profile": {
            "avatar_hash": "37195c285ebd",
            "image_72": "https:\/\/avatars.slack-edge.com\/2023-04-26\/5193192270752_37195c285ebdc8d65709_72.jpg",
            "first_name": "Dai",
            "real_name": "Dai Miyahara",
            "display_name": "Dai Miyahara",
            "team": "T04TGFGMK7C",
            "name": "a2240dm",
            "is_restricted": false,
            "is_ultra_restricted": false
        }
    },
    {
        "client_msg_id": "325b7154-42b9-4b22-9158-209dd06ea56d",
        "type": "message",
        "text": "仕事終わったので資料見ます",
        "user": "U04U66DNCRE",
        "ts": "1698402806.062639",
        "blocks": [
            {
                "type": "rich_text",
                "block_id": "IAmwW",
                "elements": [
                    {
                        "type": "rich_text_section",
                        "elements": [
                            {
                                "type": "text",
                                "text": "仕事終わったので資料見ます"
                            }
                        ]
                    }
                ]
            }
        ],
        "team": "T04TGFGMK7C",
        "user_team": "T04TGFGMK7C",
        "source_team": "T04TGFGMK7C",
        "user_profile": {
            "avatar_hash": "0e82c2c0bd34",
            "image_72": "https:\/\/avatars.slack-edge.com\/2023-04-25\/5161183917605_0e82c2c0bd34f978f1fd_72.jpg",
            "first_name": "Ohno",
            "real_name": "Ohno Hiroto",
            "display_name": "Ohno Hiroto",
            "team": "T04TGFGMK7C",
            "name": "a2206ho",
            "is_restricted": false,
            "is_ultra_restricted": false
        }
    },
    {
        "client_msg_id": "4c440994-c846-460b-837f-0c52d615c806",
        "type": "message",
        "text": "発表準備してます",
        "user": "U04TV4NASPK",
        "ts": "1698403525.222669",
        "blocks": [
            {
                "type": "rich_text",
                "block_id": "AKNho",
                "elements": [
                    {
                        "type": "rich_text_section",
                        "elements": [
                            {
                                "type": "text",
                                "text": "発表準備してます"
                            }
                        ]
                    }
                ]
            }
        ],
        "team": "T04TGFGMK7C",
        "user_team": "T04TGFGMK7C",
        "source_team": "T04TGFGMK7C",
        "user_profile": {
            "avatar_hash": "342942264635",
            "image_72": "https:\/\/avatars.slack-edge.com\/2023-03-11\/4927985433382_34294226463524804a2d_72.jpg",
            "first_name": "Nakayama",
            "real_name": "Nakayama Kenta",
            "display_name": "Nakayama",
            "team": "T04TGFGMK7C",
            "name": "a2231kn",
            "is_restricted": false,
            "is_ultra_restricted": false
        }
    },
    {
        "client_msg_id": "a86e6cf0-e78c-4bf5-952c-9b05b50b907c",
        "type": "message",
        "text": "19:30くらいから資料とサーバの様子みてます",
        "user": "U04TGBZ4XEX",
        "ts": "1698403602.200389",
        "blocks": [
            {
                "type": "rich_text",
                "block_id": "EN6HR",
                "elements": [
                    {
                        "type": "rich_text_section",
                        "elements": [
                            {
                                "type": "text",
                                "text": "19:30くらいから資料とサーバの様子みてます"
                            }
                        ]
                    }
                ]
            }
        ],
        "team": "T04TGFGMK7C",
        "user_team": "T04TGFGMK7C",
        "source_team": "T04TGFGMK7C",
        "user_profile": {
            "avatar_hash": "824241a82bdf",
            "image_72": "https:\/\/avatars.slack-edge.com\/2023-05-03\/5205694948836_824241a82bdf37206daa_72.jpg",
            "first_name": "satoshi.​hirata",
            "real_name": "satoshi.​hirata",
            "display_name": "satoshi.hirata",
            "team": "T04TGFGMK7C",
            "name": "a2236sh",
            "is_restricted": false,
            "is_ultra_restricted": false
        }
    },
    {
        "client_msg_id": "3e1c0a1d-2e4f-4dfa-8ff2-ff61462f812c",
        "type": "message",
        "text": "技術的な質問でたらTLに当てるので心構えしといてください。",
        "user": "U04TV4NASPK",
        "ts": "1698403684.185399",
        "blocks": [
            {
                "type": "rich_text",
                "block_id": "0rOUY",
                "elements": [
                    {
                        "type": "rich_text_section",
                        "elements": [
                            {
                                "type": "text",
                                "text": "技術的な質問でたらTLに当てるので心構えしといてください。"
                            }
                        ]
                    }
                ]
            }
        ],
        "team": "T04TGFGMK7C",
        "user_team": "T04TGFGMK7C",
        "source_team": "T04TGFGMK7C",
        "user_profile": {
            "avatar_hash": "342942264635",
            "image_72": "https:\/\/avatars.slack-edge.com\/2023-03-11\/4927985433382_34294226463524804a2d_72.jpg",
            "first_name": "Nakayama",
            "real_name": "Nakayama Kenta",
            "display_name": "Nakayama",
            "team": "T04TGFGMK7C",
            "name": "a2231kn",
            "is_restricted": false,
            "is_ultra_restricted": false
        },
        "reactions": [
            {
                "name": "woman-gesturing-ok",
                "users": [
                    "U04TGBZ4XEX"
                ],
                "count": 1
            }
        ]
    },
    {
        "client_msg_id": "d3ffdb3e-afe4-48b3-8bbc-d639437ecd22",
        "type": "message",
        "text": "作業19時からやってます",
        "user": "U04U66DSPEU",
        "ts": "1698404130.531919",
        "blocks": [
            {
                "type": "rich_text",
                "block_id": "tKtDf",
                "elements": [
                    {
                        "type": "rich_text_section",
                        "elements": [
                            {
                                "type": "text",
                                "text": "作業19時からやってます"
                            }
                        ]
                    }
                ]
            }
        ],
        "team": "T04TGFGMK7C",
        "user_team": "T04TGFGMK7C",
        "source_team": "T04TGFGMK7C",
        "user_profile": {
            "avatar_hash": "eded816e5002",
            "image_72": "https:\/\/avatars.slack-edge.com\/2023-04-25\/5164292307843_eded816e5002d89cd475_72.png",
            "first_name": "FABIAN",
            "real_name": "FABIAN M. FERNANDEZ",
            "display_name": "Fernandez",
            "team": "T04TGFGMK7C",
            "name": "a2237mf",
            "is_restricted": false,
            "is_ultra_restricted": false
        }
    },
    {
        "client_msg_id": "253f547b-de39-450b-a6c4-39f36fdf389b",
        "type": "message",
        "text": "12時まで作業してます",
        "user": "U04T201950F",
        "ts": "1698458168.434899",
        "blocks": [
            {
                "type": "rich_text",
                "block_id": "3KnhZ",
                "elements": [
                    {
                        "type": "rich_text_section",
                        "elements": [
                            {
                                "type": "text",
                                "text": "12時まで作業してます"
                            }
                        ]
                    }
                ]
            }
        ],
        "team": "T04TGFGMK7C",
        "user_team": "T04TGFGMK7C",
        "source_team": "T04TGFGMK7C",
        "user_profile": {
            "avatar_hash": "37195c285ebd",
            "image_72": "https:\/\/avatars.slack-edge.com\/2023-04-26\/5193192270752_37195c285ebdc8d65709_72.jpg",
            "first_name": "Dai",
            "real_name": "Dai Miyahara",
            "display_name": "Dai Miyahara",
            "team": "T04TGFGMK7C",
            "name": "a2240dm",
            "is_restricted": false,
            "is_ultra_restricted": false
        }
    }
]