[
    {
        "client_msg_id": "cedd008b-2e4b-46c8-a6d7-91c541fa751a",
        "type": "message",
        "text": "作業開始します",
        "user": "U04U66DSPEU",
        "ts": "1698565023.877649",
        "blocks": [
            {
                "type": "rich_text",
                "block_id": "tuZfu",
                "elements": [
                    {
                        "type": "rich_text_section",
                        "elements": [
                            {
                                "type": "text",
                                "text": "作業開始します"
                            }
                        ]
                    }
                ]
            }
        ],
        "team": "T04TGFGMK7C",
        "user_team": "T04TGFGMK7C",
        "source_team": "T04TGFGMK7C",
        "user_profile": {
            "avatar_hash": "eded816e5002",
            "image_72": "https:\/\/avatars.slack-edge.com\/2023-04-25\/5164292307843_eded816e5002d89cd475_72.png",
            "first_name": "FABIAN",
            "real_name": "FABIAN M. FERNANDEZ",
            "display_name": "Fernandez",
            "team": "T04TGFGMK7C",
            "name": "a2237mf",
            "is_restricted": false,
            "is_ultra_restricted": false
        },
        "thread_ts": "1698537407.739179",
        "parent_user_id": "U04U66DNCRE"
    },
    {
        "client_msg_id": "37bf001f-2e08-47ba-92b9-0d7cd3d5dfa8",
        "type": "message",
        "text": "休憩",
        "user": "U04TV4NASPK",
        "ts": "1698568278.530779",
        "blocks": [
            {
                "type": "rich_text",
                "block_id": "BDqno",
                "elements": [
                    {
                        "type": "rich_text_section",
                        "elements": [
                            {
                                "type": "text",
                                "text": "休憩"
                            }
                        ]
                    }
                ]
            }
        ],
        "team": "T04TGFGMK7C",
        "user_team": "T04TGFGMK7C",
        "source_team": "T04TGFGMK7C",
        "user_profile": {
            "avatar_hash": "342942264635",
            "image_72": "https:\/\/avatars.slack-edge.com\/2023-03-11\/4927985433382_34294226463524804a2d_72.jpg",
            "first_name": "Nakayama",
            "real_name": "Nakayama Kenta",
            "display_name": "Nakayama",
            "team": "T04TGFGMK7C",
            "name": "a2231kn",
            "is_restricted": false,
            "is_ultra_restricted": false
        },
        "thread_ts": "1698554197.424989",
        "parent_user_id": "U04TV4NASPK"
    },
    {
        "client_msg_id": "10d0c3c8-183c-4159-b895-f732f58a67c5",
        "type": "message",
        "text": "ぶっ続けでやっていたので休憩します",
        "user": "U04U66DNCRE",
        "ts": "1698574934.648189",
        "blocks": [
            {
                "type": "rich_text",
                "block_id": "bFG0g",
                "elements": [
                    {
                        "type": "rich_text_section",
                        "elements": [
                            {
                                "type": "text",
                                "text": "ぶっ続けでやっていたので休憩します"
                            }
                        ]
                    }
                ]
            }
        ],
        "team": "T04TGFGMK7C",
        "user_team": "T04TGFGMK7C",
        "source_team": "T04TGFGMK7C",
        "user_profile": {
            "avatar_hash": "0e82c2c0bd34",
            "image_72": "https:\/\/avatars.slack-edge.com\/2023-04-25\/5161183917605_0e82c2c0bd34f978f1fd_72.jpg",
            "first_name": "Ohno",
            "real_name": "Ohno Hiroto",
            "display_name": "Ohno Hiroto",
            "team": "T04TGFGMK7C",
            "name": "a2206ho",
            "is_restricted": false,
            "is_ultra_restricted": false
        }
    }
]