[
    {
        "client_msg_id": "5f617a14-cd09-4423-8a12-0ccc20c30445",
        "type": "message",
        "text": "来週のコアミーティング準備とマンスリレビュー準備、飯食ったらやります。",
        "user": "U04TV4NASPK",
        "ts": "1698153709.511229",
        "blocks": [
            {
                "type": "rich_text",
                "block_id": "QXllz",
                "elements": [
                    {
                        "type": "rich_text_section",
                        "elements": [
                            {
                                "type": "text",
                                "text": "来週のコアミーティング準備とマンスリレビュー準備、飯食ったらやります。"
                            }
                        ]
                    }
                ]
            }
        ],
        "team": "T04TGFGMK7C",
        "user_team": "T04TGFGMK7C",
        "source_team": "T04TGFGMK7C",
        "user_profile": {
            "avatar_hash": "342942264635",
            "image_72": "https:\/\/avatars.slack-edge.com\/2023-03-11\/4927985433382_34294226463524804a2d_72.jpg",
            "first_name": "Nakayama",
            "real_name": "Nakayama Kenta",
            "display_name": "Nakayama",
            "team": "T04TGFGMK7C",
            "name": "a2231kn",
            "is_restricted": false,
            "is_ultra_restricted": false
        },
        "thread_ts": "1698153709.511229",
        "reply_count": 1,
        "reply_users_count": 1,
        "latest_reply": "1698163095.629299",
        "reply_users": [
            "U04TV4NASPK"
        ],
        "replies": [
            {
                "user": "U04TV4NASPK",
                "ts": "1698163095.629299"
            }
        ],
        "is_locked": false,
        "subscribed": false
    },
    {
        "client_msg_id": "8c84a7cc-40aa-4384-8d97-b69c135faec5",
        "type": "message",
        "text": "終わります",
        "user": "U04TV4NASPK",
        "ts": "1698163095.629299",
        "blocks": [
            {
                "type": "rich_text",
                "block_id": "jx5cd",
                "elements": [
                    {
                        "type": "rich_text_section",
                        "elements": [
                            {
                                "type": "text",
                                "text": "終わります"
                            }
                        ]
                    }
                ]
            }
        ],
        "team": "T04TGFGMK7C",
        "user_team": "T04TGFGMK7C",
        "source_team": "T04TGFGMK7C",
        "user_profile": {
            "avatar_hash": "342942264635",
            "image_72": "https:\/\/avatars.slack-edge.com\/2023-03-11\/4927985433382_34294226463524804a2d_72.jpg",
            "first_name": "Nakayama",
            "real_name": "Nakayama Kenta",
            "display_name": "Nakayama",
            "team": "T04TGFGMK7C",
            "name": "a2231kn",
            "is_restricted": false,
            "is_ultra_restricted": false
        },
        "thread_ts": "1698153709.511229",
        "parent_user_id": "U04TV4NASPK"
    },
    {
        "client_msg_id": "4850dbda-b90f-48d5-a786-975ad22edc1f",
        "type": "message",
        "text": "マンスリーレビューの準備します。\nたぶん９時までです。",
        "user": "U04T201950F",
        "ts": "1698188460.075529",
        "blocks": [
            {
                "type": "rich_text",
                "block_id": "BpBe4",
                "elements": [
                    {
                        "type": "rich_text_section",
                        "elements": [
                            {
                                "type": "text",
                                "text": "マンスリーレビューの準備します。\nたぶん９時までです。"
                            }
                        ]
                    }
                ]
            }
        ],
        "team": "T04TGFGMK7C",
        "user_team": "T04TGFGMK7C",
        "source_team": "T04TGFGMK7C",
        "user_profile": {
            "avatar_hash": "37195c285ebd",
            "image_72": "https:\/\/avatars.slack-edge.com\/2023-04-26\/5193192270752_37195c285ebdc8d65709_72.jpg",
            "first_name": "Dai",
            "real_name": "Dai Miyahara",
            "display_name": "Dai Miyahara",
            "team": "T04TGFGMK7C",
            "name": "a2240dm",
            "is_restricted": false,
            "is_ultra_restricted": false
        }
    },
    {
        "client_msg_id": "23e514d8-a967-4cd1-b30a-d2752b9c5b6e",
        "type": "message",
        "text": "マンスリーレビューのプロット作成してました（ほぼ完了）\n一旦終わります。",
        "user": "U04T201950F",
        "ts": "1698192986.024179",
        "blocks": [
            {
                "type": "rich_text",
                "block_id": "l5A9\/",
                "elements": [
                    {
                        "type": "rich_text_section",
                        "elements": [
                            {
                                "type": "text",
                                "text": "マンスリーレビューのプロット作成してました（ほぼ完了）\n一旦終わります。"
                            }
                        ]
                    }
                ]
            }
        ],
        "team": "T04TGFGMK7C",
        "user_team": "T04TGFGMK7C",
        "source_team": "T04TGFGMK7C",
        "user_profile": {
            "avatar_hash": "37195c285ebd",
            "image_72": "https:\/\/avatars.slack-edge.com\/2023-04-26\/5193192270752_37195c285ebdc8d65709_72.jpg",
            "first_name": "Dai",
            "real_name": "Dai Miyahara",
            "display_name": "Dai Miyahara",
            "team": "T04TGFGMK7C",
            "name": "a2240dm",
            "is_restricted": false,
            "is_ultra_restricted": false
        }
    }
]