[
    {
        "type": "message",
        "text": "<https:\/\/maquillage.shiseido.co.jp\/>　\n\n全部同じ人？",
        "files": [
            {
                "id": "F061U1NUNK1",
                "created": 1697979046,
                "timestamp": 1697979046,
                "name": "スクリーンショット 2023-10-22 21.50.44.png",
                "title": "スクリーンショット 2023-10-22 21.50.44.png",
                "mimetype": "image\/png",
                "filetype": "png",
                "pretty_type": "PNG",
                "user": "U04T9TDB58W",
                "user_team": "T04TGFGMK7C",
                "editable": false,
                "size": 913751,
                "mode": "hosted",
                "is_external": false,
                "external_type": "",
                "is_public": true,
                "public_url_shared": false,
                "display_as_bot": false,
                "username": "",
                "url_private": "https:\/\/files.slack.com\/files-pri\/T04TGFGMK7C-F061U1NUNK1\/____________________________2023-10-22_21.50.44.png?t=xoxe-4934526733250-6397687879216-6360367946327-fc1a6eed2fc8fac326fea1f2a3ab7c6e",
                "url_private_download": "https:\/\/files.slack.com\/files-pri\/T04TGFGMK7C-F061U1NUNK1\/download\/____________________________2023-10-22_21.50.44.png?t=xoxe-4934526733250-6397687879216-6360367946327-fc1a6eed2fc8fac326fea1f2a3ab7c6e",
                "media_display_type": "unknown",
                "thumb_64": "https:\/\/files.slack.com\/files-tmb\/T04TGFGMK7C-F061U1NUNK1-6d2d9de337\/____________________________2023-10-22_21.50.44_64.png?t=xoxe-4934526733250-6397687879216-6360367946327-fc1a6eed2fc8fac326fea1f2a3ab7c6e",
                "thumb_80": "https:\/\/files.slack.com\/files-tmb\/T04TGFGMK7C-F061U1NUNK1-6d2d9de337\/____________________________2023-10-22_21.50.44_80.png?t=xoxe-4934526733250-6397687879216-6360367946327-fc1a6eed2fc8fac326fea1f2a3ab7c6e",
                "thumb_360": "https:\/\/files.slack.com\/files-tmb\/T04TGFGMK7C-F061U1NUNK1-6d2d9de337\/____________________________2023-10-22_21.50.44_360.png?t=xoxe-4934526733250-6397687879216-6360367946327-fc1a6eed2fc8fac326fea1f2a3ab7c6e",
                "thumb_360_w": 360,
                "thumb_360_h": 147,
                "thumb_480": "https:\/\/files.slack.com\/files-tmb\/T04TGFGMK7C-F061U1NUNK1-6d2d9de337\/____________________________2023-10-22_21.50.44_480.png?t=xoxe-4934526733250-6397687879216-6360367946327-fc1a6eed2fc8fac326fea1f2a3ab7c6e",
                "thumb_480_w": 480,
                "thumb_480_h": 196,
                "thumb_160": "https:\/\/files.slack.com\/files-tmb\/T04TGFGMK7C-F061U1NUNK1-6d2d9de337\/____________________________2023-10-22_21.50.44_160.png?t=xoxe-4934526733250-6397687879216-6360367946327-fc1a6eed2fc8fac326fea1f2a3ab7c6e",
                "thumb_720": "https:\/\/files.slack.com\/files-tmb\/T04TGFGMK7C-F061U1NUNK1-6d2d9de337\/____________________________2023-10-22_21.50.44_720.png?t=xoxe-4934526733250-6397687879216-6360367946327-fc1a6eed2fc8fac326fea1f2a3ab7c6e",
                "thumb_720_w": 720,
                "thumb_720_h": 294,
                "thumb_800": "https:\/\/files.slack.com\/files-tmb\/T04TGFGMK7C-F061U1NUNK1-6d2d9de337\/____________________________2023-10-22_21.50.44_800.png?t=xoxe-4934526733250-6397687879216-6360367946327-fc1a6eed2fc8fac326fea1f2a3ab7c6e",
                "thumb_800_w": 800,
                "thumb_800_h": 327,
                "thumb_960": "https:\/\/files.slack.com\/files-tmb\/T04TGFGMK7C-F061U1NUNK1-6d2d9de337\/____________________________2023-10-22_21.50.44_960.png?t=xoxe-4934526733250-6397687879216-6360367946327-fc1a6eed2fc8fac326fea1f2a3ab7c6e",
                "thumb_960_w": 960,
                "thumb_960_h": 392,
                "thumb_1024": "https:\/\/files.slack.com\/files-tmb\/T04TGFGMK7C-F061U1NUNK1-6d2d9de337\/____________________________2023-10-22_21.50.44_1024.png?t=xoxe-4934526733250-6397687879216-6360367946327-fc1a6eed2fc8fac326fea1f2a3ab7c6e",
                "thumb_1024_w": 1024,
                "thumb_1024_h": 418,
                "original_w": 1072,
                "original_h": 438,
                "thumb_tiny": "AwATADCs8RB3mMBc9MdqeqnI3Iu09MLjmrk6lUk4BXb3qszuLdc46gg1JQ5dsLH5QzMvAKjGfakLykYEa7weu0DAplsRJIxbkgce1TKQHy7AY4FMCCRpmlIOCQOw4qeACRAWwM8cDkUbT5u5WyrYxTEjKsW+9zyD2NIpLsDklTnmoT0qZ\/umoT0oKQLUik1GtPWgfUcDzT2YkjPpmmCnHqP90UC+0f\/Z",
                "permalink": "https:\/\/chubachi-pt-2023.slack.com\/files\/U04T9TDB58W\/F061U1NUNK1\/____________________________2023-10-22_21.50.44.png",
                "permalink_public": "https:\/\/slack-files.com\/T04TGFGMK7C-F061U1NUNK1-b2ecbd9be7",
                "is_starred": false,
                "has_rich_preview": false,
                "file_access": "visible"
            }
        ],
        "upload": false,
        "user": "U04T9TDB58W",
        "display_as_bot": false,
        "ts": "1697979053.745669",
        "blocks": [
            {
                "type": "rich_text",
                "block_id": "l2Kta",
                "elements": [
                    {
                        "type": "rich_text_section",
                        "elements": [
                            {
                                "type": "link",
                                "url": "https:\/\/maquillage.shiseido.co.jp\/"
                            },
                            {
                                "type": "text",
                                "text": "　\n\n全部同じ人？"
                            }
                        ]
                    }
                ]
            }
        ],
        "client_msg_id": "0a688d0d-320f-4251-b8eb-dc1ee736a132",
        "attachments": [
            {
                "image_url": "https:\/\/maquillage.shiseido.co.jp\/img\/mq_ogp.png",
                "image_width": 1200,
                "image_height": 630,
                "image_bytes": 236345,
                "from_url": "https:\/\/maquillage.shiseido.co.jp\/",
                "service_icon": "https:\/\/maquillage.shiseido.co.jp\/favicon.ico",
                "id": 1,
                "original_url": "https:\/\/maquillage.shiseido.co.jp\/",
                "fallback": "MAQuillAGE（マキアージュ） | 資生堂",
                "text": "マキアージュ公式ブランドサイト。“まるで「キレイな素肌」”を叶えるベースメイクと、さりげなく惹きつけるポイントメイクをご紹介。",
                "title": "MAQuillAGE（マキアージュ） | 資生堂",
                "title_link": "https:\/\/maquillage.shiseido.co.jp\/",
                "service_name": "maquillage.shiseido.co.jp"
            }
        ]
    },
    {
        "client_msg_id": "b75946e0-9ed0-479e-84be-12b9f7ae3fab",
        "type": "message",
        "text": "これは同じ人ならインパクト強いな。",
        "user": "U04TV4NASPK",
        "ts": "1697981999.629779",
        "blocks": [
            {
                "type": "rich_text",
                "block_id": "oDNbq",
                "elements": [
                    {
                        "type": "rich_text_section",
                        "elements": [
                            {
                                "type": "text",
                                "text": "これは同じ人ならインパクト強いな。"
                            }
                        ]
                    }
                ]
            }
        ],
        "team": "T04TGFGMK7C",
        "user_team": "T04TGFGMK7C",
        "source_team": "T04TGFGMK7C",
        "user_profile": {
            "avatar_hash": "342942264635",
            "image_72": "https:\/\/avatars.slack-edge.com\/2023-03-11\/4927985433382_34294226463524804a2d_72.jpg",
            "first_name": "Nakayama",
            "real_name": "Nakayama Kenta",
            "display_name": "Nakayama",
            "team": "T04TGFGMK7C",
            "name": "a2231kn",
            "is_restricted": false,
            "is_ultra_restricted": false
        },
        "reactions": [
            {
                "name": "point_right",
                "users": [
                    "U04T9TDB58W"
                ],
                "count": 1
            }
        ]
    },
    {
        "client_msg_id": "fe299f77-5360-4373-b1d9-69699058ad41",
        "type": "message",
        "text": "<https:\/\/ok-corporation.jp\/feature\/showcase\/ok-original-lemon-beer.html> レモンサワーとか好きな人なら好きかもです",
        "user": "U04T9TDB58W",
        "ts": "1697982694.482099",
        "blocks": [
            {
                "type": "rich_text",
                "block_id": "ZGKk7",
                "elements": [
                    {
                        "type": "rich_text_section",
                        "elements": [
                            {
                                "type": "link",
                                "url": "https:\/\/ok-corporation.jp\/feature\/showcase\/ok-original-lemon-beer.html"
                            },
                            {
                                "type": "text",
                                "text": " レモンサワーとか好きな人なら好きかもです"
                            }
                        ]
                    }
                ]
            }
        ],
        "team": "T04TGFGMK7C",
        "user_team": "T04TGFGMK7C",
        "source_team": "T04TGFGMK7C",
        "user_profile": {
            "avatar_hash": "183a619e0408",
            "image_72": "https:\/\/avatars.slack-edge.com\/2023-03-11\/4958815898464_183a619e0408c53031fd_72.jpg",
            "first_name": "Hibiki",
            "real_name": "Hibiki Mizuno",
            "display_name": "Jabelic スクラムマスター",
            "team": "T04TGFGMK7C",
            "name": "a2239hm",
            "is_restricted": false,
            "is_ultra_restricted": false
        },
        "attachments": [
            {
                "image_url": "https:\/\/ok-corporation.jp\/archives\/001\/202303\/d37eb744a66dcc3cb9a90c9642030d05.png",
                "image_width": 1000,
                "image_height": 1932,
                "image_bytes": 1041489,
                "from_url": "https:\/\/ok-corporation.jp\/feature\/showcase\/ok-original-lemon-beer.html",
                "service_icon": "https:\/\/ok-corporation.jp\/apple-touch-icon-180x180.png",
                "id": 1,
                "original_url": "https:\/\/ok-corporation.jp\/feature\/showcase\/ok-original-lemon-beer.html",
                "fallback": "オーケー株式会社: オーケーオリジナル レモンビール | オーケー株式会社",
                "title": "オーケーオリジナル レモンビール | オーケー株式会社",
                "title_link": "https:\/\/ok-corporation.jp\/feature\/showcase\/ok-original-lemon-beer.html",
                "service_name": "オーケー株式会社"
            }
        ],
        "reactions": [
            {
                "name": "+1",
                "users": [
                    "U04TV4NASPK",
                    "U04T201950F",
                    "U04TGBZ4XEX"
                ],
                "count": 3
            }
        ]
    }
]