[
    {
        "client_msg_id": "e04cffd2-494b-4a24-9e65-c1adca15992a",
        "type": "message",
        "text": "フロントエンド実装商品詳細MR修正",
        "user": "U04U66DSPEU",
        "ts": "1690707087.191719",
        "blocks": [
            {
                "type": "rich_text",
                "block_id": "W1E5",
                "elements": [
                    {
                        "type": "rich_text_section",
                        "elements": [
                            {
                                "type": "text",
                                "text": "フロントエンド実装商品詳細MR修正"
                            }
                        ]
                    }
                ]
            }
        ],
        "team": "T04TGFGMK7C",
        "user_team": "T04TGFGMK7C",
        "source_team": "T04TGFGMK7C",
        "user_profile": {
            "avatar_hash": "eded816e5002",
            "image_72": "https:\/\/avatars.slack-edge.com\/2023-04-25\/5164292307843_eded816e5002d89cd475_72.png",
            "first_name": "FABIAN",
            "real_name": "FABIAN M. FERNANDEZ",
            "display_name": "Fernandez",
            "team": "T04TGFGMK7C",
            "name": "a2237mf",
            "is_restricted": false,
            "is_ultra_restricted": false
        },
        "thread_ts": "1690591530.977089",
        "parent_user_id": "USLACKBOT"
    },
    {
        "bot_id": "B01",
        "type": "message",
        "text": "リマインダー : *<!here>*   今日やることは何？",
        "user": "USLACKBOT",
        "ts": "1690764325.617309",
        "blocks": [
            {
                "type": "rich_text",
                "block_id": "FIkP",
                "elements": [
                    {
                        "type": "rich_text_section",
                        "elements": [
                            {
                                "type": "text",
                                "text": "リマインダー : "
                            },
                            {
                                "type": "broadcast",
                                "range": "here",
                                "style": {
                                    "bold": true
                                }
                            },
                            {
                                "type": "text",
                                "text": "   今日やることは何？"
                            }
                        ]
                    }
                ]
            }
        ],
        "team": "T04TGFGMK7C",
        "thread_ts": "1690764325.617309",
        "reply_count": 4,
        "reply_users_count": 4,
        "latest_reply": "1690851969.799949",
        "reply_users": [
            "U04T201950F",
            "U04U66DNCRE",
            "U04TV4NASPK",
            "U04U66DSPEU"
        ],
        "replies": [
            {
                "user": "U04T201950F",
                "ts": "1690764774.444059"
            },
            {
                "user": "U04U66DNCRE",
                "ts": "1690775921.756359"
            },
            {
                "user": "U04TV4NASPK",
                "ts": "1690787302.452739"
            },
            {
                "user": "U04U66DSPEU",
                "ts": "1690851969.799949"
            }
        ],
        "is_locked": false,
        "subscribed": false
    },
    {
        "client_msg_id": "456758a4-3b91-48d4-b2d4-1ea18829052e",
        "type": "message",
        "text": "前期発表資料スライド作成",
        "user": "U04T201950F",
        "ts": "1690764774.444059",
        "blocks": [
            {
                "type": "rich_text",
                "block_id": "ycP",
                "elements": [
                    {
                        "type": "rich_text_section",
                        "elements": [
                            {
                                "type": "text",
                                "text": "前期発表資料スライド作成"
                            }
                        ]
                    }
                ]
            }
        ],
        "team": "T04TGFGMK7C",
        "user_team": "T04TGFGMK7C",
        "source_team": "T04TGFGMK7C",
        "user_profile": {
            "avatar_hash": "37195c285ebd",
            "image_72": "https:\/\/avatars.slack-edge.com\/2023-04-26\/5193192270752_37195c285ebdc8d65709_72.jpg",
            "first_name": "Dai",
            "real_name": "Dai Miyahara",
            "display_name": "Dai Miyahara",
            "team": "T04TGFGMK7C",
            "name": "a2240dm",
            "is_restricted": false,
            "is_ultra_restricted": false
        },
        "edited": {
            "user": "U04T201950F",
            "ts": "1690764783.000000"
        },
        "thread_ts": "1690764325.617309",
        "parent_user_id": "USLACKBOT"
    },
    {
        "client_msg_id": "06116979-00BA-4BAF-A704-5495275AC8A7",
        "type": "message",
        "text": "スライド作成",
        "user": "U04U66DNCRE",
        "ts": "1690775921.756359",
        "blocks": [
            {
                "type": "rich_text",
                "block_id": "R696K",
                "elements": [
                    {
                        "type": "rich_text_section",
                        "elements": [
                            {
                                "type": "text",
                                "text": "スライド作成"
                            }
                        ]
                    }
                ]
            }
        ],
        "team": "T04TGFGMK7C",
        "user_team": "T04TGFGMK7C",
        "source_team": "T04TGFGMK7C",
        "user_profile": {
            "avatar_hash": "0e82c2c0bd34",
            "image_72": "https:\/\/avatars.slack-edge.com\/2023-04-25\/5161183917605_0e82c2c0bd34f978f1fd_72.jpg",
            "first_name": "Ohno",
            "real_name": "Ohno Hiroto",
            "display_name": "Ohno Hiroto",
            "team": "T04TGFGMK7C",
            "name": "a2206ho",
            "is_restricted": false,
            "is_ultra_restricted": false
        },
        "thread_ts": "1690764325.617309",
        "parent_user_id": "USLACKBOT"
    }
]