[
    {
        "client_msg_id": "8b33bc46-47d3-4ca3-a6f4-c460b5d0b875",
        "type": "message",
        "text": "スライド作成",
        "user": "U04TV4NASPK",
        "ts": "1690787302.452739",
        "blocks": [
            {
                "type": "rich_text",
                "block_id": "6LTl",
                "elements": [
                    {
                        "type": "rich_text_section",
                        "elements": [
                            {
                                "type": "text",
                                "text": "スライド作成"
                            }
                        ]
                    }
                ]
            }
        ],
        "team": "T04TGFGMK7C",
        "user_team": "T04TGFGMK7C",
        "source_team": "T04TGFGMK7C",
        "user_profile": {
            "avatar_hash": "342942264635",
            "image_72": "https:\/\/avatars.slack-edge.com\/2023-03-11\/4927985433382_34294226463524804a2d_72.jpg",
            "first_name": "Nakayama",
            "real_name": "Nakayama Kenta",
            "display_name": "Nakayama",
            "team": "T04TGFGMK7C",
            "name": "a2231kn",
            "is_restricted": false,
            "is_ultra_restricted": false
        },
        "thread_ts": "1690764325.617309",
        "parent_user_id": "USLACKBOT"
    },
    {
        "bot_id": "B01",
        "type": "message",
        "text": "リマインダー : *<!here>*   今日やることは何？",
        "user": "USLACKBOT",
        "ts": "1690850718.278369",
        "blocks": [
            {
                "type": "rich_text",
                "block_id": "LzBE=",
                "elements": [
                    {
                        "type": "rich_text_section",
                        "elements": [
                            {
                                "type": "text",
                                "text": "リマインダー : "
                            },
                            {
                                "type": "broadcast",
                                "range": "here",
                                "style": {
                                    "bold": true
                                }
                            },
                            {
                                "type": "text",
                                "text": "   今日やることは何？"
                            }
                        ]
                    }
                ]
            }
        ],
        "team": "T04TGFGMK7C",
        "thread_ts": "1690850718.278369",
        "reply_count": 1,
        "reply_users_count": 1,
        "latest_reply": "1690944828.582889",
        "reply_users": [
            "U04T9TDB58W"
        ],
        "replies": [
            {
                "user": "U04T9TDB58W",
                "ts": "1690944828.582889"
            }
        ],
        "is_locked": false,
        "subscribed": false
    },
    {
        "client_msg_id": "206845db-5047-497f-bec7-8c6499299c30",
        "type": "message",
        "text": "フロントエンド実装商品詳細MR修正、スライドタッチアップ",
        "user": "U04U66DSPEU",
        "ts": "1690851969.799949",
        "blocks": [
            {
                "type": "rich_text",
                "block_id": "dROz",
                "elements": [
                    {
                        "type": "rich_text_section",
                        "elements": [
                            {
                                "type": "text",
                                "text": "フロントエンド実装商品詳細MR修正、スライドタッチアップ"
                            }
                        ]
                    }
                ]
            }
        ],
        "team": "T04TGFGMK7C",
        "user_team": "T04TGFGMK7C",
        "source_team": "T04TGFGMK7C",
        "user_profile": {
            "avatar_hash": "eded816e5002",
            "image_72": "https:\/\/avatars.slack-edge.com\/2023-04-25\/5164292307843_eded816e5002d89cd475_72.png",
            "first_name": "FABIAN",
            "real_name": "FABIAN M. FERNANDEZ",
            "display_name": "Fernandez",
            "team": "T04TGFGMK7C",
            "name": "a2237mf",
            "is_restricted": false,
            "is_ultra_restricted": false
        },
        "thread_ts": "1690764325.617309",
        "parent_user_id": "USLACKBOT"
    }
]