[
    {
        "client_msg_id": "2d213493-3ca6-4d43-bd22-39bd7b206901",
        "type": "message",
        "text": "草案レビュー",
        "user": "U04U66DNCRE",
        "ts": "1690639965.683899",
        "blocks": [
            {
                "type": "rich_text",
                "block_id": "R9HYF",
                "elements": [
                    {
                        "type": "rich_text_section",
                        "elements": [
                            {
                                "type": "text",
                                "text": "草案レビュー"
                            }
                        ]
                    }
                ]
            }
        ],
        "team": "T04TGFGMK7C",
        "user_team": "T04TGFGMK7C",
        "source_team": "T04TGFGMK7C",
        "user_profile": {
            "avatar_hash": "0e82c2c0bd34",
            "image_72": "https:\/\/avatars.slack-edge.com\/2023-04-25\/5161183917605_0e82c2c0bd34f978f1fd_72.jpg",
            "first_name": "Ohno",
            "real_name": "Ohno Hiroto",
            "display_name": "Ohno Hiroto",
            "team": "T04TGFGMK7C",
            "name": "a2206ho",
            "is_restricted": false,
            "is_ultra_restricted": false
        },
        "thread_ts": "1690505118.674039",
        "parent_user_id": "USLACKBOT"
    },
    {
        "client_msg_id": "55d0fc32-74db-4473-94b2-290daff74f5d",
        "type": "message",
        "text": "スライド作成\n週報",
        "user": "U04U66DNCRE",
        "ts": "1690639979.396229",
        "blocks": [
            {
                "type": "rich_text",
                "block_id": "hW=nU",
                "elements": [
                    {
                        "type": "rich_text_section",
                        "elements": [
                            {
                                "type": "text",
                                "text": "スライド作成\n週報"
                            }
                        ]
                    }
                ]
            }
        ],
        "team": "T04TGFGMK7C",
        "user_team": "T04TGFGMK7C",
        "source_team": "T04TGFGMK7C",
        "user_profile": {
            "avatar_hash": "0e82c2c0bd34",
            "image_72": "https:\/\/avatars.slack-edge.com\/2023-04-25\/5161183917605_0e82c2c0bd34f978f1fd_72.jpg",
            "first_name": "Ohno",
            "real_name": "Ohno Hiroto",
            "display_name": "Ohno Hiroto",
            "team": "T04TGFGMK7C",
            "name": "a2206ho",
            "is_restricted": false,
            "is_ultra_restricted": false
        },
        "thread_ts": "1690591530.977089",
        "parent_user_id": "USLACKBOT"
    },
    {
        "bot_id": "B01",
        "type": "message",
        "text": "リマインダー : *<!here>*   今日やることは何？",
        "user": "USLACKBOT",
        "ts": "1690677909.633999",
        "blocks": [
            {
                "type": "rich_text",
                "block_id": "tWG9q",
                "elements": [
                    {
                        "type": "rich_text_section",
                        "elements": [
                            {
                                "type": "text",
                                "text": "リマインダー : "
                            },
                            {
                                "type": "broadcast",
                                "range": "here",
                                "style": {
                                    "bold": true
                                }
                            },
                            {
                                "type": "text",
                                "text": "   今日やることは何？"
                            }
                        ]
                    }
                ]
            }
        ],
        "team": "T04TGFGMK7C",
        "thread_ts": "1690677909.633999",
        "reply_count": 1,
        "reply_users_count": 1,
        "latest_reply": "1690682542.104849",
        "reply_users": [
            "U04TV4NASPK"
        ],
        "replies": [
            {
                "user": "U04TV4NASPK",
                "ts": "1690682542.104849"
            }
        ],
        "is_locked": false,
        "subscribed": false
    },
    {
        "client_msg_id": "8fd79f91-c4f2-4dc2-924c-fa8431e3c82d",
        "type": "message",
        "text": "front開発、個人スライド作成",
        "user": "U04TV4NASPK",
        "ts": "1690682542.104849",
        "blocks": [
            {
                "type": "rich_text",
                "block_id": "js=f",
                "elements": [
                    {
                        "type": "rich_text_section",
                        "elements": [
                            {
                                "type": "text",
                                "text": "front開発、個人スライド作成"
                            }
                        ]
                    }
                ]
            }
        ],
        "team": "T04TGFGMK7C",
        "user_team": "T04TGFGMK7C",
        "source_team": "T04TGFGMK7C",
        "user_profile": {
            "avatar_hash": "342942264635",
            "image_72": "https:\/\/avatars.slack-edge.com\/2023-03-11\/4927985433382_34294226463524804a2d_72.jpg",
            "first_name": "Nakayama",
            "real_name": "Nakayama Kenta",
            "display_name": "Nakayama",
            "team": "T04TGFGMK7C",
            "name": "a2231kn",
            "is_restricted": false,
            "is_ultra_restricted": false
        },
        "thread_ts": "1690677909.633999",
        "parent_user_id": "USLACKBOT"
    }
]