[
    {
        "client_msg_id": "b597d25f-9b13-4e66-8ce0-a464e85d18e2",
        "type": "message",
        "text": "スライド作成",
        "user": "U04T201950F",
        "ts": "1690549942.514309",
        "blocks": [
            {
                "type": "rich_text",
                "block_id": "Oo1N0",
                "elements": [
                    {
                        "type": "rich_text_section",
                        "elements": [
                            {
                                "type": "text",
                                "text": "スライド作成"
                            }
                        ]
                    }
                ]
            }
        ],
        "team": "T04TGFGMK7C",
        "user_team": "T04TGFGMK7C",
        "source_team": "T04TGFGMK7C",
        "user_profile": {
            "avatar_hash": "37195c285ebd",
            "image_72": "https:\/\/avatars.slack-edge.com\/2023-04-26\/5193192270752_37195c285ebdc8d65709_72.jpg",
            "first_name": "Dai",
            "real_name": "Dai Miyahara",
            "display_name": "Dai Miyahara",
            "team": "T04TGFGMK7C",
            "name": "a2240dm",
            "is_restricted": false,
            "is_ultra_restricted": false
        },
        "thread_ts": "1690505118.674039",
        "parent_user_id": "USLACKBOT"
    },
    {
        "client_msg_id": "b8cab1e2-a6b0-496b-9328-3c0aa6b2432b",
        "type": "message",
        "text": "アコーディオンコントロールのスタイルについて学習",
        "user": "U04U66DSPEU",
        "ts": "1690556893.564809",
        "blocks": [
            {
                "type": "rich_text",
                "block_id": "qri",
                "elements": [
                    {
                        "type": "rich_text_section",
                        "elements": [
                            {
                                "type": "text",
                                "text": "アコーディオンコントロールのスタイルについて学習"
                            }
                        ]
                    }
                ]
            }
        ],
        "team": "T04TGFGMK7C",
        "user_team": "T04TGFGMK7C",
        "source_team": "T04TGFGMK7C",
        "user_profile": {
            "avatar_hash": "eded816e5002",
            "image_72": "https:\/\/avatars.slack-edge.com\/2023-04-25\/5164292307843_eded816e5002d89cd475_72.png",
            "first_name": "FABIAN",
            "real_name": "FABIAN M. FERNANDEZ",
            "display_name": "Fernandez",
            "team": "T04TGFGMK7C",
            "name": "a2237mf",
            "is_restricted": false,
            "is_ultra_restricted": false
        },
        "thread_ts": "1690505118.674039",
        "parent_user_id": "USLACKBOT"
    },
    {
        "bot_id": "B01",
        "type": "message",
        "text": "リマインダー : *<!here>*   今日やることは何？",
        "user": "USLACKBOT",
        "ts": "1690591530.977089",
        "blocks": [
            {
                "type": "rich_text",
                "block_id": "pjzbt",
                "elements": [
                    {
                        "type": "rich_text_section",
                        "elements": [
                            {
                                "type": "text",
                                "text": "リマインダー : "
                            },
                            {
                                "type": "broadcast",
                                "range": "here",
                                "style": {
                                    "bold": true
                                }
                            },
                            {
                                "type": "text",
                                "text": "   今日やることは何？"
                            }
                        ]
                    }
                ]
            }
        ],
        "team": "T04TGFGMK7C",
        "thread_ts": "1690591530.977089",
        "reply_count": 5,
        "reply_users_count": 5,
        "latest_reply": "1690707087.191719",
        "reply_users": [
            "U04T201950F",
            "U04TV4NASPK",
            "U04T9TDB58W",
            "U04U66DNCRE",
            "U04U66DSPEU"
        ],
        "replies": [
            {
                "user": "U04T201950F",
                "ts": "1690591586.329459"
            },
            {
                "user": "U04TV4NASPK",
                "ts": "1690597665.658859"
            },
            {
                "user": "U04T9TDB58W",
                "ts": "1690612321.472019"
            },
            {
                "user": "U04U66DNCRE",
                "ts": "1690639979.396229"
            },
            {
                "user": "U04U66DSPEU",
                "ts": "1690707087.191719"
            }
        ],
        "is_locked": false,
        "subscribed": false
    },
    {
        "client_msg_id": "0f3f84a9-715a-4b04-8367-0117939ec797",
        "type": "message",
        "text": "草案確定\n発表スライド作成",
        "user": "U04T201950F",
        "ts": "1690591586.329459",
        "blocks": [
            {
                "type": "rich_text",
                "block_id": "=UEF",
                "elements": [
                    {
                        "type": "rich_text_section",
                        "elements": [
                            {
                                "type": "text",
                                "text": "草案確定\n発表スライド作成"
                            }
                        ]
                    }
                ]
            }
        ],
        "team": "T04TGFGMK7C",
        "user_team": "T04TGFGMK7C",
        "source_team": "T04TGFGMK7C",
        "user_profile": {
            "avatar_hash": "37195c285ebd",
            "image_72": "https:\/\/avatars.slack-edge.com\/2023-04-26\/5193192270752_37195c285ebdc8d65709_72.jpg",
            "first_name": "Dai",
            "real_name": "Dai Miyahara",
            "display_name": "Dai Miyahara",
            "team": "T04TGFGMK7C",
            "name": "a2240dm",
            "is_restricted": false,
            "is_ultra_restricted": false
        },
        "edited": {
            "user": "U04T201950F",
            "ts": "1690591598.000000"
        },
        "thread_ts": "1690591530.977089",
        "parent_user_id": "USLACKBOT"
    },
    {
        "client_msg_id": "3e96c7ca-d234-42e8-b493-68ee77fca69b",
        "type": "message",
        "text": "発表スライド作成",
        "user": "U04TV4NASPK",
        "ts": "1690597665.658859",
        "blocks": [
            {
                "type": "rich_text",
                "block_id": "YSe",
                "elements": [
                    {
                        "type": "rich_text_section",
                        "elements": [
                            {
                                "type": "text",
                                "text": "発表スライド作成"
                            }
                        ]
                    }
                ]
            }
        ],
        "team": "T04TGFGMK7C",
        "user_team": "T04TGFGMK7C",
        "source_team": "T04TGFGMK7C",
        "user_profile": {
            "avatar_hash": "342942264635",
            "image_72": "https:\/\/avatars.slack-edge.com\/2023-03-11\/4927985433382_34294226463524804a2d_72.jpg",
            "first_name": "Nakayama",
            "real_name": "Nakayama Kenta",
            "display_name": "Nakayama",
            "team": "T04TGFGMK7C",
            "name": "a2231kn",
            "is_restricted": false,
            "is_ultra_restricted": false
        },
        "thread_ts": "1690591530.977089",
        "parent_user_id": "USLACKBOT"
    },
    {
        "client_msg_id": "15082125-502e-495a-99b8-020b69445efd",
        "type": "message",
        "text": "発表スライド作成\n草案もみます\nフロントエンド実装（代替品候補カード）もやりたい。できれば録画する",
        "user": "U04T9TDB58W",
        "ts": "1690612321.472019",
        "blocks": [
            {
                "type": "rich_text",
                "block_id": "ft1Dq",
                "elements": [
                    {
                        "type": "rich_text_section",
                        "elements": [
                            {
                                "type": "text",
                                "text": "発表スライド作成\n草案もみます\nフロントエンド実装（代替品候補カード）もやりたい。できれば録画する"
                            }
                        ]
                    }
                ]
            }
        ],
        "team": "T04TGFGMK7C",
        "user_team": "T04TGFGMK7C",
        "source_team": "T04TGFGMK7C",
        "user_profile": {
            "avatar_hash": "183a619e0408",
            "image_72": "https:\/\/avatars.slack-edge.com\/2023-03-11\/4958815898464_183a619e0408c53031fd_72.jpg",
            "first_name": "Hibiki",
            "real_name": "Hibiki Mizuno",
            "display_name": "Jabelic スクラムマスター",
            "team": "T04TGFGMK7C",
            "name": "a2239hm",
            "is_restricted": false,
            "is_ultra_restricted": false
        },
        "thread_ts": "1690591530.977089",
        "parent_user_id": "USLACKBOT",
        "reactions": [
            {
                "name": "+1",
                "users": [
                    "U04TV4NASPK"
                ],
                "count": 1
            },
            {
                "name": "man-bowing",
                "users": [
                    "U04T201950F"
                ],
                "count": 1
            }
        ]
    }
]