[
    {
        "client_msg_id": "3e30f485-1a07-428b-b36e-3bc71e903da2",
        "type": "message",
        "text": "先週分の週報:melting_face:",
        "user": "U04U66DSPEU",
        "ts": "1690386145.738359",
        "blocks": [
            {
                "type": "rich_text",
                "block_id": "WNt",
                "elements": [
                    {
                        "type": "rich_text_section",
                        "elements": [
                            {
                                "type": "text",
                                "text": "先週分の週報"
                            },
                            {
                                "type": "emoji",
                                "name": "melting_face",
                                "unicode": "1fae0"
                            }
                        ]
                    }
                ]
            }
        ],
        "team": "T04TGFGMK7C",
        "user_team": "T04TGFGMK7C",
        "source_team": "T04TGFGMK7C",
        "user_profile": {
            "avatar_hash": "eded816e5002",
            "image_72": "https:\/\/avatars.slack-edge.com\/2023-04-25\/5164292307843_eded816e5002d89cd475_72.png",
            "first_name": "FABIAN",
            "real_name": "FABIAN M. FERNANDEZ",
            "display_name": "Fernandez",
            "team": "T04TGFGMK7C",
            "name": "a2237mf",
            "is_restricted": false,
            "is_ultra_restricted": false
        },
        "thread_ts": "1690332328.664679",
        "parent_user_id": "USLACKBOT"
    },
    {
        "client_msg_id": "2f7fe994-a90a-41eb-8d16-f3edc9e4d68e",
        "type": "message",
        "text": "報告忘れてた…草案作成",
        "user": "U04T201950F",
        "ts": "1690412495.838049",
        "blocks": [
            {
                "type": "rich_text",
                "block_id": "YK9",
                "elements": [
                    {
                        "type": "rich_text_section",
                        "elements": [
                            {
                                "type": "text",
                                "text": "報告忘れてた…草案作成"
                            }
                        ]
                    }
                ]
            }
        ],
        "team": "T04TGFGMK7C",
        "user_team": "T04TGFGMK7C",
        "source_team": "T04TGFGMK7C",
        "user_profile": {
            "avatar_hash": "37195c285ebd",
            "image_72": "https:\/\/avatars.slack-edge.com\/2023-04-26\/5193192270752_37195c285ebdc8d65709_72.jpg",
            "first_name": "Dai",
            "real_name": "Dai Miyahara",
            "display_name": "Dai Miyahara",
            "team": "T04TGFGMK7C",
            "name": "a2240dm",
            "is_restricted": false,
            "is_ultra_restricted": false
        },
        "thread_ts": "1690332328.664679",
        "parent_user_id": "USLACKBOT"
    },
    {
        "bot_id": "B01",
        "type": "message",
        "text": "リマインダー : *<!here>*   今日やることは何？",
        "user": "USLACKBOT",
        "ts": "1690418705.743369",
        "blocks": [
            {
                "type": "rich_text",
                "block_id": "pViQ",
                "elements": [
                    {
                        "type": "rich_text_section",
                        "elements": [
                            {
                                "type": "text",
                                "text": "リマインダー : "
                            },
                            {
                                "type": "broadcast",
                                "range": "here",
                                "style": {
                                    "bold": true
                                }
                            },
                            {
                                "type": "text",
                                "text": "   今日やることは何？"
                            }
                        ]
                    }
                ]
            }
        ],
        "team": "T04TGFGMK7C",
        "thread_ts": "1690418705.743369",
        "reply_count": 4,
        "reply_users_count": 3,
        "latest_reply": "1690468330.940659",
        "reply_users": [
            "U04T201950F",
            "U04TV4NASPK",
            "U04T9TDB58W"
        ],
        "replies": [
            {
                "user": "U04T201950F",
                "ts": "1690418826.787069"
            },
            {
                "user": "U04TV4NASPK",
                "ts": "1690462566.199429"
            },
            {
                "user": "U04T9TDB58W",
                "ts": "1690468320.271099"
            },
            {
                "user": "U04T9TDB58W",
                "ts": "1690468330.940659"
            }
        ],
        "is_locked": false,
        "subscribed": false
    },
    {
        "client_msg_id": "f60f7283-70f3-4cfe-96f2-c1eab1e79168",
        "type": "message",
        "text": "アイスタイル様インタビュー\n草案レビュー戻り対応",
        "user": "U04T201950F",
        "ts": "1690418826.787069",
        "blocks": [
            {
                "type": "rich_text",
                "block_id": "hgv",
                "elements": [
                    {
                        "type": "rich_text_section",
                        "elements": [
                            {
                                "type": "text",
                                "text": "アイスタイル様インタビュー\n草案レビュー戻り対応"
                            }
                        ]
                    }
                ]
            }
        ],
        "team": "T04TGFGMK7C",
        "user_team": "T04TGFGMK7C",
        "source_team": "T04TGFGMK7C",
        "user_profile": {
            "avatar_hash": "37195c285ebd",
            "image_72": "https:\/\/avatars.slack-edge.com\/2023-04-26\/5193192270752_37195c285ebdc8d65709_72.jpg",
            "first_name": "Dai",
            "real_name": "Dai Miyahara",
            "display_name": "Dai Miyahara",
            "team": "T04TGFGMK7C",
            "name": "a2240dm",
            "is_restricted": false,
            "is_ultra_restricted": false
        },
        "thread_ts": "1690418705.743369",
        "parent_user_id": "USLACKBOT"
    }
]