[
    {
        "client_msg_id": "6aa1fb06-b5a6-4a64-9e13-ce8308d4e582",
        "type": "message",
        "text": "インシデント対応で今からになっちゃいました。",
        "user": "U04TV4NASPK",
        "ts": "1699085812.877769",
        "blocks": [
            {
                "type": "rich_text",
                "block_id": "iTb7p",
                "elements": [
                    {
                        "type": "rich_text_section",
                        "elements": [
                            {
                                "type": "text",
                                "text": "インシデント対応で今からになっちゃいました。"
                            }
                        ]
                    }
                ]
            }
        ],
        "team": "T04TGFGMK7C",
        "user_team": "T04TGFGMK7C",
        "source_team": "T04TGFGMK7C",
        "user_profile": {
            "avatar_hash": "342942264635",
            "image_72": "https:\/\/avatars.slack-edge.com\/2023-03-11\/4927985433382_34294226463524804a2d_72.jpg",
            "first_name": "Nakayama",
            "real_name": "Nakayama Kenta",
            "display_name": "Nakayama",
            "team": "T04TGFGMK7C",
            "name": "a2231kn",
            "is_restricted": false,
            "is_ultra_restricted": false
        },
        "thread_ts": "1699085812.877769",
        "reply_count": 1,
        "reply_users_count": 1,
        "latest_reply": "1699094249.833899",
        "reply_users": [
            "U04TV4NASPK"
        ],
        "replies": [
            {
                "user": "U04TV4NASPK",
                "ts": "1699094249.833899"
            }
        ],
        "is_locked": false,
        "subscribed": false
    },
    {
        "type": "message",
        "subtype": "thread_broadcast",
        "text": "ちょっと髪切ってくるので数時間離席します",
        "user": "U04U66DNCRE",
        "ts": "1699088445.926089",
        "thread_ts": "1699062369.269619",
        "root": {
            "client_msg_id": "a96062ea-993d-428b-9fad-3029e45e3b6a",
            "type": "message",
            "text": "15時くらいまで予定あるので、戻ったら作業します",
            "user": "U04U66DNCRE",
            "ts": "1699062369.269619",
            "blocks": [
                {
                    "type": "rich_text",
                    "block_id": "ZCIJX",
                    "elements": [
                        {
                            "type": "rich_text_section",
                            "elements": [
                                {
                                    "type": "text",
                                    "text": "15時くらいまで予定あるので、戻ったら作業します"
                                }
                            ]
                        }
                    ]
                }
            ],
            "team": "T04TGFGMK7C",
            "thread_ts": "1699062369.269619",
            "reply_count": 1,
            "reply_users_count": 1,
            "latest_reply": "1699088445.926089",
            "reply_users": [
                "U04U66DNCRE"
            ],
            "replies": [
                {
                    "user": "U04U66DNCRE",
                    "ts": "1699088445.926089"
                }
            ],
            "is_locked": false,
            "subscribed": false
        },
        "blocks": [
            {
                "type": "rich_text",
                "block_id": "0BTi9",
                "elements": [
                    {
                        "type": "rich_text_section",
                        "elements": [
                            {
                                "type": "text",
                                "text": "ちょっと髪切ってくるので数時間離席します"
                            }
                        ]
                    }
                ]
            }
        ],
        "client_msg_id": "b2394aa3-38cb-4267-a451-61ebc6e00d3e"
    },
    {
        "client_msg_id": "2498bc05-75d7-4b7d-ac2a-92d6cdb20662",
        "type": "message",
        "text": "~休憩、21時ぐらいから再開~",
        "user": "U04TV4NASPK",
        "ts": "1699094249.833899",
        "blocks": [
            {
                "type": "rich_text",
                "block_id": "gZVvg",
                "elements": [
                    {
                        "type": "rich_text_section",
                        "elements": [
                            {
                                "type": "text",
                                "text": "休憩、21時ぐらいから再開",
                                "style": {
                                    "strike": true
                                }
                            }
                        ]
                    }
                ]
            }
        ],
        "team": "T04TGFGMK7C",
        "user_team": "T04TGFGMK7C",
        "source_team": "T04TGFGMK7C",
        "user_profile": {
            "avatar_hash": "342942264635",
            "image_72": "https:\/\/avatars.slack-edge.com\/2023-03-11\/4927985433382_34294226463524804a2d_72.jpg",
            "first_name": "Nakayama",
            "real_name": "Nakayama Kenta",
            "display_name": "Nakayama",
            "team": "T04TGFGMK7C",
            "name": "a2231kn",
            "is_restricted": false,
            "is_ultra_restricted": false
        },
        "edited": {
            "user": "U04TV4NASPK",
            "ts": "1699108022.000000"
        },
        "thread_ts": "1699085812.877769",
        "parent_user_id": "U04TV4NASPK"
    },
    {
        "client_msg_id": "321e3b85-d9d5-47b5-bd5c-430fb13f19db",
        "type": "message",
        "text": ":abe_hiroshi: &lt; 昼前くらいまでやります",
        "user": "U04TGBZ4XEX",
        "ts": "1699145696.065809",
        "blocks": [
            {
                "type": "rich_text",
                "block_id": "LHZTV",
                "elements": [
                    {
                        "type": "rich_text_section",
                        "elements": [
                            {
                                "type": "emoji",
                                "name": "abe_hiroshi"
                            },
                            {
                                "type": "text",
                                "text": " < 昼前くらいまでやります"
                            }
                        ]
                    }
                ]
            }
        ],
        "team": "T04TGFGMK7C",
        "user_team": "T04TGFGMK7C",
        "source_team": "T04TGFGMK7C",
        "user_profile": {
            "avatar_hash": "824241a82bdf",
            "image_72": "https:\/\/avatars.slack-edge.com\/2023-05-03\/5205694948836_824241a82bdf37206daa_72.jpg",
            "first_name": "satoshi.​hirata",
            "real_name": "satoshi.​hirata",
            "display_name": "satoshi.hirata",
            "team": "T04TGFGMK7C",
            "name": "a2236sh",
            "is_restricted": false,
            "is_ultra_restricted": false
        },
        "thread_ts": "1699145696.065809",
        "reply_count": 1,
        "reply_users_count": 1,
        "latest_reply": "1699158618.225309",
        "reply_users": [
            "U04TGBZ4XEX"
        ],
        "replies": [
            {
                "user": "U04TGBZ4XEX",
                "ts": "1699158618.225309"
            }
        ],
        "is_locked": false,
        "subscribed": false
    },
    {
        "type": "message",
        "subtype": "thread_broadcast",
        "text": "おわります",
        "user": "U04TGBZ4XEX",
        "ts": "1699158618.225309",
        "thread_ts": "1699145696.065809",
        "root": {
            "client_msg_id": "321e3b85-d9d5-47b5-bd5c-430fb13f19db",
            "type": "message",
            "text": ":abe_hiroshi: &lt; 昼前くらいまでやります",
            "user": "U04TGBZ4XEX",
            "ts": "1699145696.065809",
            "blocks": [
                {
                    "type": "rich_text",
                    "block_id": "LHZTV",
                    "elements": [
                        {
                            "type": "rich_text_section",
                            "elements": [
                                {
                                    "type": "emoji",
                                    "name": "abe_hiroshi"
                                },
                                {
                                    "type": "text",
                                    "text": " < 昼前くらいまでやります"
                                }
                            ]
                        }
                    ]
                }
            ],
            "team": "T04TGFGMK7C",
            "thread_ts": "1699145696.065809",
            "reply_count": 1,
            "reply_users_count": 1,
            "latest_reply": "1699158618.225309",
            "reply_users": [
                "U04TGBZ4XEX"
            ],
            "replies": [
                {
                    "user": "U04TGBZ4XEX",
                    "ts": "1699158618.225309"
                }
            ],
            "is_locked": false,
            "subscribed": false
        },
        "blocks": [
            {
                "type": "rich_text",
                "block_id": "bfs1D",
                "elements": [
                    {
                        "type": "rich_text_section",
                        "elements": [
                            {
                                "type": "text",
                                "text": "おわります"
                            }
                        ]
                    }
                ]
            }
        ],
        "client_msg_id": "37c08108-9a19-4e10-b8ee-c51bc44aa5cc"
    }
]