[
    {
        "client_msg_id": "3529dc21-92fa-4ea6-a83e-480ff9c07e2e",
        "type": "message",
        "text": "業務早上がりできたので16時からやってました。\n20時までやる予定です。",
        "user": "U04T201950F",
        "ts": "1698921010.895509",
        "blocks": [
            {
                "type": "rich_text",
                "block_id": "fiskO",
                "elements": [
                    {
                        "type": "rich_text_section",
                        "elements": [
                            {
                                "type": "text",
                                "text": "業務早上がりできたので16時からやってました。\n20時までやる予定です。"
                            }
                        ]
                    }
                ]
            }
        ],
        "team": "T04TGFGMK7C",
        "user_team": "T04TGFGMK7C",
        "source_team": "T04TGFGMK7C",
        "user_profile": {
            "avatar_hash": "37195c285ebd",
            "image_72": "https:\/\/avatars.slack-edge.com\/2023-04-26\/5193192270752_37195c285ebdc8d65709_72.jpg",
            "first_name": "Dai",
            "real_name": "Dai Miyahara",
            "display_name": "Dai Miyahara",
            "team": "T04TGFGMK7C",
            "name": "a2240dm",
            "is_restricted": false,
            "is_ultra_restricted": false
        },
        "reactions": [
            {
                "name": "+1",
                "users": [
                    "U04TV4NASPK"
                ],
                "count": 1
            }
        ]
    },
    {
        "client_msg_id": "8e991a3c-9dd5-4d3f-86de-a31f03addd7d",
        "type": "message",
        "text": "作業開始です",
        "user": "U04U66DSPEU",
        "ts": "1698926180.874019",
        "blocks": [
            {
                "type": "rich_text",
                "block_id": "xFv3y",
                "elements": [
                    {
                        "type": "rich_text_section",
                        "elements": [
                            {
                                "type": "text",
                                "text": "作業開始です"
                            }
                        ]
                    }
                ]
            }
        ],
        "team": "T04TGFGMK7C",
        "user_team": "T04TGFGMK7C",
        "source_team": "T04TGFGMK7C",
        "user_profile": {
            "avatar_hash": "eded816e5002",
            "image_72": "https:\/\/avatars.slack-edge.com\/2023-04-25\/5164292307843_eded816e5002d89cd475_72.png",
            "first_name": "FABIAN",
            "real_name": "FABIAN M. FERNANDEZ",
            "display_name": "Fernandez",
            "team": "T04TGFGMK7C",
            "name": "a2237mf",
            "is_restricted": false,
            "is_ultra_restricted": false
        },
        "thread_ts": "1698926180.874019",
        "reply_count": 1,
        "reply_users_count": 1,
        "latest_reply": "1698941048.237499",
        "reply_users": [
            "U04U66DSPEU"
        ],
        "replies": [
            {
                "user": "U04U66DSPEU",
                "ts": "1698941048.237499"
            }
        ],
        "is_locked": false,
        "subscribed": false
    },
    {
        "client_msg_id": "f78a32bd-3bb0-4d3b-8af5-9d870826ad9e",
        "type": "message",
        "text": "今日はここまで、おやすみなさい！",
        "user": "U04U66DSPEU",
        "ts": "1698941048.237499",
        "blocks": [
            {
                "type": "rich_text",
                "block_id": "HtxWX",
                "elements": [
                    {
                        "type": "rich_text_section",
                        "elements": [
                            {
                                "type": "text",
                                "text": "今日はここまで、おやすみなさい！"
                            }
                        ]
                    }
                ]
            }
        ],
        "team": "T04TGFGMK7C",
        "user_team": "T04TGFGMK7C",
        "source_team": "T04TGFGMK7C",
        "user_profile": {
            "avatar_hash": "eded816e5002",
            "image_72": "https:\/\/avatars.slack-edge.com\/2023-04-25\/5164292307843_eded816e5002d89cd475_72.png",
            "first_name": "FABIAN",
            "real_name": "FABIAN M. FERNANDEZ",
            "display_name": "Fernandez",
            "team": "T04TGFGMK7C",
            "name": "a2237mf",
            "is_restricted": false,
            "is_ultra_restricted": false
        },
        "thread_ts": "1698926180.874019",
        "parent_user_id": "U04U66DSPEU"
    },
    {
        "client_msg_id": "78b78fa4-164e-4eda-8f31-74580543e481",
        "type": "message",
        "text": "一旦朝の作業終了。\n夜くらいに戻る予定です。",
        "user": "U04U66DNCRE",
        "ts": "1698977508.263639",
        "blocks": [
            {
                "type": "rich_text",
                "block_id": "qZE\/r",
                "elements": [
                    {
                        "type": "rich_text_section",
                        "elements": [
                            {
                                "type": "text",
                                "text": "一旦朝の作業終了。\n夜くらいに戻る予定です。"
                            }
                        ]
                    }
                ]
            }
        ],
        "team": "T04TGFGMK7C",
        "user_team": "T04TGFGMK7C",
        "source_team": "T04TGFGMK7C",
        "user_profile": {
            "avatar_hash": "0e82c2c0bd34",
            "image_72": "https:\/\/avatars.slack-edge.com\/2023-04-25\/5161183917605_0e82c2c0bd34f978f1fd_72.jpg",
            "first_name": "Ohno",
            "real_name": "Ohno Hiroto",
            "display_name": "Ohno Hiroto",
            "team": "T04TGFGMK7C",
            "name": "a2206ho",
            "is_restricted": false,
            "is_ultra_restricted": false
        },
        "thread_ts": "1698977508.263639",
        "reply_count": 2,
        "reply_users_count": 1,
        "latest_reply": "1699028477.028769",
        "reply_users": [
            "U04U66DNCRE"
        ],
        "replies": [
            {
                "user": "U04U66DNCRE",
                "ts": "1699019052.445389"
            },
            {
                "user": "U04U66DNCRE",
                "ts": "1699028477.028769"
            }
        ],
        "is_locked": false,
        "subscribed": false
    },
    {
        "client_msg_id": "b2f06a89-dc24-4b81-8a52-9bc287039c57",
        "type": "message",
        "text": "午後からやります",
        "user": "U04TV4NASPK",
        "ts": "1698977525.089589",
        "blocks": [
            {
                "type": "rich_text",
                "block_id": "pZi5p",
                "elements": [
                    {
                        "type": "rich_text_section",
                        "elements": [
                            {
                                "type": "text",
                                "text": "午後からやります"
                            }
                        ]
                    }
                ]
            }
        ],
        "team": "T04TGFGMK7C",
        "user_team": "T04TGFGMK7C",
        "source_team": "T04TGFGMK7C",
        "user_profile": {
            "avatar_hash": "342942264635",
            "image_72": "https:\/\/avatars.slack-edge.com\/2023-03-11\/4927985433382_34294226463524804a2d_72.jpg",
            "first_name": "Nakayama",
            "real_name": "Nakayama Kenta",
            "display_name": "Nakayama",
            "team": "T04TGFGMK7C",
            "name": "a2231kn",
            "is_restricted": false,
            "is_ultra_restricted": false
        },
        "thread_ts": "1698977525.089589",
        "reply_count": 4,
        "reply_users_count": 1,
        "latest_reply": "1699026785.904039",
        "reply_users": [
            "U04TV4NASPK"
        ],
        "replies": [
            {
                "user": "U04TV4NASPK",
                "ts": "1698986972.839799"
            },
            {
                "user": "U04TV4NASPK",
                "ts": "1699005995.513469"
            },
            {
                "user": "U04TV4NASPK",
                "ts": "1699022133.961809"
            },
            {
                "user": "U04TV4NASPK",
                "ts": "1699026785.904039"
            }
        ],
        "is_locked": false,
        "subscribed": false
    },
    {
        "client_msg_id": "2d06d0ef-8d63-4732-8fa7-afb916563569",
        "type": "message",
        "text": "14時から",
        "user": "U04TV4NASPK",
        "ts": "1698986972.839799",
        "blocks": [
            {
                "type": "rich_text",
                "block_id": "5oFvz",
                "elements": [
                    {
                        "type": "rich_text_section",
                        "elements": [
                            {
                                "type": "text",
                                "text": "14時から"
                            }
                        ]
                    }
                ]
            }
        ],
        "team": "T04TGFGMK7C",
        "user_team": "T04TGFGMK7C",
        "source_team": "T04TGFGMK7C",
        "user_profile": {
            "avatar_hash": "342942264635",
            "image_72": "https:\/\/avatars.slack-edge.com\/2023-03-11\/4927985433382_34294226463524804a2d_72.jpg",
            "first_name": "Nakayama",
            "real_name": "Nakayama Kenta",
            "display_name": "Nakayama",
            "team": "T04TGFGMK7C",
            "name": "a2231kn",
            "is_restricted": false,
            "is_ultra_restricted": false
        },
        "thread_ts": "1698977525.089589",
        "parent_user_id": "U04TV4NASPK"
    },
    {
        "client_msg_id": "1f466972-faa8-4283-bb79-358908edecbc",
        "type": "message",
        "text": "16時から作業します。",
        "user": "U04T201950F",
        "ts": "1698994712.348509",
        "blocks": [
            {
                "type": "rich_text",
                "block_id": "jOWM9",
                "elements": [
                    {
                        "type": "rich_text_section",
                        "elements": [
                            {
                                "type": "text",
                                "text": "16時から作業します。"
                            }
                        ]
                    }
                ]
            }
        ],
        "team": "T04TGFGMK7C",
        "user_team": "T04TGFGMK7C",
        "source_team": "T04TGFGMK7C",
        "user_profile": {
            "avatar_hash": "37195c285ebd",
            "image_72": "https:\/\/avatars.slack-edge.com\/2023-04-26\/5193192270752_37195c285ebdc8d65709_72.jpg",
            "first_name": "Dai",
            "real_name": "Dai Miyahara",
            "display_name": "Dai Miyahara",
            "team": "T04TGFGMK7C",
            "name": "a2240dm",
            "is_restricted": false,
            "is_ultra_restricted": false
        }
    }
]