[
    {
        "client_msg_id": "fdc81736-0991-4481-9093-b35c8927d841",
        "type": "message",
        "text": "始めます",
        "user": "U04TV4NASPK",
        "ts": "1699168046.452799",
        "blocks": [
            {
                "type": "rich_text",
                "block_id": "HScdz",
                "elements": [
                    {
                        "type": "rich_text_section",
                        "elements": [
                            {
                                "type": "text",
                                "text": "始めます"
                            }
                        ]
                    }
                ]
            }
        ],
        "team": "T04TGFGMK7C",
        "user_team": "T04TGFGMK7C",
        "source_team": "T04TGFGMK7C",
        "user_profile": {
            "avatar_hash": "342942264635",
            "image_72": "https:\/\/avatars.slack-edge.com\/2023-03-11\/4927985433382_34294226463524804a2d_72.jpg",
            "first_name": "Nakayama",
            "real_name": "Nakayama Kenta",
            "display_name": "Nakayama",
            "team": "T04TGFGMK7C",
            "name": "a2231kn",
            "is_restricted": false,
            "is_ultra_restricted": false
        },
        "thread_ts": "1699168046.452799",
        "reply_count": 2,
        "reply_users_count": 1,
        "latest_reply": "1699202496.191729",
        "reply_users": [
            "U04TV4NASPK"
        ],
        "replies": [
            {
                "user": "U04TV4NASPK",
                "ts": "1699174232.909579"
            },
            {
                "user": "U04TV4NASPK",
                "ts": "1699202496.191729"
            }
        ],
        "is_locked": false,
        "subscribed": false
    },
    {
        "client_msg_id": "a8c88726-76b3-429a-a0c1-a3693d22682a",
        "type": "message",
        "text": "休憩 続きは夕食後",
        "user": "U04TV4NASPK",
        "ts": "1699174232.909579",
        "blocks": [
            {
                "type": "rich_text",
                "block_id": "Y2TcV",
                "elements": [
                    {
                        "type": "rich_text_section",
                        "elements": [
                            {
                                "type": "text",
                                "text": "休憩 続きは夕食後"
                            }
                        ]
                    }
                ]
            }
        ],
        "team": "T04TGFGMK7C",
        "user_team": "T04TGFGMK7C",
        "source_team": "T04TGFGMK7C",
        "user_profile": {
            "avatar_hash": "342942264635",
            "image_72": "https:\/\/avatars.slack-edge.com\/2023-03-11\/4927985433382_34294226463524804a2d_72.jpg",
            "first_name": "Nakayama",
            "real_name": "Nakayama Kenta",
            "display_name": "Nakayama",
            "team": "T04TGFGMK7C",
            "name": "a2231kn",
            "is_restricted": false,
            "is_ultra_restricted": false
        },
        "thread_ts": "1699168046.452799",
        "parent_user_id": "U04TV4NASPK"
    },
    {
        "client_msg_id": "10F84D8C-0544-4EB8-B25A-C8994AFCA2ED",
        "type": "message",
        "text": "ご飯のためしばし離席します",
        "user": "U04U66DNCRE",
        "ts": "1699183127.417829",
        "blocks": [
            {
                "type": "rich_text",
                "block_id": "n2JtE",
                "elements": [
                    {
                        "type": "rich_text_section",
                        "elements": [
                            {
                                "type": "text",
                                "text": "ご飯のためしばし離席します"
                            }
                        ]
                    }
                ]
            }
        ],
        "team": "T04TGFGMK7C",
        "user_team": "T04TGFGMK7C",
        "source_team": "T04TGFGMK7C",
        "user_profile": {
            "avatar_hash": "0e82c2c0bd34",
            "image_72": "https:\/\/avatars.slack-edge.com\/2023-04-25\/5161183917605_0e82c2c0bd34f978f1fd_72.jpg",
            "first_name": "Ohno",
            "real_name": "Ohno Hiroto",
            "display_name": "Ohno Hiroto",
            "team": "T04TGFGMK7C",
            "name": "a2206ho",
            "is_restricted": false,
            "is_ultra_restricted": false
        }
    },
    {
        "client_msg_id": "e6ca9dd9-d6b3-4479-9fbe-255ba55d7b39",
        "type": "message",
        "text": "今日はここまで、作業終了します:sleeping:",
        "user": "U04U66DSPEU",
        "ts": "1699197984.424679",
        "blocks": [
            {
                "type": "rich_text",
                "block_id": "EC8+L",
                "elements": [
                    {
                        "type": "rich_text_section",
                        "elements": [
                            {
                                "type": "text",
                                "text": "今日はここまで、作業終了します"
                            },
                            {
                                "type": "emoji",
                                "name": "sleeping",
                                "unicode": "1f634"
                            }
                        ]
                    }
                ]
            }
        ],
        "team": "T04TGFGMK7C",
        "user_team": "T04TGFGMK7C",
        "source_team": "T04TGFGMK7C",
        "user_profile": {
            "avatar_hash": "eded816e5002",
            "image_72": "https:\/\/avatars.slack-edge.com\/2023-04-25\/5164292307843_eded816e5002d89cd475_72.png",
            "first_name": "FABIAN",
            "real_name": "FABIAN M. FERNANDEZ",
            "display_name": "Fernandez",
            "team": "T04TGFGMK7C",
            "name": "a2237mf",
            "is_restricted": false,
            "is_ultra_restricted": false
        }
    },
    {
        "client_msg_id": "5b915fa6-491b-4ee8-b1e0-8c8abf02f552",
        "type": "message",
        "text": "寝ます",
        "user": "U04TV4NASPK",
        "ts": "1699202496.191729",
        "blocks": [
            {
                "type": "rich_text",
                "block_id": "S6nTD",
                "elements": [
                    {
                        "type": "rich_text_section",
                        "elements": [
                            {
                                "type": "text",
                                "text": "寝ます"
                            }
                        ]
                    }
                ]
            }
        ],
        "team": "T04TGFGMK7C",
        "user_team": "T04TGFGMK7C",
        "source_team": "T04TGFGMK7C",
        "user_profile": {
            "avatar_hash": "342942264635",
            "image_72": "https:\/\/avatars.slack-edge.com\/2023-03-11\/4927985433382_34294226463524804a2d_72.jpg",
            "first_name": "Nakayama",
            "real_name": "Nakayama Kenta",
            "display_name": "Nakayama",
            "team": "T04TGFGMK7C",
            "name": "a2231kn",
            "is_restricted": false,
            "is_ultra_restricted": false
        },
        "thread_ts": "1699168046.452799",
        "parent_user_id": "U04TV4NASPK"
    }
]