[
    {
        "type": "message",
        "text": "いい感じ",
        "files": [
            {
                "id": "F0622EQ8BHP",
                "created": 1697635194,
                "timestamp": 1697635194,
                "name": "Screen Shot 2023-10-18 at 22.19.38.png",
                "title": "Screen Shot 2023-10-18 at 22.19.38.png",
                "mimetype": "image\/png",
                "filetype": "png",
                "pretty_type": "PNG",
                "user": "U04T201950F",
                "user_team": "T04TGFGMK7C",
                "editable": false,
                "size": 37042,
                "mode": "hosted",
                "is_external": false,
                "external_type": "",
                "is_public": true,
                "public_url_shared": false,
                "display_as_bot": false,
                "username": "",
                "url_private": "https:\/\/files.slack.com\/files-pri\/T04TGFGMK7C-F0622EQ8BHP\/screen_shot_2023-10-18_at_22.19.38.png?t=xoxe-4934526733250-6397687879216-6360367946327-fc1a6eed2fc8fac326fea1f2a3ab7c6e",
                "url_private_download": "https:\/\/files.slack.com\/files-pri\/T04TGFGMK7C-F0622EQ8BHP\/download\/screen_shot_2023-10-18_at_22.19.38.png?t=xoxe-4934526733250-6397687879216-6360367946327-fc1a6eed2fc8fac326fea1f2a3ab7c6e",
                "media_display_type": "unknown",
                "thumb_64": "https:\/\/files.slack.com\/files-tmb\/T04TGFGMK7C-F0622EQ8BHP-af6ed65888\/screen_shot_2023-10-18_at_22.19.38_64.png?t=xoxe-4934526733250-6397687879216-6360367946327-fc1a6eed2fc8fac326fea1f2a3ab7c6e",
                "thumb_80": "https:\/\/files.slack.com\/files-tmb\/T04TGFGMK7C-F0622EQ8BHP-af6ed65888\/screen_shot_2023-10-18_at_22.19.38_80.png?t=xoxe-4934526733250-6397687879216-6360367946327-fc1a6eed2fc8fac326fea1f2a3ab7c6e",
                "thumb_360": "https:\/\/files.slack.com\/files-tmb\/T04TGFGMK7C-F0622EQ8BHP-af6ed65888\/screen_shot_2023-10-18_at_22.19.38_360.png?t=xoxe-4934526733250-6397687879216-6360367946327-fc1a6eed2fc8fac326fea1f2a3ab7c6e",
                "thumb_360_w": 360,
                "thumb_360_h": 63,
                "thumb_480": "https:\/\/files.slack.com\/files-tmb\/T04TGFGMK7C-F0622EQ8BHP-af6ed65888\/screen_shot_2023-10-18_at_22.19.38_480.png?t=xoxe-4934526733250-6397687879216-6360367946327-fc1a6eed2fc8fac326fea1f2a3ab7c6e",
                "thumb_480_w": 480,
                "thumb_480_h": 84,
                "thumb_160": "https:\/\/files.slack.com\/files-tmb\/T04TGFGMK7C-F0622EQ8BHP-af6ed65888\/screen_shot_2023-10-18_at_22.19.38_160.png?t=xoxe-4934526733250-6397687879216-6360367946327-fc1a6eed2fc8fac326fea1f2a3ab7c6e",
                "thumb_720": "https:\/\/files.slack.com\/files-tmb\/T04TGFGMK7C-F0622EQ8BHP-af6ed65888\/screen_shot_2023-10-18_at_22.19.38_720.png?t=xoxe-4934526733250-6397687879216-6360367946327-fc1a6eed2fc8fac326fea1f2a3ab7c6e",
                "thumb_720_w": 720,
                "thumb_720_h": 125,
                "thumb_800": "https:\/\/files.slack.com\/files-tmb\/T04TGFGMK7C-F0622EQ8BHP-af6ed65888\/screen_shot_2023-10-18_at_22.19.38_800.png?t=xoxe-4934526733250-6397687879216-6360367946327-fc1a6eed2fc8fac326fea1f2a3ab7c6e",
                "thumb_800_w": 800,
                "thumb_800_h": 139,
                "thumb_960": "https:\/\/files.slack.com\/files-tmb\/T04TGFGMK7C-F0622EQ8BHP-af6ed65888\/screen_shot_2023-10-18_at_22.19.38_960.png?t=xoxe-4934526733250-6397687879216-6360367946327-fc1a6eed2fc8fac326fea1f2a3ab7c6e",
                "thumb_960_w": 960,
                "thumb_960_h": 167,
                "thumb_1024": "https:\/\/files.slack.com\/files-tmb\/T04TGFGMK7C-F0622EQ8BHP-af6ed65888\/screen_shot_2023-10-18_at_22.19.38_1024.png?t=xoxe-4934526733250-6397687879216-6360367946327-fc1a6eed2fc8fac326fea1f2a3ab7c6e",
                "thumb_1024_w": 1024,
                "thumb_1024_h": 178,
                "original_w": 1182,
                "original_h": 206,
                "thumb_tiny": "AwAIADDSOfWkw3rTqKAG4b1ow3rTqKAGEPnhuKUBtxyRt7DFOooA\/9k=",
                "permalink": "https:\/\/chubachi-pt-2023.slack.com\/files\/U04T201950F\/F0622EQ8BHP\/screen_shot_2023-10-18_at_22.19.38.png",
                "permalink_public": "https:\/\/slack-files.com\/T04TGFGMK7C-F0622EQ8BHP-2f87b3fd10",
                "is_starred": false,
                "has_rich_preview": false,
                "file_access": "visible"
            }
        ],
        "upload": false,
        "user": "U04T201950F",
        "display_as_bot": false,
        "ts": "1697635197.135749",
        "blocks": [
            {
                "type": "rich_text",
                "block_id": "HsHd+",
                "elements": [
                    {
                        "type": "rich_text_section",
                        "elements": [
                            {
                                "type": "text",
                                "text": "いい感じ"
                            }
                        ]
                    }
                ]
            }
        ],
        "client_msg_id": "3beb21b1-ebe1-4328-9f43-845a03aa538f",
        "reactions": [
            {
                "name": "thumbsup_all",
                "users": [
                    "U04T9TDB58W",
                    "U04TV4NASPK",
                    "U04TGBZ4XEX"
                ],
                "count": 3
            }
        ]
    },
    {
        "client_msg_id": "4c5c80da-06c0-4c10-9294-6483a2c22833",
        "type": "message",
        "text": "エラーになったときに他の人にソース見てもらいたい場合、リモートブランチにpushして、\n誰かにそのブランチチェックアウトして確認してほしいんだが、commitの時点でlinter走ってエラーになるから共有できないという\n運用的に問題ないならいいけど、みんなどうなんだろう",
        "user": "U04T201950F",
        "ts": "1697672906.077309",
        "blocks": [
            {
                "type": "rich_text",
                "block_id": "EpjXW",
                "elements": [
                    {
                        "type": "rich_text_section",
                        "elements": [
                            {
                                "type": "text",
                                "text": "エラーになったときに他の人にソース見てもらいたい場合、リモートブランチにpushして、\n誰かにそのブランチチェックアウトして確認してほしいんだが、commitの時点でlinter走ってエラーになるから共有できないという\n運用的に問題ないならいいけど、みんなどうなんだろう"
                            }
                        ]
                    }
                ]
            }
        ],
        "team": "T04TGFGMK7C",
        "user_team": "T04TGFGMK7C",
        "source_team": "T04TGFGMK7C",
        "user_profile": {
            "avatar_hash": "37195c285ebd",
            "image_72": "https:\/\/avatars.slack-edge.com\/2023-04-26\/5193192270752_37195c285ebdc8d65709_72.jpg",
            "first_name": "Dai",
            "real_name": "Dai Miyahara",
            "display_name": "Dai Miyahara",
            "team": "T04TGFGMK7C",
            "name": "a2240dm",
            "is_restricted": false,
            "is_ultra_restricted": false
        },
        "thread_ts": "1697672906.077309",
        "reply_count": 2,
        "reply_users_count": 2,
        "latest_reply": "1697678136.577249",
        "reply_users": [
            "U04T9TDB58W",
            "U04T201950F"
        ],
        "replies": [
            {
                "user": "U04T9TDB58W",
                "ts": "1697678047.105219"
            },
            {
                "user": "U04T201950F",
                "ts": "1697678136.577249"
            }
        ],
        "is_locked": false,
        "subscribed": false
    },
    {
        "client_msg_id": "12d61ccf-4e5c-48ff-a453-cf54c30303ef",
        "type": "message",
        "text": "一応上げる方法はありますが、draft PRが作れないのでやめてほしさがあります",
        "user": "U04T9TDB58W",
        "ts": "1697678047.105219",
        "blocks": [
            {
                "type": "rich_text",
                "block_id": "GC64m",
                "elements": [
                    {
                        "type": "rich_text_section",
                        "elements": [
                            {
                                "type": "text",
                                "text": "一応上げる方法はありますが、draft PRが作れないのでやめてほしさがあります"
                            }
                        ]
                    }
                ]
            }
        ],
        "team": "T04TGFGMK7C",
        "user_team": "T04TGFGMK7C",
        "source_team": "T04TGFGMK7C",
        "user_profile": {
            "avatar_hash": "183a619e0408",
            "image_72": "https:\/\/avatars.slack-edge.com\/2023-03-11\/4958815898464_183a619e0408c53031fd_72.jpg",
            "first_name": "Hibiki",
            "real_name": "Hibiki Mizuno",
            "display_name": "Jabelic スクラムマスター",
            "team": "T04TGFGMK7C",
            "name": "a2239hm",
            "is_restricted": false,
            "is_ultra_restricted": false
        },
        "thread_ts": "1697672906.077309",
        "parent_user_id": "U04T201950F"
    },
    {
        "client_msg_id": "bfe8e2bd-0214-449a-b3e6-7cf8b5c86356",
        "type": "message",
        "text": "あーなるほど、了解です",
        "user": "U04T201950F",
        "ts": "1697678136.577249",
        "blocks": [
            {
                "type": "rich_text",
                "block_id": "e87HQ",
                "elements": [
                    {
                        "type": "rich_text_section",
                        "elements": [
                            {
                                "type": "text",
                                "text": "あーなるほど、了解です"
                            }
                        ]
                    }
                ]
            }
        ],
        "team": "T04TGFGMK7C",
        "user_team": "T04TGFGMK7C",
        "source_team": "T04TGFGMK7C",
        "user_profile": {
            "avatar_hash": "37195c285ebd",
            "image_72": "https:\/\/avatars.slack-edge.com\/2023-04-26\/5193192270752_37195c285ebdc8d65709_72.jpg",
            "first_name": "Dai",
            "real_name": "Dai Miyahara",
            "display_name": "Dai Miyahara",
            "team": "T04TGFGMK7C",
            "name": "a2240dm",
            "is_restricted": false,
            "is_ultra_restricted": false
        },
        "thread_ts": "1697672906.077309",
        "parent_user_id": "U04T201950F"
    }
]