[
    {
        "client_msg_id": "88f7beb2-ee5b-41d6-a2dc-01934dddb2f9",
        "type": "message",
        "text": "ありがとうございます！修正しました:face_with_peeking_eye:",
        "user": "U04U66DSPEU",
        "ts": "1690814788.345839",
        "blocks": [
            {
                "type": "rich_text",
                "block_id": "GQc+",
                "elements": [
                    {
                        "type": "rich_text_section",
                        "elements": [
                            {
                                "type": "text",
                                "text": "ありがとうございます！修正しました"
                            },
                            {
                                "type": "emoji",
                                "name": "face_with_peeking_eye",
                                "unicode": "1fae3"
                            }
                        ]
                    }
                ]
            }
        ],
        "team": "T04TGFGMK7C",
        "user_team": "T04TGFGMK7C",
        "source_team": "T04TGFGMK7C",
        "user_profile": {
            "avatar_hash": "eded816e5002",
            "image_72": "https:\/\/avatars.slack-edge.com\/2023-04-25\/5164292307843_eded816e5002d89cd475_72.png",
            "first_name": "FABIAN",
            "real_name": "FABIAN M. FERNANDEZ",
            "display_name": "Fernandez",
            "team": "T04TGFGMK7C",
            "name": "a2237mf",
            "is_restricted": false,
            "is_ultra_restricted": false
        },
        "thread_ts": "1690617307.517099",
        "parent_user_id": "U04U66DSPEU",
        "reactions": [
            {
                "name": "eyes",
                "users": [
                    "U04T9TDB58W"
                ],
                "count": 1
            }
        ]
    }
]