[
    {
        "type": "message",
        "text": "sssss",
        "user": "USLACKBOT",
        "ts": "1699025203.003079",
        "blocks": [
            {
                "type": "rich_text",
                "block_id": "OEYzK",
                "elements": [
                    {
                        "type": "rich_text_section",
                        "elements": [
                            {
                                "type": "text",
                                "text": "sssss"
                            }
                        ]
                    }
                ]
            }
        ],
        "team": "T04TGFGMK7C",
        "user_team": "T04TGFGMK7C",
        "source_team": "T04TGFGMK7C",
        "user_profile": {
            "avatar_hash": "sv41d8cd98f0",
            "image_72": "https:\/\/a.slack-edge.com\/80588\/img\/slackbot_72.png",
            "first_name": "slackbot",
            "real_name": "Slackbot",
            "display_name": "Slackbot",
            "team": "T04TGFGMK7C",
            "name": "slackbot",
            "is_restricted": false,
            "is_ultra_restricted": false
        },
        "subtype": "document_comment_root",
        "document_comment": {
            "thread_id": "temp:C:ZOPe03df66db3c14cb88d25e1c6a",
            "authors": [
                "U04TV4NASPK"
            ],
            "section_edited_ts": 1699032497921294,
            "section_created_ts": 1699025194200227,
            "is_archived": false,
            "is_visible": true,
            "most_recent_editor": "U04TV4NASPK"
        }
    }
]