[
    {
        "client_msg_id": "66b6ad85-b6bd-4536-a030-f945b166ed61",
        "type": "message",
        "text": "完全に週報を忘れていた。やらねば",
        "user": "U04U66DNCRE",
        "ts": "1697376722.418329",
        "blocks": [
            {
                "type": "rich_text",
                "block_id": "vXhVh",
                "elements": [
                    {
                        "type": "rich_text_section",
                        "elements": [
                            {
                                "type": "text",
                                "text": "完全に週報を忘れていた。やらねば"
                            }
                        ]
                    }
                ]
            }
        ],
        "team": "T04TGFGMK7C",
        "user_team": "T04TGFGMK7C",
        "source_team": "T04TGFGMK7C",
        "user_profile": {
            "avatar_hash": "0e82c2c0bd34",
            "image_72": "https:\/\/avatars.slack-edge.com\/2023-04-25\/5161183917605_0e82c2c0bd34f978f1fd_72.jpg",
            "first_name": "Ohno",
            "real_name": "Ohno Hiroto",
            "display_name": "Ohno Hiroto",
            "team": "T04TGFGMK7C",
            "name": "a2206ho",
            "is_restricted": false,
            "is_ultra_restricted": false
        }
    }
]