[
    {
        "client_msg_id": "e3e288a3-6503-498e-8361-a248d3c4be51",
        "type": "message",
        "text": "個人がこのPBLに望むもの",
        "user": "U04TV4NASPK",
        "ts": "1690889417.860679",
        "blocks": [
            {
                "type": "rich_text",
                "block_id": "ZRb",
                "elements": [
                    {
                        "type": "rich_text_section",
                        "elements": [
                            {
                                "type": "text",
                                "text": "個人がこのPBLに望むもの"
                            }
                        ]
                    }
                ]
            }
        ],
        "team": "T04TGFGMK7C",
        "user_team": "T04TGFGMK7C",
        "source_team": "T04TGFGMK7C",
        "user_profile": {
            "avatar_hash": "342942264635",
            "image_72": "https:\/\/avatars.slack-edge.com\/2023-03-11\/4927985433382_34294226463524804a2d_72.jpg",
            "first_name": "Nakayama",
            "real_name": "Nakayama Kenta",
            "display_name": "Nakayama",
            "team": "T04TGFGMK7C",
            "name": "a2231kn",
            "is_restricted": false,
            "is_ultra_restricted": false
        }
    }
]