[
    {
        "client_msg_id": "1ec4e0d9-26b3-44c3-a982-cae40fc65f64",
        "type": "message",
        "text": "確認しますー",
        "user": "U04U66DSPEU",
        "ts": "1699275566.793869",
        "blocks": [
            {
                "type": "rich_text",
                "block_id": "qpaLQ",
                "elements": [
                    {
                        "type": "rich_text_section",
                        "elements": [
                            {
                                "type": "text",
                                "text": "確認しますー"
                            }
                        ]
                    }
                ]
            }
        ],
        "team": "T04TGFGMK7C",
        "user_team": "T04TGFGMK7C",
        "source_team": "T04TGFGMK7C",
        "user_profile": {
            "avatar_hash": "eded816e5002",
            "image_72": "https:\/\/avatars.slack-edge.com\/2023-04-25\/5164292307843_eded816e5002d89cd475_72.png",
            "first_name": "FABIAN",
            "real_name": "FABIAN M. FERNANDEZ",
            "display_name": "Fernandez",
            "team": "T04TGFGMK7C",
            "name": "a2237mf",
            "is_restricted": false,
            "is_ultra_restricted": false
        },
        "thread_ts": "1699207783.458299",
        "parent_user_id": "U04T9TDB58W"
    },
    {
        "client_msg_id": "dae3f731-cd01-44d1-91d1-50da67ea7ee6",
        "type": "message",
        "text": "不具合が修正されたことを確認しました。\nそしてなんと、削除もできるようになっていますね　ナイス",
        "user": "U04U66DSPEU",
        "ts": "1699277573.587129",
        "blocks": [
            {
                "type": "rich_text",
                "block_id": "K8znV",
                "elements": [
                    {
                        "type": "rich_text_section",
                        "elements": [
                            {
                                "type": "text",
                                "text": "不具合が修正されたことを確認しました。\nそしてなんと、削除もできるようになっていますね　ナイス"
                            }
                        ]
                    }
                ]
            }
        ],
        "team": "T04TGFGMK7C",
        "user_team": "T04TGFGMK7C",
        "source_team": "T04TGFGMK7C",
        "user_profile": {
            "avatar_hash": "eded816e5002",
            "image_72": "https:\/\/avatars.slack-edge.com\/2023-04-25\/5164292307843_eded816e5002d89cd475_72.png",
            "first_name": "FABIAN",
            "real_name": "FABIAN M. FERNANDEZ",
            "display_name": "Fernandez",
            "team": "T04TGFGMK7C",
            "name": "a2237mf",
            "is_restricted": false,
            "is_ultra_restricted": false
        },
        "thread_ts": "1699207783.458299",
        "parent_user_id": "U04T9TDB58W",
        "reactions": [
            {
                "name": "+1",
                "users": [
                    "U04T9TDB58W"
                ],
                "count": 1
            }
        ]
    },
    {
        "client_msg_id": "54667352-B7A0-44EB-B299-E0F7B1F606CE",
        "type": "message",
        "text": "<@U04T9TDB58W> \nお疲れ様です。\nフロントエンドのタスクで私が引き取っても良いタスクってありますでしょうか？\n今日中に対応完了は難しいですが、作業着手は可能な状態です :man-bowing: ",
        "user": "U04U66DNCRE",
        "ts": "1699279504.239529",
        "blocks": [
            {
                "type": "rich_text",
                "block_id": "r8CQc",
                "elements": [
                    {
                        "type": "rich_text_section",
                        "elements": [
                            {
                                "type": "user",
                                "user_id": "U04T9TDB58W"
                            },
                            {
                                "type": "text",
                                "text": " \nお疲れ様です。\nフロントエンドのタスクで私が引き取っても良いタスクってありますでしょうか？\n今日中に対応完了は難しいですが、作業着手は可能な状態です "
                            },
                            {
                                "type": "emoji",
                                "name": "man-bowing",
                                "unicode": "1f647-200d-2642-fe0f"
                            },
                            {
                                "type": "text",
                                "text": " "
                            }
                        ]
                    }
                ]
            }
        ],
        "team": "T04TGFGMK7C",
        "user_team": "T04TGFGMK7C",
        "source_team": "T04TGFGMK7C",
        "user_profile": {
            "avatar_hash": "0e82c2c0bd34",
            "image_72": "https:\/\/avatars.slack-edge.com\/2023-04-25\/5161183917605_0e82c2c0bd34f978f1fd_72.jpg",
            "first_name": "Ohno",
            "real_name": "Ohno Hiroto",
            "display_name": "Ohno Hiroto",
            "team": "T04TGFGMK7C",
            "name": "a2206ho",
            "is_restricted": false,
            "is_ultra_restricted": false
        },
        "thread_ts": "1699279504.239529",
        "reply_count": 2,
        "reply_users_count": 2,
        "latest_reply": "1699286395.704639",
        "reply_users": [
            "U04TDHFKJ85",
            "U04T9TDB58W"
        ],
        "replies": [
            {
                "user": "U04TDHFKJ85",
                "ts": "1699280747.201009"
            },
            {
                "user": "U04T9TDB58W",
                "ts": "1699286395.704639"
            }
        ],
        "is_locked": false,
        "subscribed": false,
        "reactions": [
            {
                "name": "eyes",
                "users": [
                    "U04T9TDB58W"
                ],
                "count": 1
            }
        ]
    },
    {
        "client_msg_id": "de370afd-807d-4b73-a07e-dd76a0f5b636",
        "type": "message",
        "text": "<@U04U66DSPEU> \nお疲れ様です。すみません、上記の件についてですが、木曜以降の夜、どこかの時間帯にみていただくことは可能でしょうか？（すみません、水曜の夜は予定が入っており:pray:）私は夜だと19時もしくは20時以降はいつでも大丈夫です:ok_woman:",
        "user": "U04TDHFKJ85",
        "ts": "1699280512.544999",
        "blocks": [
            {
                "type": "rich_text",
                "block_id": "DvdwO",
                "elements": [
                    {
                        "type": "rich_text_section",
                        "elements": [
                            {
                                "type": "user",
                                "user_id": "U04U66DSPEU"
                            },
                            {
                                "type": "text",
                                "text": " \nお疲れ様です。すみません、上記の件についてですが、木曜以降の夜、どこかの時間帯にみていただくことは可能でしょうか？（すみません、水曜の夜は予定が入っており"
                            },
                            {
                                "type": "emoji",
                                "name": "pray",
                                "unicode": "1f64f"
                            },
                            {
                                "type": "text",
                                "text": "）私は夜だと19時もしくは20時以降はいつでも大丈夫です"
                            },
                            {
                                "type": "emoji",
                                "name": "ok_woman",
                                "unicode": "1f646"
                            }
                        ]
                    }
                ]
            }
        ],
        "team": "T04TGFGMK7C",
        "user_team": "T04TGFGMK7C",
        "source_team": "T04TGFGMK7C",
        "user_profile": {
            "avatar_hash": "4f9ceaf45fef",
            "image_72": "https:\/\/avatars.slack-edge.com\/2023-04-25\/5158348926726_4f9ceaf45fefba755a9b_72.jpg",
            "first_name": "鈴木真希",
            "real_name": "鈴木真希",
            "display_name": "",
            "team": "T04TGFGMK7C",
            "name": "a2216ms",
            "is_restricted": false,
            "is_ultra_restricted": false
        },
        "thread_ts": "1698846025.847279",
        "parent_user_id": "U04U66DSPEU"
    },
    {
        "client_msg_id": "0972dc7e-761d-4f01-b106-bb461483ec32",
        "type": "message",
        "text": "<@U04T9TDB58W>\n私も\n<https:\/\/chubachi-pt-2023.atlassian.net\/browse\/AT-605>\nの問題がまだ残ってますが、それ以外は特にないと思っているので、引き取れそうなタスクがあればおっしゃってください:pray:",
        "user": "U04TDHFKJ85",
        "ts": "1699280747.201009",
        "blocks": [
            {
                "type": "rich_text",
                "block_id": "iyHyT",
                "elements": [
                    {
                        "type": "rich_text_section",
                        "elements": [
                            {
                                "type": "user",
                                "user_id": "U04T9TDB58W"
                            },
                            {
                                "type": "text",
                                "text": "\n私も\n"
                            },
                            {
                                "type": "link",
                                "url": "https:\/\/chubachi-pt-2023.atlassian.net\/browse\/AT-605"
                            },
                            {
                                "type": "text",
                                "text": "\nの問題がまだ残ってますが、それ以外は特にないと思っているので、引き取れそうなタスクがあればおっしゃってください"
                            },
                            {
                                "type": "emoji",
                                "name": "pray",
                                "unicode": "1f64f"
                            }
                        ]
                    }
                ]
            }
        ],
        "team": "T04TGFGMK7C",
        "user_team": "T04TGFGMK7C",
        "source_team": "T04TGFGMK7C",
        "user_profile": {
            "avatar_hash": "4f9ceaf45fef",
            "image_72": "https:\/\/avatars.slack-edge.com\/2023-04-25\/5158348926726_4f9ceaf45fefba755a9b_72.jpg",
            "first_name": "鈴木真希",
            "real_name": "鈴木真希",
            "display_name": "",
            "team": "T04TGFGMK7C",
            "name": "a2216ms",
            "is_restricted": false,
            "is_ultra_restricted": false
        },
        "edited": {
            "user": "U04TDHFKJ85",
            "ts": "1699280782.000000"
        },
        "attachments": [
            {
                "id": 1,
                "blocks": [
                    {
                        "type": "section",
                        "block_id": "uf:ih:10636::615850107cb011eeb6ae9707ea475a74",
                        "text": {
                            "type": "mrkdwn",
                            "text": "*<https:\/\/chubachi-pt-2023.atlassian.net\/browse\/AT-605?atlOrigin=eyJpIjoiZDIyNzYxYWFlMzVjNDA4ODhjYzZiNGZmMDNkZWEwNzEiLCJwIjoiamlyYS1zbGFjay1pbnQifQ|AT-605 【WSL】local-apiがのローカルデータ元を参照しない>*",
                            "verbatim": false
                        }
                    },
                    {
                        "type": "context",
                        "block_id": "uf:cx:10636::615850127cb011eeb6ae9707ea475a74",
                        "elements": [
                            {
                                "type": "mrkdwn",
                                "text": "Status: *To Do*",
                                "verbatim": false
                            },
                            {
                                "type": "image",
                                "image_url": "https:\/\/product-integrations-cdn.atl-paas.net\/jira-issuetype\/task.png",
                                "alt_text": "Task"
                            },
                            {
                                "type": "mrkdwn",
                                "text": "Type: *Task*",
                                "verbatim": false
                            },
                            {
                                "type": "image",
                                "image_url": "https:\/\/product-integrations-cdn.atl-paas.net\/icons\/unknown-user.png",
                                "alt_text": "Unassigned"
                            },
                            {
                                "type": "mrkdwn",
                                "text": "Assignee: *Unassigned*",
                                "verbatim": false
                            },
                            {
                                "type": "image",
                                "image_url": "https:\/\/product-integrations-cdn.atl-paas.net\/jira-priority\/medium.png",
                                "alt_text": "Medium"
                            },
                            {
                                "type": "mrkdwn",
                                "text": "Priority: *Medium*",
                                "verbatim": false
                            }
                        ]
                    },
                    {
                        "type": "actions",
                        "block_id": "uf:issueFooterActions:10636::615850117cb011eeb6ae9707ea475a74",
                        "elements": [
                            {
                                "type": "button",
                                "action_id": "{\"issueId\":\"10636\",\"instanceId\":\"5c23e16f-eefd-3c64-9603-064f32c410c0\",\"projectId\":\"10002\",\"action\":\"watch\",\"nType\":\"ISSUE_UNFURL\",\"nPlace\":\"main\"}",
                                "text": {
                                    "type": "plain_text",
                                    "text": "Watch",
                                    "emoji": true
                                },
                                "value": "watch"
                            },
                            {
                                "type": "static_select",
                                "action_id": "{\"issueId\":\"10636\",\"instanceId\":\"5c23e16f-eefd-3c64-9603-064f32c410c0\",\"projectId\":\"10002\",\"nType\":\"ISSUE_UNFURL\",\"nPlace\":\"menu\"}",
                                "placeholder": {
                                    "type": "plain_text",
                                    "text": "More actions...",
                                    "emoji": true
                                },
                                "options": [
                                    {
                                        "text": {
                                            "type": "plain_text",
                                            "text": "Comment",
                                            "emoji": true
                                        },
                                        "value": "comment"
                                    },
                                    {
                                        "text": {
                                            "type": "plain_text",
                                            "text": "Assign",
                                            "emoji": true
                                        },
                                        "value": "assign"
                                    },
                                    {
                                        "text": {
                                            "type": "plain_text",
                                            "text": "Transition",
                                            "emoji": true
                                        },
                                        "value": "transition"
                                    },
                                    {
                                        "text": {
                                            "type": "plain_text",
                                            "text": "Why am I seeing this?",
                                            "emoji": true
                                        },
                                        "value": "why"
                                    },
                                    {
                                        "text": {
                                            "type": "plain_text",
                                            "text": "Receive updates in channel",
                                            "emoji": true
                                        },
                                        "value": "connect"
                                    }
                                ]
                            }
                        ]
                    }
                ],
                "color": "#2684FF",
                "fallback": "[no preview available]",
                "bot_id": "B054V2LRMFX",
                "app_unfurl_url": "https:\/\/chubachi-pt-2023.atlassian.net\/browse\/AT-605",
                "is_app_unfurl": true,
                "app_id": "A2RPP3NFR"
            }
        ],
        "thread_ts": "1699279504.239529",
        "parent_user_id": "U04U66DNCRE",
        "reactions": [
            {
                "name": "eyes",
                "users": [
                    "U04T9TDB58W"
                ],
                "count": 1
            }
        ]
    },
    {
        "client_msg_id": "bbc557d6-4169-4cc8-9277-ea6674872b53",
        "type": "message",
        "text": "19時は大丈夫だと思います！よろしくお願いします！",
        "user": "U04U66DSPEU",
        "ts": "1699282751.928129",
        "blocks": [
            {
                "type": "rich_text",
                "block_id": "8GH+M",
                "elements": [
                    {
                        "type": "rich_text_section",
                        "elements": [
                            {
                                "type": "text",
                                "text": "19時は大丈夫だと思います！よろしくお願いします！"
                            }
                        ]
                    }
                ]
            }
        ],
        "team": "T04TGFGMK7C",
        "user_team": "T04TGFGMK7C",
        "source_team": "T04TGFGMK7C",
        "user_profile": {
            "avatar_hash": "eded816e5002",
            "image_72": "https:\/\/avatars.slack-edge.com\/2023-04-25\/5164292307843_eded816e5002d89cd475_72.png",
            "first_name": "FABIAN",
            "real_name": "FABIAN M. FERNANDEZ",
            "display_name": "Fernandez",
            "team": "T04TGFGMK7C",
            "name": "a2237mf",
            "is_restricted": false,
            "is_ultra_restricted": false
        },
        "thread_ts": "1698846025.847279",
        "parent_user_id": "U04U66DSPEU"
    }
]