[
    {
        "bot_id": "B01",
        "type": "message",
        "text": "リマインダー : 今週のスプリントゴールは「ユーザーがログインできる」ことです。今日やることを記載してください。",
        "user": "USLACKBOT",
        "ts": "1698624013.472999",
        "blocks": [
            {
                "type": "rich_text",
                "block_id": "sKy",
                "elements": [
                    {
                        "type": "rich_text_section",
                        "elements": [
                            {
                                "type": "text",
                                "text": "リマインダー : 今週のスプリントゴールは「ユーザーがログインできる」ことです。今日やることを記載してください。"
                            }
                        ]
                    }
                ]
            }
        ],
        "team": "T04TGFGMK7C",
        "thread_ts": "1698624013.472999",
        "reply_count": 3,
        "reply_users_count": 3,
        "latest_reply": "1698681843.192619",
        "reply_users": [
            "U04TV4NASPK",
            "U04T9TDB58W",
            "U04U66DNCRE"
        ],
        "replies": [
            {
                "user": "U04TV4NASPK",
                "ts": "1698627912.704069"
            },
            {
                "user": "U04T9TDB58W",
                "ts": "1698630347.850289"
            },
            {
                "user": "U04U66DNCRE",
                "ts": "1698681843.192619"
            }
        ],
        "is_locked": false,
        "subscribed": false
    },
    {
        "client_msg_id": "6708680a-7cba-4b2c-baef-72d2dba43944",
        "type": "message",
        "text": "ログイン周り対応と画像取得箇所の調査",
        "user": "U04TGBZ4XEX",
        "ts": "1698627866.020429",
        "blocks": [
            {
                "type": "rich_text",
                "block_id": "ETOMR",
                "elements": [
                    {
                        "type": "rich_text_section",
                        "elements": [
                            {
                                "type": "text",
                                "text": "ログイン周り対応と画像取得箇所の調査"
                            }
                        ]
                    }
                ]
            }
        ],
        "team": "T04TGFGMK7C",
        "user_team": "T04TGFGMK7C",
        "source_team": "T04TGFGMK7C",
        "user_profile": {
            "avatar_hash": "824241a82bdf",
            "image_72": "https:\/\/avatars.slack-edge.com\/2023-05-03\/5205694948836_824241a82bdf37206daa_72.jpg",
            "first_name": "satoshi.​hirata",
            "real_name": "satoshi.​hirata",
            "display_name": "satoshi.hirata",
            "team": "T04TGFGMK7C",
            "name": "a2236sh",
            "is_restricted": false,
            "is_ultra_restricted": false
        },
        "thread_ts": "1698537611.047569",
        "parent_user_id": "USLACKBOT"
    },
    {
        "client_msg_id": "e137ef28-3524-4db0-8d81-48ada58a5579",
        "type": "message",
        "text": "0件表示対応、検索フィルタデータ構造",
        "user": "U04TV4NASPK",
        "ts": "1698627912.704069",
        "blocks": [
            {
                "type": "rich_text",
                "block_id": "hQlh7",
                "elements": [
                    {
                        "type": "rich_text_section",
                        "elements": [
                            {
                                "type": "text",
                                "text": "0件表示対応、検索フィルタデータ構造"
                            }
                        ]
                    }
                ]
            }
        ],
        "team": "T04TGFGMK7C",
        "user_team": "T04TGFGMK7C",
        "source_team": "T04TGFGMK7C",
        "user_profile": {
            "avatar_hash": "342942264635",
            "image_72": "https:\/\/avatars.slack-edge.com\/2023-03-11\/4927985433382_34294226463524804a2d_72.jpg",
            "first_name": "Nakayama",
            "real_name": "Nakayama Kenta",
            "display_name": "Nakayama",
            "team": "T04TGFGMK7C",
            "name": "a2231kn",
            "is_restricted": false,
            "is_ultra_restricted": false
        },
        "thread_ts": "1698624013.472999",
        "parent_user_id": "USLACKBOT"
    },
    {
        "client_msg_id": "c9cf1a7b-d9d0-45a1-bd50-66259809f763",
        "type": "message",
        "text": "<https:\/\/github.com\/chubachi-pt-2023\/atomono-front\/pull\/86> 取り込むかもです(mobile menu)",
        "user": "U04T9TDB58W",
        "ts": "1698630347.850289",
        "blocks": [
            {
                "type": "rich_text",
                "block_id": "8aAO+",
                "elements": [
                    {
                        "type": "rich_text_section",
                        "elements": [
                            {
                                "type": "link",
                                "url": "https:\/\/github.com\/chubachi-pt-2023\/atomono-front\/pull\/86"
                            },
                            {
                                "type": "text",
                                "text": " 取り込むかもです(mobile menu)"
                            }
                        ]
                    }
                ]
            }
        ],
        "team": "T04TGFGMK7C",
        "user_team": "T04TGFGMK7C",
        "source_team": "T04TGFGMK7C",
        "user_profile": {
            "avatar_hash": "183a619e0408",
            "image_72": "https:\/\/avatars.slack-edge.com\/2023-03-11\/4958815898464_183a619e0408c53031fd_72.jpg",
            "first_name": "Hibiki",
            "real_name": "Hibiki Mizuno",
            "display_name": "Jabelic スクラムマスター",
            "team": "T04TGFGMK7C",
            "name": "a2239hm",
            "is_restricted": false,
            "is_ultra_restricted": false
        },
        "thread_ts": "1698624013.472999",
        "parent_user_id": "USLACKBOT"
    }
]