[
    {
        "type": "message",
        "subtype": "reminder_add",
        "text": "  毎日 21:00 , 日本標準時 にこのチャンネルでこれをリマインドするよう設定しました : “!here   今週のスプリントゴールは「ユーザーがログインできる」ことです。今日やることを記載してください。” ",
        "user": "U04TV4NASPK",
        "ts": "1698158708.402779"
    },
    {
        "type": "message",
        "subtype": "reminder_add",
        "text": "  毎日 9:00 , 日本標準時 にこのチャンネルでこれをリマインドするよう設定しました : “今週のスプリントゴールは「ユーザーがログインできる」ことです。今日やることを記載してください。” ",
        "user": "U04TV4NASPK",
        "ts": "1698158767.215719"
    },
    {
        "bot_id": "B01",
        "type": "message",
        "text": "リマインダー : 今週のスプリントゴールは「ユーザーがログインできる」ことです。今日やることを記載してください。",
        "user": "USLACKBOT",
        "ts": "1698192008.052289",
        "blocks": [
            {
                "type": "rich_text",
                "block_id": "P1u",
                "elements": [
                    {
                        "type": "rich_text_section",
                        "elements": [
                            {
                                "type": "text",
                                "text": "リマインダー : 今週のスプリントゴールは「ユーザーがログインできる」ことです。今日やることを記載してください。"
                            }
                        ]
                    }
                ]
            }
        ],
        "team": "T04TGFGMK7C",
        "thread_ts": "1698192008.052289",
        "reply_count": 3,
        "reply_users_count": 3,
        "latest_reply": "1698289261.510109",
        "reply_users": [
            "U04T9TDB58W",
            "U04TV4NASPK",
            "U04U66DSPEU"
        ],
        "replies": [
            {
                "user": "U04T9TDB58W",
                "ts": "1698207773.162339"
            },
            {
                "user": "U04TV4NASPK",
                "ts": "1698226566.907589"
            },
            {
                "user": "U04U66DSPEU",
                "ts": "1698289261.510109"
            }
        ],
        "is_locked": false,
        "subscribed": false
    },
    {
        "client_msg_id": "5a0bedc8-b647-44f6-ac52-60f3e144fd93",
        "type": "message",
        "text": "今日は授業を消化します。cache周り、nextのissueを漁ります",
        "user": "U04T9TDB58W",
        "ts": "1698207773.162339",
        "blocks": [
            {
                "type": "rich_text",
                "block_id": "4JO9b",
                "elements": [
                    {
                        "type": "rich_text_section",
                        "elements": [
                            {
                                "type": "text",
                                "text": "今日は授業を消化します。cache周り、nextのissueを漁ります"
                            }
                        ]
                    }
                ]
            }
        ],
        "team": "T04TGFGMK7C",
        "user_team": "T04TGFGMK7C",
        "source_team": "T04TGFGMK7C",
        "user_profile": {
            "avatar_hash": "183a619e0408",
            "image_72": "https:\/\/avatars.slack-edge.com\/2023-03-11\/4958815898464_183a619e0408c53031fd_72.jpg",
            "first_name": "Hibiki",
            "real_name": "Hibiki Mizuno",
            "display_name": "Jabelic スクラムマスター",
            "team": "T04TGFGMK7C",
            "name": "a2239hm",
            "is_restricted": false,
            "is_ultra_restricted": false
        },
        "thread_ts": "1698192008.052289",
        "parent_user_id": "USLACKBOT"
    }
]