[
    {
        "client_msg_id": "94f23077-c714-433f-9f83-2e14a567e319",
        "type": "message",
        "text": "今日BQをブラウザでいじってて進められたこと。\nlocalのtext editorにブラウザのエディタ同期させることができる\n\n<https:\/\/chrome.google.com\/webstore\/detail\/ghosttext\/godiecgffnchndlihlpaajjcplehddca>\n<https:\/\/marketplace.visualstudio.com\/items?itemName=fregante.ghost-text>\n\n両方インスコしてブラウザのボタン押すだけ。",
        "user": "U04TV4NASPK",
        "ts": "1698154191.610599",
        "blocks": [
            {
                "type": "rich_text",
                "block_id": "iWAVZ",
                "elements": [
                    {
                        "type": "rich_text_section",
                        "elements": [
                            {
                                "type": "text",
                                "text": "今日BQをブラウザでいじってて進められたこと。\nlocalのtext editorにブラウザのエディタ同期させることができる\n\n"
                            },
                            {
                                "type": "link",
                                "url": "https:\/\/chrome.google.com\/webstore\/detail\/ghosttext\/godiecgffnchndlihlpaajjcplehddca"
                            },
                            {
                                "type": "text",
                                "text": "\n"
                            },
                            {
                                "type": "link",
                                "url": "https:\/\/marketplace.visualstudio.com\/items?itemName=fregante.ghost-text"
                            },
                            {
                                "type": "text",
                                "text": "\n\n両方インスコしてブラウザのボタン押すだけ。"
                            }
                        ]
                    }
                ]
            }
        ],
        "team": "T04TGFGMK7C",
        "user_team": "T04TGFGMK7C",
        "source_team": "T04TGFGMK7C",
        "user_profile": {
            "avatar_hash": "342942264635",
            "image_72": "https:\/\/avatars.slack-edge.com\/2023-03-11\/4927985433382_34294226463524804a2d_72.jpg",
            "first_name": "Nakayama",
            "real_name": "Nakayama Kenta",
            "display_name": "Nakayama",
            "team": "T04TGFGMK7C",
            "name": "a2231kn",
            "is_restricted": false,
            "is_ultra_restricted": false
        },
        "attachments": [
            {
                "from_url": "https:\/\/chrome.google.com\/webstore\/detail\/ghosttext\/godiecgffnchndlihlpaajjcplehddca",
                "service_icon": "https:\/\/www.google.com\/images\/icons\/product\/chrome_web_store-32.png",
                "thumb_url": "https:\/\/lh3.googleusercontent.com\/m5Ze7gaPoy_c3Ebjp5DEEbIwkrZN6PegyuYYa1fGn3uW6yFa-jRfCYVON0yMAY1c84cDyGuXvin1v6pSL-4EfPhU",
                "thumb_width": 128,
                "thumb_height": 128,
                "id": 1,
                "original_url": "https:\/\/chrome.google.com\/webstore\/detail\/ghosttext\/godiecgffnchndlihlpaajjcplehddca",
                "fallback": "GhostText",
                "text": "Write in the browser with your text editor.",
                "title": "GhostText",
                "title_link": "https:\/\/chrome.google.com\/webstore\/detail\/ghosttext\/godiecgffnchndlihlpaajjcplehddca",
                "service_name": "chrome.google.com"
            },
            {
                "from_url": "https:\/\/marketplace.visualstudio.com\/items?itemName=fregante.ghost-text",
                "service_icon": "https:\/\/marketplace.visualstudio.com\/favicon.ico",
                "thumb_url": "https:\/\/fregante.gallerycdn.vsassets.io\/extensions\/fregante\/ghost-text\/1.4.0\/1679886901648\/Microsoft.VisualStudio.Services.Icons.Default",
                "thumb_width": 128,
                "thumb_height": 128,
                "id": 2,
                "original_url": "https:\/\/marketplace.visualstudio.com\/items?itemName=fregante.ghost-text",
                "fallback": "GhostText Official - Visual Studio Marketplace",
                "text": "Extension for Visual Studio Code - Write in the browser with VSCode",
                "title": "GhostText Official - Visual Studio Marketplace",
                "title_link": "https:\/\/marketplace.visualstudio.com\/items?itemName=fregante.ghost-text",
                "service_name": "marketplace.visualstudio.com"
            }
        ],
        "thread_ts": "1698154191.610599",
        "reply_count": 1,
        "reply_users_count": 1,
        "latest_reply": "1698329745.505739",
        "reply_users": [
            "U04U66DSPEU"
        ],
        "replies": [
            {
                "user": "U04U66DSPEU",
                "ts": "1698329745.505739"
            }
        ],
        "is_locked": false,
        "subscribed": false
    }
]