[
    {
        "client_msg_id": "0CE7031C-CE6F-45D0-A050-FC8375AFA5BD",
        "type": "message",
        "text": "とりあえず飯作ろう。腹減りすぎて死ぬ",
        "user": "U04U66DNCRE",
        "ts": "1698842705.003719",
        "blocks": [
            {
                "type": "rich_text",
                "block_id": "jG1I1",
                "elements": [
                    {
                        "type": "rich_text_section",
                        "elements": [
                            {
                                "type": "text",
                                "text": "とりあえず飯作ろう。腹減りすぎて死ぬ"
                            }
                        ]
                    }
                ]
            }
        ],
        "team": "T04TGFGMK7C",
        "user_team": "T04TGFGMK7C",
        "source_team": "T04TGFGMK7C",
        "user_profile": {
            "avatar_hash": "0e82c2c0bd34",
            "image_72": "https:\/\/avatars.slack-edge.com\/2023-04-25\/5161183917605_0e82c2c0bd34f978f1fd_72.jpg",
            "first_name": "Ohno",
            "real_name": "Ohno Hiroto",
            "display_name": "Ohno Hiroto",
            "team": "T04TGFGMK7C",
            "name": "a2206ho",
            "is_restricted": false,
            "is_ultra_restricted": false
        }
    }
]