[
    {
        "client_msg_id": "c8ceaed4-aca4-4c8f-9091-a672101cdf0c",
        "type": "message",
        "text": "初歩的なお作法とかが分かってないの辛い",
        "user": "U04U66DNCRE",
        "ts": "1699026582.444379",
        "blocks": [
            {
                "type": "rich_text",
                "block_id": "onm\/X",
                "elements": [
                    {
                        "type": "rich_text_section",
                        "elements": [
                            {
                                "type": "text",
                                "text": "初歩的なお作法とかが分かってないの辛い"
                            }
                        ]
                    }
                ]
            }
        ],
        "team": "T04TGFGMK7C",
        "user_team": "T04TGFGMK7C",
        "source_team": "T04TGFGMK7C",
        "user_profile": {
            "avatar_hash": "0e82c2c0bd34",
            "image_72": "https:\/\/avatars.slack-edge.com\/2023-04-25\/5161183917605_0e82c2c0bd34f978f1fd_72.jpg",
            "first_name": "Ohno",
            "real_name": "Ohno Hiroto",
            "display_name": "Ohno Hiroto",
            "team": "T04TGFGMK7C",
            "name": "a2206ho",
            "is_restricted": false,
            "is_ultra_restricted": false
        }
    }
]