[
    {
        "bot_id": "B059VDWGJ78",
        "type": "message",
        "text": "",
        "user": "U05ARP37D96",
        "ts": "1697404939.395459",
        "app_id": "A01BP7R4KNY",
        "team": "T04TGFGMK7C",
        "bot_profile": {
            "id": "B059VDWGJ78",
            "app_id": "A01BP7R4KNY",
            "name": "GitHub",
            "icons": {
                "image_36": "https:\/\/avatars.slack-edge.com\/2020-11-25\/1527503386626_319578f21381f9641cd8_36.png",
                "image_48": "https:\/\/avatars.slack-edge.com\/2020-11-25\/1527503386626_319578f21381f9641cd8_48.png",
                "image_72": "https:\/\/avatars.slack-edge.com\/2020-11-25\/1527503386626_319578f21381f9641cd8_72.png"
            },
            "deleted": false,
            "updated": 1685444374,
            "team_id": "T04TGFGMK7C"
        },
        "edited": {
            "user": "B059VDWGJ78",
            "ts": "1697419620.000000"
        },
        "attachments": [
            {
                "id": 1,
                "footer_icon": "https:\/\/slack.github.com\/static\/img\/favicon-neutral.png",
                "ts": 1697404936,
                "color": "6f42c1",
                "fallback": "[chubachi-pt-2023\/atomono-api] Pull request opened by dependabot[bot]",
                "text": "Bumps <https:\/\/github.com\/rubocop\/rubocop|rubocop> from 1.57.0 to 1.57.1.\n\nRelease notes\n\n_Sourced from <https:\/\/github.com\/rubocop\/rubocop\/releases|rubocop's releases>._\n\n&gt; *RuboCop 1.57.1*\n&gt; *Bug fixes*\n&gt; \n&gt; • <https:\/\/redirect.github.com\/rubocop\/rubocop\/issues\/12271|#12271>: Fix a false positive for `Lint\/RedundantSafeNavigation` when using snake case constant receiver. (<https:\/\/github.com\/koic|`@​koic`>)\n&gt; • <https:\/\/redirect.github.com\/rubocop\/rubocop\/issues\/12265|#12265>: Fix an error for `Layout\/MultilineMethodCallIndentation` when usingarithmetic operation with block inside a grouped expression. (<https:\/\/github.com\/koic|`@​koic`>)\n&gt; • <https:\/\/redirect.github.com\/rubocop\/rubocop\/pull\/12177|#12177>: Fix an incorrect autocorrect for `Style\/RedundantException`. (<https:\/\/github.com\/ydah|`@​ydah`>)\n&gt; • <https:\/\/redirect.github.com\/rubocop\/rubocop\/issues\/12261|#12261>: Fix an infinite loop for `Layout\/MultilineMethodCallIndentation` when multiline method chain with a block argument and method chain. (<https:\/\/github.com\/ydah|`@​ydah`>)\n&gt; • <https:\/\/redirect.github.com\/rubocop\/rubocop\/issues\/12263|#12263>: Fix false positives for `Style\/RedundantDoubleSplatHashBraces` when method call for no hash braced double splat receiver. (<https:\/\/github.com\/koic|`@​koic`>)\n&gt; • <https:\/\/redirect.github.com\/rubocop\/rubocop\/pull\/12262|#12262>: Fix an incorrect autocorrect for `Style\/RedundantDoubleSplatHashBraces` when using double splat hash braces with `merge` method call twice. (<https:\/\/github.com\/koic|`@​koic`>)\n\nChangelog\n\n_Sourced from <https:\/\/github.com\/rubocop\/rubocop\/blob\/master\/CHANGELOG.md|rubocop's changelog>._\n\n&gt; *1.57.1 (2023-10-13)*\n&gt; *Bug fixes*\n&gt; \n&gt; • <https:\/\/redirect.github.com\/rubocop\/rubocop\/issues\/12271|#12271>: Fix a false positive for `Lint\/RedundantSafeNavigation` when using snake case constant receiver. ([<https:\/\/github.com\/koic|`@​koic`>][])\n&gt; • <https:\/\/redirect.github.com\/rubocop\/rubocop\/issues\/12265|#12265>: Fix an error for `Layout\/MultilineMethodCallIndentation` when usingarithmetic operation with block inside a grouped expression. ([<https:\/\/github.com\/koic|`@​koic`>][])\n&gt; • <https:\/\/redirect.github.com\/rubocop\/rubocop\/pull\/12177|#12177>: Fix an incorrect autocorrect for `Style\/RedundantException`. ([<https:\/\/github.com\/ydah|`@​ydah`>][])\n&gt; • <https:\/\/redirect.github.com\/rubocop\/rubocop\/issues\/12261|#12261>: Fix an infinite loop for `Layout\/MultilineMethodCallIndentation` when multiline method chain with a block argument and method chain. ([<https:\/\/github.com\/ydah|`@​ydah`>][])\n&gt; • <https:\/\/redirect.github.com\/rubocop\/rubocop\/issues\/12263|#12263>: Fix false positives for `Style\/RedundantDoubleSplatHashBraces` when method call for no hash braced double splat receiver. ([<https:\/\/github.com\/koic|`@​koic`>][])\n&gt; • <https:\/\/redirect.github.com\/rubocop\/rubocop\/pull\/12262|#12262>: Fix an incorrect autocorrect for `Style\/RedundantDoubleSplatHashBraces` when using double splat hash braces with `merge` method call twice. ([<https:\/\/github.com\/koic|`@​koic`>][])\n\nCommits\n\n• <https:\/\/github.com\/rubocop\/rubocop\/commit\/9141fe50b7c3a884852f5e49688a3f5dd3d2f7e0|`9141fe5`> Cut 1.57.1\n• <https:\/\/github.com\/rubocop\/rubocop\/commit\/a302d0cf3a34016d2240e0183a04d3012d022a54|`a302d0c`> Update Changelog\n• <https:\/\/github.com\/rubocop\/rubocop\/commit\/12016d8894cff2cb079a26a51e4e5dc6a6cb936f|`12016d8`> [Fix <https:\/\/redirect.github.com\/rubocop\/rubocop\/issues\/12271|#12271>] Fix a false positive for `Lint\/RedundantSafeNavigation`\n• <https:\/\/github.com\/rubocop\/rubocop\/commit\/128618c7a8e3336bbe9ff8f800a73ff04dfc7a81|`128618c`> Fix false positives for `Style\/RedundantDoubleSplatHashBraces`\n• <https:\/\/github.com\/rubocop\/rubocop\/commit\/03cdf044710db32bd90dc6afa0234502c2b59ffb|`03cdf04`> Merge pull request <https:\/\/redirect.github.com\/rubocop\/rubocop\/issues\/12267|#12267> from ydah\/fix\/12261\n• <https:\/\/github.com\/rubocop\/rubocop\/commit\/7edb5cab7487973809ddade987f80ae7b131c81e|`7edb5ca`> [Fix <https:\/\/redirect.github.com\/rubocop\/rubocop\/issues\/12261|#12261>] Fix an infinite loop for `Layout\/MultilineMethodCallIndentation`\n• <https:\/\/github.com\/rubocop\/rubocop\/commit\/42898bc383d883fe20148119c05a4039ac7ad7de|`42898bc`> Merge pull request <https:\/\/redirect.github.com\/rubocop\/rubocop\/issues\/12266|#12266> from koic\/fix_an_error_for_layout_multiline_method_...\n• <https:\/\/github.com\/rubocop\/rubocop\/commit\/a4a505da327c7a0dcd0e2d6bed2149628ed3e614|`a4a505d`> [Fix <https:\/\/redirect.github.com\/rubocop\/rubocop\/issues\/12265|#12265>] Fix an error for `Layout\/MultilineMethodCallIndentation`\n• <https:\/\/github.com\/rubocop\/rubocop\/commit\/84840b894ee6316d4367daf4cc96e03456e7374f|`84840b8`> Fix typos\n• <https:\/\/github.com\/rubocop\/rubocop\/commit\/873cb9f1dfd2d02a574f0ad95de36a3f33547b3a|`873cb9f`> Fix an incorrect autocorrect for `Style\/RedundantException` when message is n...\n• Additional commits viewable in <https:\/\/github.com\/rubocop\/rubocop\/compare\/v1.57.0...v1.57.1|compare view>\n\n  \n\n<https:\/\/docs.github.com\/en\/github\/managing-security-vulnerabilities\/about-dependabot-security-updates#about-compatibility-scores|Dependabot compatibility score>\n\nDependabot will resolve any conflicts with this PR as long as you don't alter it yourself. You can also trigger a rebase manually by commenting `@dependabot rebase`.\n\n* * *\n\nDependabot commands and options  \n\nYou can trigger Dependabot actions by commenting on this PR:\n\n• `@dependabot rebase` will rebase this PR\n• `@dependabot recreate` will recreate this PR, overwriting any edits that have been made to it\n• `@dependabot merge` will merge this PR after your CI passes on it\n• `@dependabot squash and merge` will squash and merge this PR after your CI passes on it\n• `@dependabot cancel merge` will cancel a previously requested merge and block automerging\n• `@dependabot reopen` will reopen this PR if it is closed\n• `@dependabot close` will close this PR and stop Dependabot recreating it. You can achieve the same result by closing it manually\n• `@dependabot show &lt;dependency name&gt; ignore conditions` will show all of the ignore conditions of the specified dependency\n• `@dependabot ignore this major version` will close this PR and stop Dependabot creating any more for this major version (unless you reopen the PR or upgrade to it yourself)\n• `@dependabot ignore this minor version` will close this PR and stop Dependabot creating any more for this minor version (unless you reopen the PR or upgrade to it yourself)\n• `@dependabot ignore this dependency` will close this PR and stop Dependabot creating any more for this dependency (unless you reopen the PR or upgrade to it yourself)",
                "pretext": "Pull request opened by <https:\/\/github.com\/apps\/dependabot|dependabot[bot]>",
                "title": "<https:\/\/github.com\/chubachi-pt-2023\/atomono-api\/pull\/91|#91 build(deps-dev): bump rubocop from 1.57.0 to 1.57.1>",
                "callback_id": "pr-opened-interaction",
                "footer": "<https:\/\/github.com\/chubachi-pt-2023\/atomono-api|chubachi-pt-2023\/atomono-api>",
                "fields": [
                    {
                        "value": "dependencies",
                        "title": "Labels",
                        "short": true
                    }
                ],
                "mrkdwn_in": [
                    "text"
                ],
                "actions": [
                    {
                        "id": "1",
                        "name": "comment",
                        "text": "Comment",
                        "type": "button",
                        "value": "{&amp;amp;quot;selectedOrg&amp;amp;quot;:&amp;amp;quot;chubachi-pt-2023&amp;amp;quot;,&amp;amp;quot;selectedOrgId&amp;amp;quot;:132067701,&amp;amp;quot;selectedRepo&amp;amp;quot;:&amp;amp;quot;atomono-api&amp;amp;quot;,&amp;amp;quot;selectedRepoId&amp;amp;quot;:633841661,&amp;amp;quot;number&amp;amp;quot;:91,&amp;amp;quot;htmlUrl&amp;amp;quot;:&amp;amp;quot;https:\/\/github.com\/chubachi-pt-2023\/atomono-api\/pull\/91&amp;amp;quot;,&amp;amp;quot;title&amp;amp;quot;:&amp;amp;quot;build(deps-dev): bump rubocop from 1.57.0 to 1.57.1&amp;amp;quot;}",
                        "style": ""
                    }
                ]
            },
            {
                "id": 2,
                "color": "28a745",
                "fallback": "All checks have passed",
                "text": ":white_check_mark: All checks have passed",
                "footer": "3\/3 successful checks"
            }
        ]
    },
    {
        "bot_id": "B059VDWGJ78",
        "type": "message",
        "text": "",
        "user": "U05ARP37D96",
        "ts": "1697419619.767829",
        "app_id": "A01BP7R4KNY",
        "team": "T04TGFGMK7C",
        "bot_profile": {
            "id": "B059VDWGJ78",
            "app_id": "A01BP7R4KNY",
            "name": "GitHub",
            "icons": {
                "image_36": "https:\/\/avatars.slack-edge.com\/2020-11-25\/1527503386626_319578f21381f9641cd8_36.png",
                "image_48": "https:\/\/avatars.slack-edge.com\/2020-11-25\/1527503386626_319578f21381f9641cd8_48.png",
                "image_72": "https:\/\/avatars.slack-edge.com\/2020-11-25\/1527503386626_319578f21381f9641cd8_72.png"
            },
            "deleted": false,
            "updated": 1685444374,
            "team_id": "T04TGFGMK7C"
        },
        "attachments": [
            {
                "id": 1,
                "footer_icon": "https:\/\/slack.github.com\/static\/img\/favicon-neutral.png",
                "ts": 1697404936,
                "color": "6f42c1",
                "fallback": "[chubachi-pt-2023\/atomono-api] Pull request merged by huro3h",
                "pretext": "Pull request merged by <https:\/\/github.com\/huro3h|huro3h>",
                "title": "<https:\/\/github.com\/chubachi-pt-2023\/atomono-api\/pull\/91|#91 build(deps-dev): bump rubocop from 1.57.0 to 1.57.1>",
                "footer": "<https:\/\/github.com\/chubachi-pt-2023\/atomono-api|chubachi-pt-2023\/atomono-api>"
            }
        ]
    },
    {
        "bot_id": "B059VDWGJ78",
        "type": "message",
        "text": "",
        "user": "U05ARP37D96",
        "ts": "1697419619.842039",
        "app_id": "A01BP7R4KNY",
        "team": "T04TGFGMK7C",
        "bot_profile": {
            "id": "B059VDWGJ78",
            "app_id": "A01BP7R4KNY",
            "name": "GitHub",
            "icons": {
                "image_36": "https:\/\/avatars.slack-edge.com\/2020-11-25\/1527503386626_319578f21381f9641cd8_36.png",
                "image_48": "https:\/\/avatars.slack-edge.com\/2020-11-25\/1527503386626_319578f21381f9641cd8_48.png",
                "image_72": "https:\/\/avatars.slack-edge.com\/2020-11-25\/1527503386626_319578f21381f9641cd8_72.png"
            },
            "deleted": false,
            "updated": 1685444374,
            "team_id": "T04TGFGMK7C"
        },
        "attachments": [
            {
                "id": 1,
                "footer_icon": "https:\/\/slack.github.com\/static\/img\/favicon-neutral.png",
                "color": "24292f",
                "fallback": "[chubachi-pt-2023\/atomono-api] 1 new commit pushed to _develop_ by huro3h",
                "text": "`<https:\/\/github.com\/chubachi-pt-2023\/atomono-api\/commit\/5356855013b0bd6444fa5e639dd59c793bb87fd0|53568550>` - build(deps-dev): bump rubocop from 1.57.0 to 1.57.1 (#91)",
                "pretext": "<https:\/\/github.com\/chubachi-pt-2023\/atomono-api\/compare\/ff8c6264a036...5356855013b0|1 new commit> pushed to `<https:\/\/github.com\/chubachi-pt-2023\/atomono-api\/tree\/develop|develop>` by <https:\/\/github.com\/huro3h|huro3h>",
                "footer": "<https:\/\/github.com\/chubachi-pt-2023\/atomono-api|chubachi-pt-2023\/atomono-api>",
                "mrkdwn_in": [
                    "text"
                ]
            }
        ]
    }
]