[
    {
        "client_msg_id": "71aceec6-081d-4e32-9a6b-89a2bfeaec31",
        "type": "message",
        "text": "<!channel>\n時間ある時にこの性格診断してもらっていいですか。\n<https:\/\/www.16personalities.com\/ja>\nそしてタイプをスレッドで教えてください。\n振り返りを行う対象について把握できるかなというのが狙い。",
        "user": "U04TV4NASPK",
        "ts": "1697724605.474279",
        "blocks": [
            {
                "type": "rich_text",
                "block_id": "TAa9b",
                "elements": [
                    {
                        "type": "rich_text_section",
                        "elements": [
                            {
                                "type": "broadcast",
                                "range": "channel"
                            },
                            {
                                "type": "text",
                                "text": "\n時間ある時にこの性格診断してもらっていいですか。\n"
                            },
                            {
                                "type": "link",
                                "url": "https:\/\/www.16personalities.com\/ja"
                            },
                            {
                                "type": "text",
                                "text": "\nそしてタイプをスレッドで教えてください。\n振り返りを行う対象について把握できるかなというのが狙い。"
                            }
                        ]
                    }
                ]
            }
        ],
        "team": "T04TGFGMK7C",
        "user_team": "T04TGFGMK7C",
        "source_team": "T04TGFGMK7C",
        "user_profile": {
            "avatar_hash": "342942264635",
            "image_72": "https:\/\/avatars.slack-edge.com\/2023-03-11\/4927985433382_34294226463524804a2d_72.jpg",
            "first_name": "Nakayama",
            "real_name": "Nakayama Kenta",
            "display_name": "Nakayama",
            "team": "T04TGFGMK7C",
            "name": "a2231kn",
            "is_restricted": false,
            "is_ultra_restricted": false
        },
        "attachments": [
            {
                "image_url": "https:\/\/www.16personalities.com\/static\/images\/social\/homepage.png",
                "image_width": 1563,
                "image_height": 834,
                "image_bytes": 77474,
                "from_url": "https:\/\/www.16personalities.com\/ja",
                "service_icon": "https:\/\/www.16personalities.com\/static\/images\/favicons\/favicon-96x96.png",
                "id": 1,
                "original_url": "https:\/\/www.16personalities.com\/ja",
                "fallback": "16Personalities: 無料性格診断テスト、性格タイプ詳細説明、人間関係およびキャリアのアドバイス | 16Personalities",
                "title": "無料性格診断テスト、性格タイプ詳細説明、人間関係およびキャリアのアドバイス | 16Personalities",
                "title_link": "https:\/\/www.16personalities.com\/ja",
                "service_name": "16Personalities"
            }
        ],
        "thread_ts": "1697724605.474279",
        "reply_count": 13,
        "reply_users_count": 7,
        "latest_reply": "1697875270.538309",
        "reply_users": [
            "U04TV4NASPK",
            "U04U66DNCRE",
            "U04T9TDB58W",
            "U04TGBZ4XEX",
            "U04U66DSPEU",
            "U04TDHFKJ85",
            "U04T201950F"
        ],
        "replies": [
            {
                "user": "U04TV4NASPK",
                "ts": "1697724639.450659"
            },
            {
                "user": "U04U66DNCRE",
                "ts": "1697724679.105929"
            },
            {
                "user": "U04T9TDB58W",
                "ts": "1697724704.724909"
            },
            {
                "user": "U04U66DNCRE",
                "ts": "1697725053.650949"
            },
            {
                "user": "U04TGBZ4XEX",
                "ts": "1697725453.529879"
            },
            {
                "user": "U04TV4NASPK",
                "ts": "1697725533.530219"
            },
            {
                "user": "U04U66DSPEU",
                "ts": "1697730592.548579"
            },
            {
                "user": "U04TV4NASPK",
                "ts": "1697730618.172429"
            },
            {
                "user": "U04TDHFKJ85",
                "ts": "1697757181.720339"
            },
            {
                "user": "U04TV4NASPK",
                "ts": "1697773533.400829"
            },
            {
                "user": "U04T201950F",
                "ts": "1697780121.357919"
            },
            {
                "user": "U04TV4NASPK",
                "ts": "1697875206.073219"
            },
            {
                "user": "U04T201950F",
                "ts": "1697875270.538309"
            }
        ],
        "is_locked": false,
        "subscribed": false
    },
    {
        "client_msg_id": "ad898efc-d9cd-4dda-bf5b-a33eed161386",
        "type": "message",
        "text": "私は建築家です。\n<https:\/\/www.16personalities.com\/ja\/intj%E5%9E%8B%E3%81%AE%E6%80%A7%E6%A0%BC>",
        "user": "U04TV4NASPK",
        "ts": "1697724639.450659",
        "blocks": [
            {
                "type": "rich_text",
                "block_id": "cytEi",
                "elements": [
                    {
                        "type": "rich_text_section",
                        "elements": [
                            {
                                "type": "text",
                                "text": "私は建築家です。\n"
                            },
                            {
                                "type": "link",
                                "url": "https:\/\/www.16personalities.com\/ja\/intj%E5%9E%8B%E3%81%AE%E6%80%A7%E6%A0%BC"
                            }
                        ]
                    }
                ]
            }
        ],
        "team": "T04TGFGMK7C",
        "user_team": "T04TGFGMK7C",
        "source_team": "T04TGFGMK7C",
        "user_profile": {
            "avatar_hash": "342942264635",
            "image_72": "https:\/\/avatars.slack-edge.com\/2023-03-11\/4927985433382_34294226463524804a2d_72.jpg",
            "first_name": "Nakayama",
            "real_name": "Nakayama Kenta",
            "display_name": "Nakayama",
            "team": "T04TGFGMK7C",
            "name": "a2231kn",
            "is_restricted": false,
            "is_ultra_restricted": false
        },
        "attachments": [
            {
                "image_url": "https:\/\/www.16personalities.com\/static\/images\/social\/intj.png",
                "image_width": 5000,
                "image_height": 2625,
                "image_bytes": 229889,
                "from_url": "https:\/\/www.16personalities.com\/ja\/intj%E5%9E%8B%E3%81%AE%E6%80%A7%E6%A0%BC",
                "service_icon": "https:\/\/www.16personalities.com\/static\/images\/favicons\/favicon-96x96.png",
                "id": 1,
                "original_url": "https:\/\/www.16personalities.com\/ja\/intj%E5%9E%8B%E3%81%AE%E6%80%A7%E6%A0%BC",
                "fallback": "16Personalities: 建築家 (INTJ型の性格) | 16Personalities",
                "title": "建築家 (INTJ型の性格) | 16Personalities",
                "title_link": "https:\/\/www.16personalities.com\/ja\/intj%E5%9E%8B%E3%81%AE%E6%80%A7%E6%A0%BC",
                "service_name": "16Personalities"
            }
        ],
        "thread_ts": "1697724605.474279",
        "parent_user_id": "U04TV4NASPK"
    },
    {
        "client_msg_id": "0182194f-e42b-4909-96a1-ab7746cba90f",
        "type": "message",
        "text": "先生はどう見ても先生です",
        "user": "U04U66DNCRE",
        "ts": "1697724679.105929",
        "blocks": [
            {
                "type": "rich_text",
                "block_id": "92lNC",
                "elements": [
                    {
                        "type": "rich_text_section",
                        "elements": [
                            {
                                "type": "text",
                                "text": "先生はどう見ても先生です"
                            }
                        ]
                    }
                ]
            }
        ],
        "team": "T04TGFGMK7C",
        "user_team": "T04TGFGMK7C",
        "source_team": "T04TGFGMK7C",
        "user_profile": {
            "avatar_hash": "0e82c2c0bd34",
            "image_72": "https:\/\/avatars.slack-edge.com\/2023-04-25\/5161183917605_0e82c2c0bd34f978f1fd_72.jpg",
            "first_name": "Ohno",
            "real_name": "Ohno Hiroto",
            "display_name": "Ohno Hiroto",
            "team": "T04TGFGMK7C",
            "name": "a2206ho",
            "is_restricted": false,
            "is_ultra_restricted": false
        },
        "thread_ts": "1697724605.474279",
        "parent_user_id": "U04TV4NASPK",
        "reactions": [
            {
                "name": "face_vomiting",
                "users": [
                    "U04TV4NASPK"
                ],
                "count": 1
            }
        ]
    },
    {
        "client_msg_id": "8f7e6ea5-1fb1-40f8-bc23-b95837fce1e7",
        "type": "message",
        "text": "管理者・ISTJ型でした",
        "user": "U04T9TDB58W",
        "ts": "1697724704.724909",
        "blocks": [
            {
                "type": "rich_text",
                "block_id": "VnTvj",
                "elements": [
                    {
                        "type": "rich_text_section",
                        "elements": [
                            {
                                "type": "text",
                                "text": "管理者・ISTJ型でした"
                            }
                        ]
                    }
                ]
            }
        ],
        "team": "T04TGFGMK7C",
        "user_team": "T04TGFGMK7C",
        "source_team": "T04TGFGMK7C",
        "user_profile": {
            "avatar_hash": "183a619e0408",
            "image_72": "https:\/\/avatars.slack-edge.com\/2023-03-11\/4958815898464_183a619e0408c53031fd_72.jpg",
            "first_name": "Hibiki",
            "real_name": "Hibiki Mizuno",
            "display_name": "Jabelic スクラムマスター",
            "team": "T04TGFGMK7C",
            "name": "a2239hm",
            "is_restricted": false,
            "is_ultra_restricted": false
        },
        "thread_ts": "1697724605.474279",
        "parent_user_id": "U04TV4NASPK",
        "reactions": [
            {
                "name": "+1",
                "users": [
                    "U04TV4NASPK"
                ],
                "count": 1
            }
        ]
    },
    {
        "client_msg_id": "41d6f72f-c175-4e91-ba0e-f6886cd72302",
        "type": "message",
        "text": "運動家でした",
        "user": "U04U66DNCRE",
        "ts": "1697725053.650949",
        "blocks": [
            {
                "type": "rich_text",
                "block_id": "GZzyN",
                "elements": [
                    {
                        "type": "rich_text_section",
                        "elements": [
                            {
                                "type": "text",
                                "text": "運動家でした"
                            }
                        ]
                    }
                ]
            }
        ],
        "team": "T04TGFGMK7C",
        "user_team": "T04TGFGMK7C",
        "source_team": "T04TGFGMK7C",
        "user_profile": {
            "avatar_hash": "0e82c2c0bd34",
            "image_72": "https:\/\/avatars.slack-edge.com\/2023-04-25\/5161183917605_0e82c2c0bd34f978f1fd_72.jpg",
            "first_name": "Ohno",
            "real_name": "Ohno Hiroto",
            "display_name": "Ohno Hiroto",
            "team": "T04TGFGMK7C",
            "name": "a2206ho",
            "is_restricted": false,
            "is_ultra_restricted": false
        },
        "thread_ts": "1697724605.474279",
        "parent_user_id": "U04TV4NASPK"
    },
    {
        "client_msg_id": "25650b69-a362-4b93-91f2-cb8e02d76ac3",
        "type": "message",
        "text": "あなたの性格タイプ: 提唱者 INFJ-T\nでした\n<https:\/\/www.16personalities.com\/ja\/infj%E5%9E%8B%E3%81%AE%E6%80%A7%E6%A0%BC>",
        "user": "U04TGBZ4XEX",
        "ts": "1697725453.529879",
        "blocks": [
            {
                "type": "rich_text",
                "block_id": "kw6gu",
                "elements": [
                    {
                        "type": "rich_text_section",
                        "elements": [
                            {
                                "type": "text",
                                "text": "あなたの性格タイプ: 提唱者 INFJ-T\nでした\n"
                            },
                            {
                                "type": "link",
                                "url": "https:\/\/www.16personalities.com\/ja\/infj%E5%9E%8B%E3%81%AE%E6%80%A7%E6%A0%BC"
                            }
                        ]
                    }
                ]
            }
        ],
        "team": "T04TGFGMK7C",
        "user_team": "T04TGFGMK7C",
        "source_team": "T04TGFGMK7C",
        "user_profile": {
            "avatar_hash": "824241a82bdf",
            "image_72": "https:\/\/avatars.slack-edge.com\/2023-05-03\/5205694948836_824241a82bdf37206daa_72.jpg",
            "first_name": "satoshi.​hirata",
            "real_name": "satoshi.​hirata",
            "display_name": "satoshi.hirata",
            "team": "T04TGFGMK7C",
            "name": "a2236sh",
            "is_restricted": false,
            "is_ultra_restricted": false
        },
        "attachments": [
            {
                "image_url": "https:\/\/www.16personalities.com\/static\/images\/social\/infj.png",
                "image_width": 5000,
                "image_height": 2625,
                "image_bytes": 285426,
                "from_url": "https:\/\/www.16personalities.com\/ja\/infj%E5%9E%8B%E3%81%AE%E6%80%A7%E6%A0%BC",
                "service_icon": "https:\/\/www.16personalities.com\/static\/images\/favicons\/favicon-96x96.png",
                "id": 1,
                "original_url": "https:\/\/www.16personalities.com\/ja\/infj%E5%9E%8B%E3%81%AE%E6%80%A7%E6%A0%BC",
                "fallback": "16Personalities: 提唱者 (INFJ型の性格) | 16Personalities",
                "title": "提唱者 (INFJ型の性格) | 16Personalities",
                "title_link": "https:\/\/www.16personalities.com\/ja\/infj%E5%9E%8B%E3%81%AE%E6%80%A7%E6%A0%BC",
                "service_name": "16Personalities"
            }
        ],
        "thread_ts": "1697724605.474279",
        "parent_user_id": "U04TV4NASPK"
    },
    {
        "client_msg_id": "0206b6c1-3f28-42de-8367-4a47f1a737df",
        "type": "message",
        "text": "運動家 = フレンドリーで外向",
        "user": "U04TV4NASPK",
        "ts": "1697725533.530219",
        "blocks": [
            {
                "type": "rich_text",
                "block_id": "c1LuJ",
                "elements": [
                    {
                        "type": "rich_text_section",
                        "elements": [
                            {
                                "type": "text",
                                "text": "運動家 = フレンドリーで外向"
                            }
                        ]
                    }
                ]
            }
        ],
        "team": "T04TGFGMK7C",
        "user_team": "T04TGFGMK7C",
        "source_team": "T04TGFGMK7C",
        "user_profile": {
            "avatar_hash": "342942264635",
            "image_72": "https:\/\/avatars.slack-edge.com\/2023-03-11\/4927985433382_34294226463524804a2d_72.jpg",
            "first_name": "Nakayama",
            "real_name": "Nakayama Kenta",
            "display_name": "Nakayama",
            "team": "T04TGFGMK7C",
            "name": "a2231kn",
            "is_restricted": false,
            "is_ultra_restricted": false
        },
        "thread_ts": "1697724605.474279",
        "parent_user_id": "U04TV4NASPK"
    },
    {
        "client_msg_id": "8e32923d-d719-4285-9ddf-827fcc7de699",
        "type": "message",
        "text": "INTJ-A 建築家、何年立っても変わらないな、、、",
        "user": "U04U66DSPEU",
        "ts": "1697730592.548579",
        "blocks": [
            {
                "type": "rich_text",
                "block_id": "7fWzD",
                "elements": [
                    {
                        "type": "rich_text_section",
                        "elements": [
                            {
                                "type": "text",
                                "text": "INTJ-A 建築家、何年立っても変わらないな、、、"
                            }
                        ]
                    }
                ]
            }
        ],
        "team": "T04TGFGMK7C",
        "user_team": "T04TGFGMK7C",
        "source_team": "T04TGFGMK7C",
        "user_profile": {
            "avatar_hash": "eded816e5002",
            "image_72": "https:\/\/avatars.slack-edge.com\/2023-04-25\/5164292307843_eded816e5002d89cd475_72.png",
            "first_name": "FABIAN",
            "real_name": "FABIAN M. FERNANDEZ",
            "display_name": "Fernandez",
            "team": "T04TGFGMK7C",
            "name": "a2237mf",
            "is_restricted": false,
            "is_ultra_restricted": false
        },
        "thread_ts": "1697724605.474279",
        "parent_user_id": "U04TV4NASPK"
    },
    {
        "client_msg_id": "4082f919-7d84-476a-83a4-d92461ba7c83",
        "type": "message",
        "text": "同類",
        "user": "U04TV4NASPK",
        "ts": "1697730618.172429",
        "blocks": [
            {
                "type": "rich_text",
                "block_id": "sYiXd",
                "elements": [
                    {
                        "type": "rich_text_section",
                        "elements": [
                            {
                                "type": "text",
                                "text": "同類"
                            }
                        ]
                    }
                ]
            }
        ],
        "team": "T04TGFGMK7C",
        "user_team": "T04TGFGMK7C",
        "source_team": "T04TGFGMK7C",
        "user_profile": {
            "avatar_hash": "342942264635",
            "image_72": "https:\/\/avatars.slack-edge.com\/2023-03-11\/4927985433382_34294226463524804a2d_72.jpg",
            "first_name": "Nakayama",
            "real_name": "Nakayama Kenta",
            "display_name": "Nakayama",
            "team": "T04TGFGMK7C",
            "name": "a2231kn",
            "is_restricted": false,
            "is_ultra_restricted": false
        },
        "thread_ts": "1697724605.474279",
        "parent_user_id": "U04TV4NASPK",
        "reactions": [
            {
                "name": "raised_hands",
                "users": [
                    "U04U66DSPEU"
                ],
                "count": 1
            }
        ]
    },
    {
        "client_msg_id": "6581c721-36f6-40d6-8e48-4e1c4fb8eec6",
        "type": "message",
        "text": "やってみました！仲介者でした\n<https:\/\/www.16personalities.com\/ja\/infp%E5%9E%8B%E3%81%AE%E6%80%A7%E6%A0%BC|https:\/\/www.16personalities.com\/ja\/infp%E5%9E%8B%E3%81%AE%E6%80%A7%E6%A0%BC>",
        "user": "U04TDHFKJ85",
        "ts": "1697757181.720339",
        "blocks": [
            {
                "type": "rich_text",
                "block_id": "ZXTqk",
                "elements": [
                    {
                        "type": "rich_text_section",
                        "elements": [
                            {
                                "type": "text",
                                "text": "やってみました！仲介者でした\n"
                            },
                            {
                                "type": "link",
                                "url": "https:\/\/www.16personalities.com\/ja\/infp%E5%9E%8B%E3%81%AE%E6%80%A7%E6%A0%BC",
                                "text": "https:\/\/www.16personalities.com\/ja\/infp%E5%9E%8B%E3%81%AE%E6%80%A7%E6%A0%BC"
                            }
                        ]
                    }
                ]
            }
        ],
        "team": "T04TGFGMK7C",
        "user_team": "T04TGFGMK7C",
        "source_team": "T04TGFGMK7C",
        "user_profile": {
            "avatar_hash": "4f9ceaf45fef",
            "image_72": "https:\/\/avatars.slack-edge.com\/2023-04-25\/5158348926726_4f9ceaf45fefba755a9b_72.jpg",
            "first_name": "鈴木真希",
            "real_name": "鈴木真希",
            "display_name": "",
            "team": "T04TGFGMK7C",
            "name": "a2216ms",
            "is_restricted": false,
            "is_ultra_restricted": false
        },
        "attachments": [
            {
                "image_url": "https:\/\/www.16personalities.com\/static\/images\/social\/infp.png",
                "image_width": 5000,
                "image_height": 2625,
                "image_bytes": 186278,
                "from_url": "https:\/\/www.16personalities.com\/ja\/infp%E5%9E%8B%E3%81%AE%E6%80%A7%E6%A0%BC",
                "service_icon": "https:\/\/www.16personalities.com\/static\/images\/favicons\/favicon-96x96.png",
                "id": 1,
                "original_url": "https:\/\/www.16personalities.com\/ja\/infp%E5%9E%8B%E3%81%AE%E6%80%A7%E6%A0%BC",
                "fallback": "16Personalities: 仲介者 (INFP型の性格) | 16Personalities",
                "title": "仲介者 (INFP型の性格) | 16Personalities",
                "title_link": "https:\/\/www.16personalities.com\/ja\/infp%E5%9E%8B%E3%81%AE%E6%80%A7%E6%A0%BC",
                "service_name": "16Personalities"
            }
        ],
        "thread_ts": "1697724605.474279",
        "parent_user_id": "U04TV4NASPK",
        "reactions": [
            {
                "name": "+1",
                "users": [
                    "U04TV4NASPK"
                ],
                "count": 1
            }
        ]
    },
    {
        "client_msg_id": "e7393d9c-5dda-42df-ad86-097e9f527f20",
        "type": "message",
        "text": "<https:\/\/jp.indeed.com\/career-advice\/finding-a-job\/16-personality-types|https:\/\/jp.indeed.com\/career-advice\/finding-a-job\/16-personality-types>",
        "user": "U04TV4NASPK",
        "ts": "1697773533.400829",
        "blocks": [
            {
                "type": "rich_text",
                "block_id": "b0Tg3",
                "elements": [
                    {
                        "type": "rich_text_section",
                        "elements": [
                            {
                                "type": "link",
                                "url": "https:\/\/jp.indeed.com\/career-advice\/finding-a-job\/16-personality-types",
                                "text": "https:\/\/jp.indeed.com\/career-advice\/finding-a-job\/16-personality-types"
                            }
                        ]
                    }
                ]
            }
        ],
        "team": "T04TGFGMK7C",
        "user_team": "T04TGFGMK7C",
        "source_team": "T04TGFGMK7C",
        "user_profile": {
            "avatar_hash": "342942264635",
            "image_72": "https:\/\/avatars.slack-edge.com\/2023-03-11\/4927985433382_34294226463524804a2d_72.jpg",
            "first_name": "Nakayama",
            "real_name": "Nakayama Kenta",
            "display_name": "Nakayama",
            "team": "T04TGFGMK7C",
            "name": "a2231kn",
            "is_restricted": false,
            "is_ultra_restricted": false
        },
        "thread_ts": "1697724605.474279",
        "parent_user_id": "U04TV4NASPK"
    },
    {
        "client_msg_id": "91128D2F-3E59-44AC-84DB-01ECB61EEDDE",
        "type": "message",
        "text": "運動家: ENFP-Tでした\n<https:\/\/www.16personalities.com\/ja\/enfp%E5%9E%8B%E3%81%AE%E6%80%A7%E6%A0%BC|https:\/\/www.16personalities.com\/ja\/enfp%E5%9E%8B%E3%81%AE%E6%80%A7%E6%A0%BC>",
        "user": "U04T201950F",
        "ts": "1697780121.357919",
        "blocks": [
            {
                "type": "rich_text",
                "block_id": "T\/TUa",
                "elements": [
                    {
                        "type": "rich_text_section",
                        "elements": [
                            {
                                "type": "text",
                                "text": "運動家: ENFP-Tでした\n"
                            },
                            {
                                "type": "link",
                                "url": "https:\/\/www.16personalities.com\/ja\/enfp%E5%9E%8B%E3%81%AE%E6%80%A7%E6%A0%BC",
                                "text": "https:\/\/www.16personalities.com\/ja\/enfp%E5%9E%8B%E3%81%AE%E6%80%A7%E6%A0%BC"
                            }
                        ]
                    }
                ]
            }
        ],
        "team": "T04TGFGMK7C",
        "user_team": "T04TGFGMK7C",
        "source_team": "T04TGFGMK7C",
        "user_profile": {
            "avatar_hash": "37195c285ebd",
            "image_72": "https:\/\/avatars.slack-edge.com\/2023-04-26\/5193192270752_37195c285ebdc8d65709_72.jpg",
            "first_name": "Dai",
            "real_name": "Dai Miyahara",
            "display_name": "Dai Miyahara",
            "team": "T04TGFGMK7C",
            "name": "a2240dm",
            "is_restricted": false,
            "is_ultra_restricted": false
        },
        "thread_ts": "1697724605.474279",
        "parent_user_id": "U04TV4NASPK"
    }
]