[
    {
        "client_msg_id": "084972e2-33f5-40d2-91c5-a09b4fedfffe",
        "type": "message",
        "text": "キャプチャしてみたけど, 画質ガビガビで何も見えない",
        "user": "U04T9TDB58W",
        "ts": "1690706875.448169",
        "blocks": [
            {
                "type": "rich_text",
                "block_id": "ukGo",
                "elements": [
                    {
                        "type": "rich_text_section",
                        "elements": [
                            {
                                "type": "text",
                                "text": "キャプチャしてみたけど, 画質ガビガビで何も見えない"
                            }
                        ]
                    }
                ]
            }
        ],
        "team": "T04TGFGMK7C",
        "user_team": "T04TGFGMK7C",
        "source_team": "T04TGFGMK7C",
        "user_profile": {
            "avatar_hash": "183a619e0408",
            "image_72": "https:\/\/avatars.slack-edge.com\/2023-03-11\/4958815898464_183a619e0408c53031fd_72.jpg",
            "first_name": "Hibiki",
            "real_name": "Hibiki Mizuno",
            "display_name": "Jabelic スクラムマスター",
            "team": "T04TGFGMK7C",
            "name": "a2239hm",
            "is_restricted": false,
            "is_ultra_restricted": false
        }
    },
    {
        "client_msg_id": "626c1c1a-d3ac-49de-b8be-6fc797eff944",
        "type": "message",
        "text": "meetじゃだめかー",
        "user": "U04T9TDB58W",
        "ts": "1690706882.204219",
        "blocks": [
            {
                "type": "rich_text",
                "block_id": "UjQ4j",
                "elements": [
                    {
                        "type": "rich_text_section",
                        "elements": [
                            {
                                "type": "text",
                                "text": "meetじゃだめかー"
                            }
                        ]
                    }
                ]
            }
        ],
        "team": "T04TGFGMK7C",
        "user_team": "T04TGFGMK7C",
        "source_team": "T04TGFGMK7C",
        "user_profile": {
            "avatar_hash": "183a619e0408",
            "image_72": "https:\/\/avatars.slack-edge.com\/2023-03-11\/4958815898464_183a619e0408c53031fd_72.jpg",
            "first_name": "Hibiki",
            "real_name": "Hibiki Mizuno",
            "display_name": "Jabelic スクラムマスター",
            "team": "T04TGFGMK7C",
            "name": "a2239hm",
            "is_restricted": false,
            "is_ultra_restricted": false
        }
    },
    {
        "client_msg_id": "78672a97-63ef-40bf-af0d-86e27f9b7867",
        "type": "message",
        "text": "あれ、relatives\n\n```relatives: {\n        id: number\n        name: string\n        imageUrl: string\n        category: string\n        description: string\n        composition: string\n      }[]```",
        "user": "U04T9TDB58W",
        "ts": "1690709149.999419",
        "blocks": [
            {
                "type": "rich_text",
                "block_id": "VXd",
                "elements": [
                    {
                        "type": "rich_text_section",
                        "elements": [
                            {
                                "type": "text",
                                "text": "あれ、relatives\n\n"
                            }
                        ]
                    },
                    {
                        "type": "rich_text_preformatted",
                        "elements": [
                            {
                                "type": "text",
                                "text": "relatives: {\n        id: number\n        name: string\n        imageUrl: string\n        category: string\n        description: string\n        composition: string\n      }[]"
                            }
                        ],
                        "border": 0
                    }
                ]
            }
        ],
        "team": "T04TGFGMK7C",
        "user_team": "T04TGFGMK7C",
        "source_team": "T04TGFGMK7C",
        "user_profile": {
            "avatar_hash": "183a619e0408",
            "image_72": "https:\/\/avatars.slack-edge.com\/2023-03-11\/4958815898464_183a619e0408c53031fd_72.jpg",
            "first_name": "Hibiki",
            "real_name": "Hibiki Mizuno",
            "display_name": "Jabelic スクラムマスター",
            "team": "T04TGFGMK7C",
            "name": "a2239hm",
            "is_restricted": false,
            "is_ultra_restricted": false
        }
    },
    {
        "client_msg_id": "1e5540a8-5ec9-46a8-a04a-7bc37d5744ff",
        "type": "message",
        "text": "こうなってるのか",
        "user": "U04T9TDB58W",
        "ts": "1690709152.929599",
        "blocks": [
            {
                "type": "rich_text",
                "block_id": "B6o",
                "elements": [
                    {
                        "type": "rich_text_section",
                        "elements": [
                            {
                                "type": "text",
                                "text": "こうなってるのか"
                            }
                        ]
                    }
                ]
            }
        ],
        "team": "T04TGFGMK7C",
        "user_team": "T04TGFGMK7C",
        "source_team": "T04TGFGMK7C",
        "user_profile": {
            "avatar_hash": "183a619e0408",
            "image_72": "https:\/\/avatars.slack-edge.com\/2023-03-11\/4958815898464_183a619e0408c53031fd_72.jpg",
            "first_name": "Hibiki",
            "real_name": "Hibiki Mizuno",
            "display_name": "Jabelic スクラムマスター",
            "team": "T04TGFGMK7C",
            "name": "a2239hm",
            "is_restricted": false,
            "is_ultra_restricted": false
        }
    },
    {
        "client_msg_id": "eb622790-ffe8-423f-bb83-6246856cf679",
        "type": "message",
        "text": "ほぉ",
        "user": "U04T9TDB58W",
        "ts": "1690709161.470409",
        "blocks": [
            {
                "type": "rich_text",
                "block_id": "9SlRI",
                "elements": [
                    {
                        "type": "rich_text_section",
                        "elements": [
                            {
                                "type": "text",
                                "text": "ほぉ"
                            }
                        ]
                    }
                ]
            }
        ],
        "team": "T04TGFGMK7C",
        "user_team": "T04TGFGMK7C",
        "source_team": "T04TGFGMK7C",
        "user_profile": {
            "avatar_hash": "183a619e0408",
            "image_72": "https:\/\/avatars.slack-edge.com\/2023-03-11\/4958815898464_183a619e0408c53031fd_72.jpg",
            "first_name": "Hibiki",
            "real_name": "Hibiki Mizuno",
            "display_name": "Jabelic スクラムマスター",
            "team": "T04TGFGMK7C",
            "name": "a2239hm",
            "is_restricted": false,
            "is_ultra_restricted": false
        }
    },
    {
        "client_msg_id": "fb504d2f-2db1-4e2a-9dc5-75a4a561aa0e",
        "type": "message",
        "text": "存在しないproductStatusプロパティを見に行くことになりそう",
        "user": "U04T9TDB58W",
        "ts": "1690709592.663289",
        "blocks": [
            {
                "type": "rich_text",
                "block_id": "lPAW",
                "elements": [
                    {
                        "type": "rich_text_section",
                        "elements": [
                            {
                                "type": "text",
                                "text": "存在しないproductStatusプロパティを見に行くことになりそう"
                            }
                        ]
                    }
                ]
            }
        ],
        "team": "T04TGFGMK7C",
        "user_team": "T04TGFGMK7C",
        "source_team": "T04TGFGMK7C",
        "user_profile": {
            "avatar_hash": "183a619e0408",
            "image_72": "https:\/\/avatars.slack-edge.com\/2023-03-11\/4958815898464_183a619e0408c53031fd_72.jpg",
            "first_name": "Hibiki",
            "real_name": "Hibiki Mizuno",
            "display_name": "Jabelic スクラムマスター",
            "team": "T04TGFGMK7C",
            "name": "a2239hm",
            "is_restricted": false,
            "is_ultra_restricted": false
        }
    },
    {
        "client_msg_id": "fa16815d-b836-4c67-b9e7-05c62c735c1d",
        "type": "message",
        "text": "&gt;  （リモートで発表するため，会場 にメンバーが不在となるPTの場合は，事前に事務局に相談する）",
        "user": "U04T9TDB58W",
        "ts": "1690720177.538299",
        "blocks": [
            {
                "type": "rich_text",
                "block_id": "x8zU",
                "elements": [
                    {
                        "type": "rich_text_quote",
                        "elements": [
                            {
                                "type": "text",
                                "text": " （リモートで発表するため，会場 にメンバーが不在となるPTの場合は，事前に事務局に相談する）"
                            }
                        ]
                    }
                ]
            }
        ],
        "team": "T04TGFGMK7C",
        "user_team": "T04TGFGMK7C",
        "source_team": "T04TGFGMK7C",
        "user_profile": {
            "avatar_hash": "183a619e0408",
            "image_72": "https:\/\/avatars.slack-edge.com\/2023-03-11\/4958815898464_183a619e0408c53031fd_72.jpg",
            "first_name": "Hibiki",
            "real_name": "Hibiki Mizuno",
            "display_name": "Jabelic スクラムマスター",
            "team": "T04TGFGMK7C",
            "name": "a2239hm",
            "is_restricted": false,
            "is_ultra_restricted": false
        }
    },
    {
        "client_msg_id": "51a5cc01-a347-42ee-a35d-86f8bf68e8cf",
        "type": "message",
        "text": "えー、そろそろ言わないとだ",
        "user": "U04T9TDB58W",
        "ts": "1690720188.183499",
        "blocks": [
            {
                "type": "rich_text",
                "block_id": "4uA",
                "elements": [
                    {
                        "type": "rich_text_section",
                        "elements": [
                            {
                                "type": "text",
                                "text": "えー、そろそろ言わないとだ"
                            }
                        ]
                    }
                ]
            }
        ],
        "team": "T04TGFGMK7C",
        "user_team": "T04TGFGMK7C",
        "source_team": "T04TGFGMK7C",
        "user_profile": {
            "avatar_hash": "183a619e0408",
            "image_72": "https:\/\/avatars.slack-edge.com\/2023-03-11\/4958815898464_183a619e0408c53031fd_72.jpg",
            "first_name": "Hibiki",
            "real_name": "Hibiki Mizuno",
            "display_name": "Jabelic スクラムマスター",
            "team": "T04TGFGMK7C",
            "name": "a2239hm",
            "is_restricted": false,
            "is_ultra_restricted": false
        }
    },
    {
        "client_msg_id": "b74844a7-8bee-4e0f-bf0b-627135bc4c26",
        "type": "message",
        "text": "前期発表のための決めないといけないこと : (5日前迄に決めたい?)\n• 司会進行担当時の担当を決める\n• リモート or 現地のどちらにするか決める(なんだかチーム内で揃えてほしそうな雰囲気ではある)\n",
        "user": "U04T9TDB58W",
        "ts": "1690720446.344909",
        "blocks": [
            {
                "type": "rich_text",
                "block_id": "DuTC",
                "elements": [
                    {
                        "type": "rich_text_section",
                        "elements": [
                            {
                                "type": "text",
                                "text": "前期発表のための決めないといけないこと : (5日前迄に決めたい?)\n"
                            }
                        ]
                    },
                    {
                        "type": "rich_text_list",
                        "elements": [
                            {
                                "type": "rich_text_section",
                                "elements": [
                                    {
                                        "type": "text",
                                        "text": "司会進行担当時の担当を決める"
                                    }
                                ]
                            },
                            {
                                "type": "rich_text_section",
                                "elements": [
                                    {
                                        "type": "text",
                                        "text": "リモート or 現地のどちらにするか決める(なんだかチーム内で揃えてほしそうな雰囲気ではある)"
                                    }
                                ]
                            }
                        ],
                        "style": "bullet",
                        "indent": 0,
                        "border": 0
                    },
                    {
                        "type": "rich_text_section",
                        "elements": []
                    }
                ]
            }
        ],
        "team": "T04TGFGMK7C",
        "user_team": "T04TGFGMK7C",
        "source_team": "T04TGFGMK7C",
        "user_profile": {
            "avatar_hash": "183a619e0408",
            "image_72": "https:\/\/avatars.slack-edge.com\/2023-03-11\/4958815898464_183a619e0408c53031fd_72.jpg",
            "first_name": "Hibiki",
            "real_name": "Hibiki Mizuno",
            "display_name": "Jabelic スクラムマスター",
            "team": "T04TGFGMK7C",
            "name": "a2239hm",
            "is_restricted": false,
            "is_ultra_restricted": false
        },
        "edited": {
            "user": "U04T9TDB58W",
            "ts": "1690720515.000000"
        }
    },
    {
        "client_msg_id": "81b9e7f6-31d3-4838-a0aa-a7b7f2632a9f",
        "type": "message",
        "text": "明日か今日緊急ミーティングしましょう(可能であれば今日。。。)",
        "user": "U04U66DNCRE",
        "ts": "1690720680.005979",
        "blocks": [
            {
                "type": "rich_text",
                "block_id": "9Rd",
                "elements": [
                    {
                        "type": "rich_text_section",
                        "elements": [
                            {
                                "type": "text",
                                "text": "明日か今日緊急ミーティングしましょう(可能であれば今日。。。)"
                            }
                        ]
                    }
                ]
            }
        ],
        "team": "T04TGFGMK7C",
        "user_team": "T04TGFGMK7C",
        "source_team": "T04TGFGMK7C",
        "user_profile": {
            "avatar_hash": "0e82c2c0bd34",
            "image_72": "https:\/\/avatars.slack-edge.com\/2023-04-25\/5161183917605_0e82c2c0bd34f978f1fd_72.jpg",
            "first_name": "Ohno",
            "real_name": "Ohno Hiroto",
            "display_name": "Ohno Hiroto",
            "team": "T04TGFGMK7C",
            "name": "a2206ho",
            "is_restricted": false,
            "is_ultra_restricted": false
        }
    },
    {
        "client_msg_id": "fad2847a-54c6-4acb-9e9b-270f2b675db6",
        "type": "message",
        "text": "私明日1日出られないんですよね、明日ミーティングするのであればリモートに一票入れといていただけると :pray:\nあとタイムキーパーはパスしたいです…(苦手)",
        "user": "U04T9TDB58W",
        "ts": "1690720807.395459",
        "blocks": [
            {
                "type": "rich_text",
                "block_id": "07i0",
                "elements": [
                    {
                        "type": "rich_text_section",
                        "elements": [
                            {
                                "type": "text",
                                "text": "私明日1日出られないんですよね、明日ミーティングするのであればリモートに一票入れといていただけると "
                            },
                            {
                                "type": "emoji",
                                "name": "pray",
                                "unicode": "1f64f"
                            },
                            {
                                "type": "text",
                                "text": "\nあとタイムキーパーはパスしたいです…(苦手)"
                            }
                        ]
                    }
                ]
            }
        ],
        "team": "T04TGFGMK7C",
        "user_team": "T04TGFGMK7C",
        "source_team": "T04TGFGMK7C",
        "user_profile": {
            "avatar_hash": "183a619e0408",
            "image_72": "https:\/\/avatars.slack-edge.com\/2023-03-11\/4958815898464_183a619e0408c53031fd_72.jpg",
            "first_name": "Hibiki",
            "real_name": "Hibiki Mizuno",
            "display_name": "Jabelic スクラムマスター",
            "team": "T04TGFGMK7C",
            "name": "a2239hm",
            "is_restricted": false,
            "is_ultra_restricted": false
        }
    },
    {
        "client_msg_id": "b82a99b1-00e3-4750-a8ec-7e71511f2e85",
        "type": "message",
        "text": "了解です！私もリモート派です:+1:\nこの前のマンスリーレビューの時に一部の役割分担は決めてた認識です！\nプレゼンの進行：大野\nタイムキーパー：中山さん\nスライド切り替え：宮原さん",
        "user": "U04U66DNCRE",
        "ts": "1690720982.996429",
        "blocks": [
            {
                "type": "rich_text",
                "block_id": "S35r",
                "elements": [
                    {
                        "type": "rich_text_section",
                        "elements": [
                            {
                                "type": "text",
                                "text": "了解です！私もリモート派です"
                            },
                            {
                                "type": "emoji",
                                "name": "+1",
                                "unicode": "1f44d"
                            },
                            {
                                "type": "text",
                                "text": "\nこの前のマンスリーレビューの時に一部の役割分担は決めてた認識です！\nプレゼンの進行：大野\nタイムキーパー：中山さん\nスライド切り替え：宮原さん"
                            }
                        ]
                    }
                ]
            }
        ],
        "team": "T04TGFGMK7C",
        "user_team": "T04TGFGMK7C",
        "source_team": "T04TGFGMK7C",
        "user_profile": {
            "avatar_hash": "0e82c2c0bd34",
            "image_72": "https:\/\/avatars.slack-edge.com\/2023-04-25\/5161183917605_0e82c2c0bd34f978f1fd_72.jpg",
            "first_name": "Ohno",
            "real_name": "Ohno Hiroto",
            "display_name": "Ohno Hiroto",
            "team": "T04TGFGMK7C",
            "name": "a2206ho",
            "is_restricted": false,
            "is_ultra_restricted": false
        }
    },
    {
        "client_msg_id": "9131ad5b-172b-4cdd-a105-1f9a24d4bc30",
        "type": "message",
        "text": "opps",
        "user": "U04T9TDB58W",
        "ts": "1690721013.243719",
        "blocks": [
            {
                "type": "rich_text",
                "block_id": "uir",
                "elements": [
                    {
                        "type": "rich_text_section",
                        "elements": [
                            {
                                "type": "text",
                                "text": "opps"
                            }
                        ]
                    }
                ]
            }
        ],
        "team": "T04TGFGMK7C",
        "user_team": "T04TGFGMK7C",
        "source_team": "T04TGFGMK7C",
        "user_profile": {
            "avatar_hash": "183a619e0408",
            "image_72": "https:\/\/avatars.slack-edge.com\/2023-03-11\/4958815898464_183a619e0408c53031fd_72.jpg",
            "first_name": "Hibiki",
            "real_name": "Hibiki Mizuno",
            "display_name": "Jabelic スクラムマスター",
            "team": "T04TGFGMK7C",
            "name": "a2239hm",
            "is_restricted": false,
            "is_ultra_restricted": false
        },
        "edited": {
            "user": "U04T9TDB58W",
            "ts": "1690721018.000000"
        }
    },
    {
        "client_msg_id": "3eb73110-b287-4a00-801f-25e3db32c767",
        "type": "message",
        "text": "あ、もしかしたら私がそう思い込んでいただけかもしれないので、generalで確認したいです笑",
        "user": "U04U66DNCRE",
        "ts": "1690721043.570719",
        "blocks": [
            {
                "type": "rich_text",
                "block_id": "Mfym",
                "elements": [
                    {
                        "type": "rich_text_section",
                        "elements": [
                            {
                                "type": "text",
                                "text": "あ、もしかしたら私がそう思い込んでいただけかもしれないので、generalで確認したいです笑"
                            }
                        ]
                    }
                ]
            }
        ],
        "team": "T04TGFGMK7C",
        "user_team": "T04TGFGMK7C",
        "source_team": "T04TGFGMK7C",
        "user_profile": {
            "avatar_hash": "0e82c2c0bd34",
            "image_72": "https:\/\/avatars.slack-edge.com\/2023-04-25\/5161183917605_0e82c2c0bd34f978f1fd_72.jpg",
            "first_name": "Ohno",
            "real_name": "Ohno Hiroto",
            "display_name": "Ohno Hiroto",
            "team": "T04TGFGMK7C",
            "name": "a2206ho",
            "is_restricted": false,
            "is_ultra_restricted": false
        },
        "reactions": [
            {
                "name": "+1",
                "users": [
                    "U04T9TDB58W"
                ],
                "count": 1
            }
        ]
    },
    {
        "client_msg_id": "a60f7e64-5026-4dd5-9726-20084f8c939e",
        "type": "message",
        "text": "夏休み, 1on1やろうよ",
        "user": "U04T9TDB58W",
        "ts": "1690723258.511449",
        "blocks": [
            {
                "type": "rich_text",
                "block_id": "Gah6P",
                "elements": [
                    {
                        "type": "rich_text_section",
                        "elements": [
                            {
                                "type": "text",
                                "text": "夏休み, 1on1やろうよ"
                            }
                        ]
                    }
                ]
            }
        ],
        "team": "T04TGFGMK7C",
        "user_team": "T04TGFGMK7C",
        "source_team": "T04TGFGMK7C",
        "user_profile": {
            "avatar_hash": "183a619e0408",
            "image_72": "https:\/\/avatars.slack-edge.com\/2023-03-11\/4958815898464_183a619e0408c53031fd_72.jpg",
            "first_name": "Hibiki",
            "real_name": "Hibiki Mizuno",
            "display_name": "Jabelic スクラムマスター",
            "team": "T04TGFGMK7C",
            "name": "a2239hm",
            "is_restricted": false,
            "is_ultra_restricted": false
        },
        "reactions": [
            {
                "name": "eyes",
                "users": [
                    "U04T201950F",
                    "U04TV4NASPK"
                ],
                "count": 2
            }
        ]
    },
    {
        "client_msg_id": "0e0be25e-9567-4fb5-8028-3d7bedbca978",
        "type": "message",
        "text": "やばい忘れてた、木曜飲み会だ",
        "user": "U04T9TDB58W",
        "ts": "1690759418.092509",
        "blocks": [
            {
                "type": "rich_text",
                "block_id": "SMt",
                "elements": [
                    {
                        "type": "rich_text_section",
                        "elements": [
                            {
                                "type": "text",
                                "text": "やばい忘れてた、木曜飲み会だ"
                            }
                        ]
                    }
                ]
            }
        ],
        "team": "T04TGFGMK7C",
        "user_team": "T04TGFGMK7C",
        "source_team": "T04TGFGMK7C",
        "user_profile": {
            "avatar_hash": "183a619e0408",
            "image_72": "https:\/\/avatars.slack-edge.com\/2023-03-11\/4958815898464_183a619e0408c53031fd_72.jpg",
            "first_name": "Hibiki",
            "real_name": "Hibiki Mizuno",
            "display_name": "Jabelic スクラムマスター",
            "team": "T04TGFGMK7C",
            "name": "a2239hm",
            "is_restricted": false,
            "is_ultra_restricted": false
        }
    },
    {
        "client_msg_id": "da7b868b-7256-4a4e-9598-3af83cd7d85c",
        "type": "message",
        "text": "今日も飲み会ある",
        "user": "U04T9TDB58W",
        "ts": "1690759424.242469",
        "blocks": [
            {
                "type": "rich_text",
                "block_id": "RPu",
                "elements": [
                    {
                        "type": "rich_text_section",
                        "elements": [
                            {
                                "type": "text",
                                "text": "今日も飲み会ある"
                            }
                        ]
                    }
                ]
            }
        ],
        "team": "T04TGFGMK7C",
        "user_team": "T04TGFGMK7C",
        "source_team": "T04TGFGMK7C",
        "user_profile": {
            "avatar_hash": "183a619e0408",
            "image_72": "https:\/\/avatars.slack-edge.com\/2023-03-11\/4958815898464_183a619e0408c53031fd_72.jpg",
            "first_name": "Hibiki",
            "real_name": "Hibiki Mizuno",
            "display_name": "Jabelic スクラムマスター",
            "team": "T04TGFGMK7C",
            "name": "a2239hm",
            "is_restricted": false,
            "is_ultra_restricted": false
        },
        "reactions": [
            {
                "name": "scream",
                "users": [
                    "U04T201950F"
                ],
                "count": 1
            }
        ]
    }
]