[
    {
        "client_msg_id": "65b02562-0e22-4422-a0b7-a21bc782ccde",
        "type": "message",
        "text": "api未だに立ち上がらないな、かなり厳しい",
        "user": "U04T9TDB58W",
        "ts": "1690628428.100929",
        "blocks": [
            {
                "type": "rich_text",
                "block_id": "1Apse",
                "elements": [
                    {
                        "type": "rich_text_section",
                        "elements": [
                            {
                                "type": "text",
                                "text": "api未だに立ち上がらないな、かなり厳しい"
                            }
                        ]
                    }
                ]
            }
        ],
        "team": "T04TGFGMK7C",
        "user_team": "T04TGFGMK7C",
        "source_team": "T04TGFGMK7C",
        "user_profile": {
            "avatar_hash": "183a619e0408",
            "image_72": "https:\/\/avatars.slack-edge.com\/2023-03-11\/4958815898464_183a619e0408c53031fd_72.jpg",
            "first_name": "Hibiki",
            "real_name": "Hibiki Mizuno",
            "display_name": "Jabelic スクラムマスター",
            "team": "T04TGFGMK7C",
            "name": "a2239hm",
            "is_restricted": false,
            "is_ultra_restricted": false
        }
    },
    {
        "client_msg_id": "48841b2a-3436-4f2e-91a9-2f0607e58309",
        "type": "message",
        "text": "-&gt; DBに接続できない",
        "user": "U04T9TDB58W",
        "ts": "1690628487.288639",
        "blocks": [
            {
                "type": "rich_text",
                "block_id": "pqS7",
                "elements": [
                    {
                        "type": "rich_text_section",
                        "elements": [
                            {
                                "type": "text",
                                "text": "-> DBに接続できない"
                            }
                        ]
                    }
                ]
            }
        ],
        "team": "T04TGFGMK7C",
        "user_team": "T04TGFGMK7C",
        "source_team": "T04TGFGMK7C",
        "user_profile": {
            "avatar_hash": "183a619e0408",
            "image_72": "https:\/\/avatars.slack-edge.com\/2023-03-11\/4958815898464_183a619e0408c53031fd_72.jpg",
            "first_name": "Hibiki",
            "real_name": "Hibiki Mizuno",
            "display_name": "Jabelic スクラムマスター",
            "team": "T04TGFGMK7C",
            "name": "a2239hm",
            "is_restricted": false,
            "is_ultra_restricted": false
        },
        "reactions": [
            {
                "name": "eyes",
                "users": [
                    "U04U66DSPEU"
                ],
                "count": 1
            }
        ]
    },
    {
        "client_msg_id": "a2827e9a-eb21-4689-84fc-30c00fadc236",
        "type": "message",
        "text": "docker内でmysqlに入れない、\nroot@aa5492415b47:\/myapp# mysql -h 172.22.0.3 -P 3306 -u root -p\nEnter password:\nERROR 2002 (HY000): Can't connect to server on '172.22.0.3' (115)\nほぉ",
        "user": "U04T9TDB58W",
        "ts": "1690629260.171499",
        "blocks": [
            {
                "type": "rich_text",
                "block_id": "1kHi",
                "elements": [
                    {
                        "type": "rich_text_section",
                        "elements": [
                            {
                                "type": "text",
                                "text": "docker内でmysqlに入れない、\nroot@aa5492415b47:\/myapp# mysql -h 172.22.0.3 -P 3306 -u root -p\nEnter password:\nERROR 2002 (HY000): Can't connect to server on '172.22.0.3' (115)\nほぉ"
                            }
                        ]
                    }
                ]
            }
        ],
        "team": "T04TGFGMK7C",
        "user_team": "T04TGFGMK7C",
        "source_team": "T04TGFGMK7C",
        "user_profile": {
            "avatar_hash": "183a619e0408",
            "image_72": "https:\/\/avatars.slack-edge.com\/2023-03-11\/4958815898464_183a619e0408c53031fd_72.jpg",
            "first_name": "Hibiki",
            "real_name": "Hibiki Mizuno",
            "display_name": "Jabelic スクラムマスター",
            "team": "T04TGFGMK7C",
            "name": "a2239hm",
            "is_restricted": false,
            "is_ultra_restricted": false
        },
        "thread_ts": "1690629260.171499",
        "reply_count": 8,
        "reply_users_count": 2,
        "latest_reply": "1690632694.298399",
        "reply_users": [
            "U04U66DSPEU",
            "U04T9TDB58W"
        ],
        "replies": [
            {
                "user": "U04U66DSPEU",
                "ts": "1690629408.934369"
            },
            {
                "user": "U04U66DSPEU",
                "ts": "1690629595.225159"
            },
            {
                "user": "U04T9TDB58W",
                "ts": "1690630185.837359"
            },
            {
                "user": "U04U66DSPEU",
                "ts": "1690630459.772489"
            },
            {
                "user": "U04U66DSPEU",
                "ts": "1690631328.194339"
            },
            {
                "user": "U04T9TDB58W",
                "ts": "1690631496.538929"
            },
            {
                "user": "U04U66DSPEU",
                "ts": "1690632665.063169"
            },
            {
                "user": "U04T9TDB58W",
                "ts": "1690632694.298399"
            }
        ],
        "is_locked": false,
        "subscribed": false
    },
    {
        "client_msg_id": "60b2c4e4-f997-45f5-9fb6-2c8369b4a466",
        "type": "message",
        "text": "172.22.0.3はmysqlのdocker instance のIPでしょうか",
        "user": "U04U66DSPEU",
        "ts": "1690629408.934369",
        "blocks": [
            {
                "type": "rich_text",
                "block_id": "Qozh",
                "elements": [
                    {
                        "type": "rich_text_section",
                        "elements": [
                            {
                                "type": "text",
                                "text": "172.22.0.3はmysqlのdocker instance のIPでしょうか"
                            }
                        ]
                    }
                ]
            }
        ],
        "team": "T04TGFGMK7C",
        "user_team": "T04TGFGMK7C",
        "source_team": "T04TGFGMK7C",
        "user_profile": {
            "avatar_hash": "eded816e5002",
            "image_72": "https:\/\/avatars.slack-edge.com\/2023-04-25\/5164292307843_eded816e5002d89cd475_72.png",
            "first_name": "FABIAN",
            "real_name": "FABIAN M. FERNANDEZ",
            "display_name": "Fernandez",
            "team": "T04TGFGMK7C",
            "name": "a2237mf",
            "is_restricted": false,
            "is_ultra_restricted": false
        },
        "thread_ts": "1690629260.171499",
        "parent_user_id": "U04T9TDB58W"
    },
    {
        "client_msg_id": "00f878d8-2db3-41e0-9167-0b063c36a7b4",
        "type": "message",
        "text": "--network パラメータでコンテナ機動してますか\n\n```docker run -d --name mysql_container --network my_network my_mysql_image\ndocker run -d --name backend_container --network my_network atomono_backend_image```",
        "user": "U04U66DSPEU",
        "ts": "1690629595.225159",
        "blocks": [
            {
                "type": "rich_text",
                "block_id": "MoA",
                "elements": [
                    {
                        "type": "rich_text_section",
                        "elements": [
                            {
                                "type": "text",
                                "text": "--network パラメータでコンテナ機動してますか\n\n"
                            }
                        ]
                    },
                    {
                        "type": "rich_text_preformatted",
                        "elements": [
                            {
                                "type": "text",
                                "text": "docker run -d --name mysql_container --network my_network my_mysql_image\ndocker run -d --name backend_container --network my_network atomono_backend_image"
                            }
                        ],
                        "border": 0
                    }
                ]
            }
        ],
        "team": "T04TGFGMK7C",
        "user_team": "T04TGFGMK7C",
        "source_team": "T04TGFGMK7C",
        "user_profile": {
            "avatar_hash": "eded816e5002",
            "image_72": "https:\/\/avatars.slack-edge.com\/2023-04-25\/5164292307843_eded816e5002d89cd475_72.png",
            "first_name": "FABIAN",
            "real_name": "FABIAN M. FERNANDEZ",
            "display_name": "Fernandez",
            "team": "T04TGFGMK7C",
            "name": "a2237mf",
            "is_restricted": false,
            "is_ultra_restricted": false
        },
        "thread_ts": "1690629260.171499",
        "parent_user_id": "U04T9TDB58W"
    },
    {
        "client_msg_id": "278a7817-368b-4069-93a3-c32ac33a04b2",
        "type": "message",
        "text": "&gt; 172.22.0.3はmysqlのdocker instance のIPでしょうか\n&gt; \nそうです！databaseが存在してるか確認しに行こうと思ったのですが、入れず…\n\ndocker-composeで起動しちゃってます。networkパラメータを設定するにはどうしたら良いですか？",
        "user": "U04T9TDB58W",
        "ts": "1690630185.837359",
        "blocks": [
            {
                "type": "rich_text",
                "block_id": "iyD9",
                "elements": [
                    {
                        "type": "rich_text_quote",
                        "elements": [
                            {
                                "type": "text",
                                "text": "172.22.0.3はmysqlのdocker instance のIPでしょうか\n"
                            }
                        ],
                        "border": 0
                    },
                    {
                        "type": "rich_text_section",
                        "elements": [
                            {
                                "type": "text",
                                "text": "そうです！databaseが存在してるか確認しに行こうと思ったのですが、入れず…\n\ndocker-composeで起動しちゃってます。networkパラメータを設定するにはどうしたら良いですか？"
                            }
                        ]
                    }
                ]
            }
        ],
        "team": "T04TGFGMK7C",
        "user_team": "T04TGFGMK7C",
        "source_team": "T04TGFGMK7C",
        "user_profile": {
            "avatar_hash": "183a619e0408",
            "image_72": "https:\/\/avatars.slack-edge.com\/2023-03-11\/4958815898464_183a619e0408c53031fd_72.jpg",
            "first_name": "Hibiki",
            "real_name": "Hibiki Mizuno",
            "display_name": "Jabelic スクラムマスター",
            "team": "T04TGFGMK7C",
            "name": "a2239hm",
            "is_restricted": false,
            "is_ultra_restricted": false
        },
        "thread_ts": "1690629260.171499",
        "parent_user_id": "U04T9TDB58W"
    },
    {
        "client_msg_id": "6b295775-ba53-40b7-a2e4-aade5c56a213",
        "type": "message",
        "text": "Slackまた落ちた？",
        "user": "U04T9TDB58W",
        "ts": "1690630205.636939",
        "blocks": [
            {
                "type": "rich_text",
                "block_id": "LAnK",
                "elements": [
                    {
                        "type": "rich_text_section",
                        "elements": [
                            {
                                "type": "text",
                                "text": "Slackまた落ちた？"
                            }
                        ]
                    }
                ]
            }
        ],
        "team": "T04TGFGMK7C",
        "user_team": "T04TGFGMK7C",
        "source_team": "T04TGFGMK7C",
        "user_profile": {
            "avatar_hash": "183a619e0408",
            "image_72": "https:\/\/avatars.slack-edge.com\/2023-03-11\/4958815898464_183a619e0408c53031fd_72.jpg",
            "first_name": "Hibiki",
            "real_name": "Hibiki Mizuno",
            "display_name": "Jabelic スクラムマスター",
            "team": "T04TGFGMK7C",
            "name": "a2239hm",
            "is_restricted": false,
            "is_ultra_restricted": false
        }
    },
    {
        "client_msg_id": "6810c2e5-f09a-4528-8303-4c02df3da51a",
        "type": "message",
        "text": "んー、自分もDocker-composeでやってみます。\n私の場合は直接 rails sでバックエンド機動、npm run dev:local-api --show-allでフロント機動してました",
        "user": "U04U66DSPEU",
        "ts": "1690630459.772489",
        "blocks": [
            {
                "type": "rich_text",
                "block_id": "l0wJC",
                "elements": [
                    {
                        "type": "rich_text_section",
                        "elements": [
                            {
                                "type": "text",
                                "text": "んー、自分もDocker-composeでやってみます。\n私の場合は直接 rails sでバックエンド機動、npm run dev:local-api --show-allでフロント機動してました"
                            }
                        ]
                    }
                ]
            }
        ],
        "team": "T04TGFGMK7C",
        "user_team": "T04TGFGMK7C",
        "source_team": "T04TGFGMK7C",
        "user_profile": {
            "avatar_hash": "eded816e5002",
            "image_72": "https:\/\/avatars.slack-edge.com\/2023-04-25\/5164292307843_eded816e5002d89cd475_72.png",
            "first_name": "FABIAN",
            "real_name": "FABIAN M. FERNANDEZ",
            "display_name": "Fernandez",
            "team": "T04TGFGMK7C",
            "name": "a2237mf",
            "is_restricted": false,
            "is_ultra_restricted": false
        },
        "thread_ts": "1690629260.171499",
        "parent_user_id": "U04T9TDB58W",
        "reactions": [
            {
                "name": "raised_hands",
                "users": [
                    "U04T9TDB58W"
                ],
                "count": 1
            }
        ]
    },
    {
        "client_msg_id": "31c12b56-bcde-4455-8398-b3d5cc09f0a8",
        "type": "message",
        "text": "お、回復した",
        "user": "U04T9TDB58W",
        "ts": "1690630713.110549",
        "blocks": [
            {
                "type": "rich_text",
                "block_id": "\/wxI",
                "elements": [
                    {
                        "type": "rich_text_section",
                        "elements": [
                            {
                                "type": "text",
                                "text": "お、回復した"
                            }
                        ]
                    }
                ]
            }
        ],
        "team": "T04TGFGMK7C",
        "user_team": "T04TGFGMK7C",
        "source_team": "T04TGFGMK7C",
        "user_profile": {
            "avatar_hash": "183a619e0408",
            "image_72": "https:\/\/avatars.slack-edge.com\/2023-03-11\/4958815898464_183a619e0408c53031fd_72.jpg",
            "first_name": "Hibiki",
            "real_name": "Hibiki Mizuno",
            "display_name": "Jabelic スクラムマスター",
            "team": "T04TGFGMK7C",
            "name": "a2239hm",
            "is_restricted": false,
            "is_ultra_restricted": false
        }
    },
    {
        "client_msg_id": "6a371500-e08c-40e7-92fa-8a59c7b68f77",
        "type": "message",
        "text": "backend環境構築状況：<https:\/\/www.notion.so\/backend-ec15956dcb3c4dfa9ca4ddaff7320cc1>",
        "user": "U04T9TDB58W",
        "ts": "1690630731.707079",
        "blocks": [
            {
                "type": "rich_text",
                "block_id": "FC8FF",
                "elements": [
                    {
                        "type": "rich_text_section",
                        "elements": [
                            {
                                "type": "text",
                                "text": "backend環境構築状況："
                            },
                            {
                                "type": "link",
                                "url": "https:\/\/www.notion.so\/backend-ec15956dcb3c4dfa9ca4ddaff7320cc1"
                            }
                        ]
                    }
                ]
            }
        ],
        "team": "T04TGFGMK7C",
        "user_team": "T04TGFGMK7C",
        "source_team": "T04TGFGMK7C",
        "user_profile": {
            "avatar_hash": "183a619e0408",
            "image_72": "https:\/\/avatars.slack-edge.com\/2023-03-11\/4958815898464_183a619e0408c53031fd_72.jpg",
            "first_name": "Hibiki",
            "real_name": "Hibiki Mizuno",
            "display_name": "Jabelic スクラムマスター",
            "team": "T04TGFGMK7C",
            "name": "a2239hm",
            "is_restricted": false,
            "is_ultra_restricted": false
        },
        "edited": {
            "user": "U04T9TDB58W",
            "ts": "1690630740.000000"
        },
        "attachments": [
            {
                "id": 1,
                "footer_icon": "https:\/\/notion.so\/images\/logo-for-slack-integration.png",
                "ts": 1681928580,
                "color": "E8E7E4",
                "bot_id": "B0551QLP8AU",
                "app_unfurl_url": "https:\/\/www.notion.so\/backend-ec15956dcb3c4dfa9ca4ddaff7320cc1",
                "is_app_unfurl": true,
                "app_id": "A049JV0H0KC",
                "fallback": "backendの環境構築",
                "text": "docker-compose.yml",
                "title": "backendの環境構築",
                "title_link": "https:\/\/www.notion.so\/backend-ec15956dcb3c4dfa9ca4ddaff7320cc1?utm_content=ec15956d-cb3c-4dfa-9ca4-ddaff7320cc1&utm_campaign=T04TGFGMK7C&n=slack&n=slack_link_unfurl&pvs=6",
                "footer": "Created by Hibiki Mizuno"
            }
        ]
    },
    {
        "client_msg_id": "be1ca444-29be-43d0-9984-ebc96705d37f",
        "type": "message",
        "text": "フロントのDocker imageは、\ncd atomono-front\ndocker build -t front - &lt; Dockerfile\nで作って見ましたが失敗しました\nこの辺のドキュメンテーションがありますでしょうか",
        "user": "U04U66DSPEU",
        "ts": "1690631328.194339",
        "blocks": [
            {
                "type": "rich_text",
                "block_id": "KtscE",
                "elements": [
                    {
                        "type": "rich_text_section",
                        "elements": [
                            {
                                "type": "text",
                                "text": "フロントのDocker imageは、\ncd atomono-front\ndocker build -t front - < Dockerfile\nで作って見ましたが失敗しました\nこの辺のドキュメンテーションがありますでしょうか"
                            }
                        ]
                    }
                ]
            }
        ],
        "team": "T04TGFGMK7C",
        "user_team": "T04TGFGMK7C",
        "source_team": "T04TGFGMK7C",
        "user_profile": {
            "avatar_hash": "eded816e5002",
            "image_72": "https:\/\/avatars.slack-edge.com\/2023-04-25\/5164292307843_eded816e5002d89cd475_72.png",
            "first_name": "FABIAN",
            "real_name": "FABIAN M. FERNANDEZ",
            "display_name": "Fernandez",
            "team": "T04TGFGMK7C",
            "name": "a2237mf",
            "is_restricted": false,
            "is_ultra_restricted": false
        },
        "thread_ts": "1690629260.171499",
        "parent_user_id": "U04T9TDB58W"
    },
    {
        "client_msg_id": "c5c6a07d-d9a6-42d2-8745-bdc68c1a8c8e",
        "type": "message",
        "text": "フロントはDockerで起動しておらず, apiをDockerで起動しようとしています.\nなので, あいにくfrontのDockerのドキュメンテーションはないです :crying_cat_face:",
        "user": "U04T9TDB58W",
        "ts": "1690631496.538929",
        "blocks": [
            {
                "type": "rich_text",
                "block_id": "g1n4f",
                "elements": [
                    {
                        "type": "rich_text_section",
                        "elements": [
                            {
                                "type": "text",
                                "text": "フロントはDockerで起動しておらず, apiをDockerで起動しようとしています.\nなので, あいにくfrontのDockerのドキュメンテーションはないです "
                            },
                            {
                                "type": "emoji",
                                "name": "crying_cat_face",
                                "unicode": "1f63f"
                            }
                        ]
                    }
                ]
            }
        ],
        "team": "T04TGFGMK7C",
        "user_team": "T04TGFGMK7C",
        "source_team": "T04TGFGMK7C",
        "user_profile": {
            "avatar_hash": "183a619e0408",
            "image_72": "https:\/\/avatars.slack-edge.com\/2023-03-11\/4958815898464_183a619e0408c53031fd_72.jpg",
            "first_name": "Hibiki",
            "real_name": "Hibiki Mizuno",
            "display_name": "Jabelic スクラムマスター",
            "team": "T04TGFGMK7C",
            "name": "a2239hm",
            "is_restricted": false,
            "is_ultra_restricted": false
        },
        "thread_ts": "1690629260.171499",
        "parent_user_id": "U04T9TDB58W",
        "reactions": [
            {
                "name": "thinking_face",
                "users": [
                    "U04U66DSPEU"
                ],
                "count": 1
            }
        ]
    },
    {
        "client_msg_id": "958db755-514b-4897-b8f8-82162c2731f4",
        "type": "message",
        "text": "お使いのdocker-compose.ymlいただけますでしょか:thinking_face:",
        "user": "U04U66DSPEU",
        "ts": "1690632665.063169",
        "blocks": [
            {
                "type": "rich_text",
                "block_id": "k4x",
                "elements": [
                    {
                        "type": "rich_text_section",
                        "elements": [
                            {
                                "type": "text",
                                "text": "お使いのdocker-compose.ymlいただけますでしょか"
                            },
                            {
                                "type": "emoji",
                                "name": "thinking_face",
                                "unicode": "1f914"
                            }
                        ]
                    }
                ]
            }
        ],
        "team": "T04TGFGMK7C",
        "user_team": "T04TGFGMK7C",
        "source_team": "T04TGFGMK7C",
        "user_profile": {
            "avatar_hash": "eded816e5002",
            "image_72": "https:\/\/avatars.slack-edge.com\/2023-04-25\/5164292307843_eded816e5002d89cd475_72.png",
            "first_name": "FABIAN",
            "real_name": "FABIAN M. FERNANDEZ",
            "display_name": "Fernandez",
            "team": "T04TGFGMK7C",
            "name": "a2237mf",
            "is_restricted": false,
            "is_ultra_restricted": false
        },
        "thread_ts": "1690629260.171499",
        "parent_user_id": "U04T9TDB58W"
    },
    {
        "client_msg_id": "40fe7e27-c9b4-4b9d-a31e-6e4ec2df3651",
        "type": "message",
        "text": "<https:\/\/www.notion.so\/backend-ec15956dcb3c4dfa9ca4ddaff7320cc1> こちらで!",
        "user": "U04T9TDB58W",
        "ts": "1690632694.298399",
        "blocks": [
            {
                "type": "rich_text",
                "block_id": "xiOwM",
                "elements": [
                    {
                        "type": "rich_text_section",
                        "elements": [
                            {
                                "type": "link",
                                "url": "https:\/\/www.notion.so\/backend-ec15956dcb3c4dfa9ca4ddaff7320cc1"
                            },
                            {
                                "type": "text",
                                "text": " こちらで!"
                            }
                        ]
                    }
                ]
            }
        ],
        "team": "T04TGFGMK7C",
        "user_team": "T04TGFGMK7C",
        "source_team": "T04TGFGMK7C",
        "user_profile": {
            "avatar_hash": "183a619e0408",
            "image_72": "https:\/\/avatars.slack-edge.com\/2023-03-11\/4958815898464_183a619e0408c53031fd_72.jpg",
            "first_name": "Hibiki",
            "real_name": "Hibiki Mizuno",
            "display_name": "Jabelic スクラムマスター",
            "team": "T04TGFGMK7C",
            "name": "a2239hm",
            "is_restricted": false,
            "is_ultra_restricted": false
        },
        "attachments": [
            {
                "id": 1,
                "footer_icon": "https:\/\/notion.so\/images\/logo-for-slack-integration.png",
                "ts": 1681928580,
                "color": "E8E7E4",
                "bot_id": "B0551QLP8AU",
                "app_unfurl_url": "https:\/\/www.notion.so\/backend-ec15956dcb3c4dfa9ca4ddaff7320cc1",
                "is_app_unfurl": true,
                "app_id": "A049JV0H0KC",
                "fallback": "backendの環境構築",
                "text": "コマンド",
                "title": "backendの環境構築",
                "title_link": "https:\/\/www.notion.so\/backend-ec15956dcb3c4dfa9ca4ddaff7320cc1?utm_content=ec15956d-cb3c-4dfa-9ca4-ddaff7320cc1&utm_campaign=T04TGFGMK7C&n=slack&n=slack_link_unfurl&pvs=6",
                "footer": "Created by Hibiki Mizuno"
            }
        ],
        "thread_ts": "1690629260.171499",
        "parent_user_id": "U04T9TDB58W",
        "reactions": [
            {
                "name": "eyes",
                "users": [
                    "U04U66DSPEU"
                ],
                "count": 1
            }
        ]
    },
    {
        "client_msg_id": "2322490b-b153-414b-95fc-81186346fc3d",
        "type": "message",
        "text": "ん〜, わからん...",
        "user": "U04T9TDB58W",
        "ts": "1690638474.080989",
        "blocks": [
            {
                "type": "rich_text",
                "block_id": "iz3+",
                "elements": [
                    {
                        "type": "rich_text_section",
                        "elements": [
                            {
                                "type": "text",
                                "text": "ん〜, わからん..."
                            }
                        ]
                    }
                ]
            }
        ],
        "team": "T04TGFGMK7C",
        "user_team": "T04TGFGMK7C",
        "source_team": "T04TGFGMK7C",
        "user_profile": {
            "avatar_hash": "183a619e0408",
            "image_72": "https:\/\/avatars.slack-edge.com\/2023-03-11\/4958815898464_183a619e0408c53031fd_72.jpg",
            "first_name": "Hibiki",
            "real_name": "Hibiki Mizuno",
            "display_name": "Jabelic スクラムマスター",
            "team": "T04TGFGMK7C",
            "name": "a2239hm",
            "is_restricted": false,
            "is_ultra_restricted": false
        }
    },
    {
        "client_msg_id": "e97f555c-d513-4341-a1ca-baabcb333841",
        "type": "message",
        "text": "<https:\/\/docs.docker.jp\/develop\/develop-images\/build_enhancements.html> これ初めて知った",
        "user": "U04T9TDB58W",
        "ts": "1690638506.423949",
        "blocks": [
            {
                "type": "rich_text",
                "block_id": "0zjZR",
                "elements": [
                    {
                        "type": "rich_text_section",
                        "elements": [
                            {
                                "type": "link",
                                "url": "https:\/\/docs.docker.jp\/develop\/develop-images\/build_enhancements.html"
                            },
                            {
                                "type": "text",
                                "text": " これ初めて知った"
                            }
                        ]
                    }
                ]
            }
        ],
        "team": "T04TGFGMK7C",
        "user_team": "T04TGFGMK7C",
        "source_team": "T04TGFGMK7C",
        "user_profile": {
            "avatar_hash": "183a619e0408",
            "image_72": "https:\/\/avatars.slack-edge.com\/2023-03-11\/4958815898464_183a619e0408c53031fd_72.jpg",
            "first_name": "Hibiki",
            "real_name": "Hibiki Mizuno",
            "display_name": "Jabelic スクラムマスター",
            "team": "T04TGFGMK7C",
            "name": "a2239hm",
            "is_restricted": false,
            "is_ultra_restricted": false
        }
    },
    {
        "client_msg_id": "949163d7-c526-43b9-9edf-2dfcffa40486",
        "type": "message",
        "text": "多分名前の指定ができていない",
        "user": "U04T9TDB58W",
        "ts": "1690639176.803909",
        "blocks": [
            {
                "type": "rich_text",
                "block_id": "rT5PU",
                "elements": [
                    {
                        "type": "rich_text_section",
                        "elements": [
                            {
                                "type": "text",
                                "text": "多分名前の指定ができていない"
                            }
                        ]
                    }
                ]
            }
        ],
        "team": "T04TGFGMK7C",
        "user_team": "T04TGFGMK7C",
        "source_team": "T04TGFGMK7C",
        "user_profile": {
            "avatar_hash": "183a619e0408",
            "image_72": "https:\/\/avatars.slack-edge.com\/2023-03-11\/4958815898464_183a619e0408c53031fd_72.jpg",
            "first_name": "Hibiki",
            "real_name": "Hibiki Mizuno",
            "display_name": "Jabelic スクラムマスター",
            "team": "T04TGFGMK7C",
            "name": "a2239hm",
            "is_restricted": false,
            "is_ultra_restricted": false
        }
    },
    {
        "client_msg_id": "76597d56-67ac-4572-a48a-19d5a33844d1",
        "type": "message",
        "text": "db:setupわすれてる",
        "user": "U04T9TDB58W",
        "ts": "1690639366.342679",
        "blocks": [
            {
                "type": "rich_text",
                "block_id": "002h",
                "elements": [
                    {
                        "type": "rich_text_section",
                        "elements": [
                            {
                                "type": "text",
                                "text": "db:setupわすれてる"
                            }
                        ]
                    }
                ]
            }
        ],
        "team": "T04TGFGMK7C",
        "user_team": "T04TGFGMK7C",
        "source_team": "T04TGFGMK7C",
        "user_profile": {
            "avatar_hash": "183a619e0408",
            "image_72": "https:\/\/avatars.slack-edge.com\/2023-03-11\/4958815898464_183a619e0408c53031fd_72.jpg",
            "first_name": "Hibiki",
            "real_name": "Hibiki Mizuno",
            "display_name": "Jabelic スクラムマスター",
            "team": "T04TGFGMK7C",
            "name": "a2239hm",
            "is_restricted": false,
            "is_ultra_restricted": false
        }
    },
    {
        "client_msg_id": "266ceab3-b643-4f2a-b6d2-d46e394ab2c6",
        "type": "message",
        "text": "やった、うごいた",
        "user": "U04T9TDB58W",
        "ts": "1690639613.477509",
        "blocks": [
            {
                "type": "rich_text",
                "block_id": "EoJ",
                "elements": [
                    {
                        "type": "rich_text_section",
                        "elements": [
                            {
                                "type": "text",
                                "text": "やった、うごいた"
                            }
                        ]
                    }
                ]
            }
        ],
        "team": "T04TGFGMK7C",
        "user_team": "T04TGFGMK7C",
        "source_team": "T04TGFGMK7C",
        "user_profile": {
            "avatar_hash": "183a619e0408",
            "image_72": "https:\/\/avatars.slack-edge.com\/2023-03-11\/4958815898464_183a619e0408c53031fd_72.jpg",
            "first_name": "Hibiki",
            "real_name": "Hibiki Mizuno",
            "display_name": "Jabelic スクラムマスター",
            "team": "T04TGFGMK7C",
            "name": "a2239hm",
            "is_restricted": false,
            "is_ultra_restricted": false
        }
    },
    {
        "type": "message",
        "text": "",
        "files": [
            {
                "id": "F05JYBWTCNB",
                "created": 1690639629,
                "timestamp": 1690639629,
                "name": "スクリーンショット 2023-07-29 23.07.05.png",
                "title": "スクリーンショット 2023-07-29 23.07.05.png",
                "mimetype": "image\/png",
                "filetype": "png",
                "pretty_type": "PNG",
                "user": "U04T9TDB58W",
                "user_team": "T04TGFGMK7C",
                "editable": false,
                "size": 32496,
                "mode": "hosted",
                "is_external": false,
                "external_type": "",
                "is_public": true,
                "public_url_shared": false,
                "display_as_bot": false,
                "username": "",
                "url_private": "https:\/\/files.slack.com\/files-pri\/T04TGFGMK7C-F05JYBWTCNB\/____________________________2023-07-29_23.07.05.png?t=xoxe-4934526733250-6368208843238-6387480588305-95888d873daabf54b325285fb536dbb2",
                "url_private_download": "https:\/\/files.slack.com\/files-pri\/T04TGFGMK7C-F05JYBWTCNB\/download\/____________________________2023-07-29_23.07.05.png?t=xoxe-4934526733250-6368208843238-6387480588305-95888d873daabf54b325285fb536dbb2",
                "media_display_type": "unknown",
                "thumb_64": "https:\/\/files.slack.com\/files-tmb\/T04TGFGMK7C-F05JYBWTCNB-3762500ba3\/____________________________2023-07-29_23.07.05_64.png?t=xoxe-4934526733250-6368208843238-6387480588305-95888d873daabf54b325285fb536dbb2",
                "thumb_80": "https:\/\/files.slack.com\/files-tmb\/T04TGFGMK7C-F05JYBWTCNB-3762500ba3\/____________________________2023-07-29_23.07.05_80.png?t=xoxe-4934526733250-6368208843238-6387480588305-95888d873daabf54b325285fb536dbb2",
                "thumb_360": "https:\/\/files.slack.com\/files-tmb\/T04TGFGMK7C-F05JYBWTCNB-3762500ba3\/____________________________2023-07-29_23.07.05_360.png?t=xoxe-4934526733250-6368208843238-6387480588305-95888d873daabf54b325285fb536dbb2",
                "thumb_360_w": 360,
                "thumb_360_h": 45,
                "thumb_160": "https:\/\/files.slack.com\/files-tmb\/T04TGFGMK7C-F05JYBWTCNB-3762500ba3\/____________________________2023-07-29_23.07.05_160.png?t=xoxe-4934526733250-6368208843238-6387480588305-95888d873daabf54b325285fb536dbb2",
                "original_w": 380,
                "original_h": 48,
                "thumb_tiny": "AwAGADCsOlB4xQtDdqYCjmlHIpq9BSr0pAKAQPvGnMuApznNH8Jpz\/cj+h\/nQB\/\/2Q==",
                "permalink": "https:\/\/chubachi-pt-2023.slack.com\/files\/U04T9TDB58W\/F05JYBWTCNB\/____________________________2023-07-29_23.07.05.png",
                "permalink_public": "https:\/\/slack-files.com\/T04TGFGMK7C-F05JYBWTCNB-3c2839805f",
                "is_starred": false,
                "has_rich_preview": false,
                "file_access": "visible"
            }
        ],
        "upload": false,
        "user": "U04T9TDB58W",
        "display_as_bot": false,
        "ts": "1690639631.629479",
        "client_msg_id": "bee04f2c-e9a0-48fd-800e-71fa59439651",
        "reactions": [
            {
                "name": "tada",
                "users": [
                    "U04U66DSPEU"
                ],
                "count": 1
            }
        ]
    },
    {
        "client_msg_id": "46a5c06c-daea-457c-bbdb-4763e13b1d0b",
        "type": "message",
        "text": "cc <@U04U66DSPEU> :pray:",
        "user": "U04T9TDB58W",
        "ts": "1690639725.962769",
        "blocks": [
            {
                "type": "rich_text",
                "block_id": "2GID",
                "elements": [
                    {
                        "type": "rich_text_section",
                        "elements": [
                            {
                                "type": "text",
                                "text": "cc "
                            },
                            {
                                "type": "user",
                                "user_id": "U04U66DSPEU"
                            },
                            {
                                "type": "text",
                                "text": " "
                            },
                            {
                                "type": "emoji",
                                "name": "pray",
                                "unicode": "1f64f"
                            }
                        ]
                    }
                ]
            }
        ],
        "team": "T04TGFGMK7C",
        "user_team": "T04TGFGMK7C",
        "source_team": "T04TGFGMK7C",
        "user_profile": {
            "avatar_hash": "183a619e0408",
            "image_72": "https:\/\/avatars.slack-edge.com\/2023-03-11\/4958815898464_183a619e0408c53031fd_72.jpg",
            "first_name": "Hibiki",
            "real_name": "Hibiki Mizuno",
            "display_name": "Jabelic スクラムマスター",
            "team": "T04TGFGMK7C",
            "name": "a2239hm",
            "is_restricted": false,
            "is_ultra_restricted": false
        }
    },
    {
        "client_msg_id": "6b89eb84-3ffa-4959-b89b-121ef6c67b18",
        "type": "message",
        "text": "ちょっと外出ます, 30分で返ってくる",
        "user": "U04T9TDB58W",
        "ts": "1690689207.319399",
        "blocks": [
            {
                "type": "rich_text",
                "block_id": "P+10",
                "elements": [
                    {
                        "type": "rich_text_section",
                        "elements": [
                            {
                                "type": "text",
                                "text": "ちょっと外出ます, 30分で返ってくる"
                            }
                        ]
                    }
                ]
            }
        ],
        "team": "T04TGFGMK7C",
        "user_team": "T04TGFGMK7C",
        "source_team": "T04TGFGMK7C",
        "user_profile": {
            "avatar_hash": "183a619e0408",
            "image_72": "https:\/\/avatars.slack-edge.com\/2023-03-11\/4958815898464_183a619e0408c53031fd_72.jpg",
            "first_name": "Hibiki",
            "real_name": "Hibiki Mizuno",
            "display_name": "Jabelic スクラムマスター",
            "team": "T04TGFGMK7C",
            "name": "a2239hm",
            "is_restricted": false,
            "is_ultra_restricted": false
        },
        "reactions": [
            {
                "name": "+1",
                "users": [
                    "U04TV4NASPK",
                    "U04U66DNCRE"
                ],
                "count": 2
            }
        ]
    },
    {
        "client_msg_id": "72ce6d91-0684-4240-9607-e7b97c2b5fd2",
        "type": "message",
        "text": "DONE",
        "user": "U04T9TDB58W",
        "ts": "1690692672.951559",
        "blocks": [
            {
                "type": "rich_text",
                "block_id": "+EJ",
                "elements": [
                    {
                        "type": "rich_text_section",
                        "elements": [
                            {
                                "type": "text",
                                "text": "DONE"
                            }
                        ]
                    }
                ]
            }
        ],
        "team": "T04TGFGMK7C",
        "user_team": "T04TGFGMK7C",
        "source_team": "T04TGFGMK7C",
        "user_profile": {
            "avatar_hash": "183a619e0408",
            "image_72": "https:\/\/avatars.slack-edge.com\/2023-03-11\/4958815898464_183a619e0408c53031fd_72.jpg",
            "first_name": "Hibiki",
            "real_name": "Hibiki Mizuno",
            "display_name": "Jabelic スクラムマスター",
            "team": "T04TGFGMK7C",
            "name": "a2239hm",
            "is_restricted": false,
            "is_ultra_restricted": false
        }
    },
    {
        "client_msg_id": "26309921-8e04-49dc-a2c9-013f4c560489",
        "type": "message",
        "text": "1時間じゃくかかっても歌",
        "user": "U04T9TDB58W",
        "ts": "1690692689.006049",
        "blocks": [
            {
                "type": "rich_text",
                "block_id": "K8F",
                "elements": [
                    {
                        "type": "rich_text_section",
                        "elements": [
                            {
                                "type": "text",
                                "text": "1時間じゃくかかっても歌"
                            }
                        ]
                    }
                ]
            }
        ],
        "team": "T04TGFGMK7C",
        "user_team": "T04TGFGMK7C",
        "source_team": "T04TGFGMK7C",
        "user_profile": {
            "avatar_hash": "183a619e0408",
            "image_72": "https:\/\/avatars.slack-edge.com\/2023-03-11\/4958815898464_183a619e0408c53031fd_72.jpg",
            "first_name": "Hibiki",
            "real_name": "Hibiki Mizuno",
            "display_name": "Jabelic スクラムマスター",
            "team": "T04TGFGMK7C",
            "name": "a2239hm",
            "is_restricted": false,
            "is_ultra_restricted": false
        }
    },
    {
        "client_msg_id": "0b4661b7-a00f-406d-9915-bb39ccc1c633",
        "type": "message",
        "text": "外に出て歩くなりなんかするなりしたほうが血圧上がって良い",
        "user": "U04T9TDB58W",
        "ts": "1690693138.699929",
        "blocks": [
            {
                "type": "rich_text",
                "block_id": "Qoe0t",
                "elements": [
                    {
                        "type": "rich_text_section",
                        "elements": [
                            {
                                "type": "text",
                                "text": "外に出て歩くなりなんかするなりしたほうが血圧上がって良い"
                            }
                        ]
                    }
                ]
            }
        ],
        "team": "T04TGFGMK7C",
        "user_team": "T04TGFGMK7C",
        "source_team": "T04TGFGMK7C",
        "user_profile": {
            "avatar_hash": "183a619e0408",
            "image_72": "https:\/\/avatars.slack-edge.com\/2023-03-11\/4958815898464_183a619e0408c53031fd_72.jpg",
            "first_name": "Hibiki",
            "real_name": "Hibiki Mizuno",
            "display_name": "Jabelic スクラムマスター",
            "team": "T04TGFGMK7C",
            "name": "a2239hm",
            "is_restricted": false,
            "is_ultra_restricted": false
        }
    },
    {
        "client_msg_id": "0f63f8d6-dd43-4778-b3df-fd89a47fa296",
        "type": "message",
        "text": "slack webの調子がすこぶる悪く, しかたなくアプリを入れた",
        "user": "U04T9TDB58W",
        "ts": "1690695794.802389",
        "blocks": [
            {
                "type": "rich_text",
                "block_id": "WYJzS",
                "elements": [
                    {
                        "type": "rich_text_section",
                        "elements": [
                            {
                                "type": "text",
                                "text": "slack webの調子がすこぶる悪く, しかたなくアプリを入れた"
                            }
                        ]
                    }
                ]
            }
        ],
        "team": "T04TGFGMK7C",
        "user_team": "T04TGFGMK7C",
        "source_team": "T04TGFGMK7C",
        "user_profile": {
            "avatar_hash": "183a619e0408",
            "image_72": "https:\/\/avatars.slack-edge.com\/2023-03-11\/4958815898464_183a619e0408c53031fd_72.jpg",
            "first_name": "Hibiki",
            "real_name": "Hibiki Mizuno",
            "display_name": "Jabelic スクラムマスター",
            "team": "T04TGFGMK7C",
            "name": "a2239hm",
            "is_restricted": false,
            "is_ultra_restricted": false
        }
    },
    {
        "client_msg_id": "690c3992-9fd5-4964-ba9e-937384df761d",
        "type": "message",
        "text": "「進路が決まった方はご提出ください」をずっと放置している、夏休みにやります",
        "user": "U04T9TDB58W",
        "ts": "1690698694.272139",
        "blocks": [
            {
                "type": "rich_text",
                "block_id": "vXP",
                "elements": [
                    {
                        "type": "rich_text_section",
                        "elements": [
                            {
                                "type": "text",
                                "text": "「進路が決まった方はご提出ください」をずっと放置している、夏休みにやります"
                            }
                        ]
                    }
                ]
            }
        ],
        "team": "T04TGFGMK7C",
        "user_team": "T04TGFGMK7C",
        "source_team": "T04TGFGMK7C",
        "user_profile": {
            "avatar_hash": "183a619e0408",
            "image_72": "https:\/\/avatars.slack-edge.com\/2023-03-11\/4958815898464_183a619e0408c53031fd_72.jpg",
            "first_name": "Hibiki",
            "real_name": "Hibiki Mizuno",
            "display_name": "Jabelic スクラムマスター",
            "team": "T04TGFGMK7C",
            "name": "a2239hm",
            "is_restricted": false,
            "is_ultra_restricted": false
        }
    }
]