[
    {
        "client_msg_id": "bbe95c13-2d2a-4bc8-81b9-67e67473b36e",
        "type": "message",
        "text": "見てもらえる約束ができたということは、完成も重要な目標として良いということ",
        "user": "U04T9TDB58W",
        "ts": "1690457017.984859",
        "blocks": [
            {
                "type": "rich_text",
                "block_id": "cJk",
                "elements": [
                    {
                        "type": "rich_text_section",
                        "elements": [
                            {
                                "type": "text",
                                "text": "見てもらえる約束ができたということは、完成も重要な目標として良いということ"
                            }
                        ]
                    }
                ]
            }
        ],
        "team": "T04TGFGMK7C",
        "user_team": "T04TGFGMK7C",
        "source_team": "T04TGFGMK7C",
        "user_profile": {
            "avatar_hash": "183a619e0408",
            "image_72": "https:\/\/avatars.slack-edge.com\/2023-03-11\/4958815898464_183a619e0408c53031fd_72.jpg",
            "first_name": "Hibiki",
            "real_name": "Hibiki Mizuno",
            "display_name": "Jabelic スクラムマスター",
            "team": "T04TGFGMK7C",
            "name": "a2239hm",
            "is_restricted": false,
            "is_ultra_restricted": false
        }
    },
    {
        "client_msg_id": "54d9f558-5046-48d6-8142-ce8209360dfc",
        "type": "message",
        "text": "学習とプロダクトの完成を兼ねるのであれば、ある程度テックリードがコード書いて引っ張ってもいいかも",
        "user": "U04T9TDB58W",
        "ts": "1690457057.196389",
        "blocks": [
            {
                "type": "rich_text",
                "block_id": "RGBid",
                "elements": [
                    {
                        "type": "rich_text_section",
                        "elements": [
                            {
                                "type": "text",
                                "text": "学習とプロダクトの完成を兼ねるのであれば、ある程度テックリードがコード書いて引っ張ってもいいかも"
                            }
                        ]
                    }
                ]
            }
        ],
        "team": "T04TGFGMK7C",
        "user_team": "T04TGFGMK7C",
        "source_team": "T04TGFGMK7C",
        "user_profile": {
            "avatar_hash": "183a619e0408",
            "image_72": "https:\/\/avatars.slack-edge.com\/2023-03-11\/4958815898464_183a619e0408c53031fd_72.jpg",
            "first_name": "Hibiki",
            "real_name": "Hibiki Mizuno",
            "display_name": "Jabelic スクラムマスター",
            "team": "T04TGFGMK7C",
            "name": "a2239hm",
            "is_restricted": false,
            "is_ultra_restricted": false
        }
    },
    {
        "client_msg_id": "3f3cd106-62ab-4cc9-a631-a619fddf9a0a",
        "type": "message",
        "text": "そうすると各人にかかるプレッシャーも軽くなるはず(学習に重きをおけるようになる？)",
        "user": "U04T9TDB58W",
        "ts": "1690457096.173519",
        "blocks": [
            {
                "type": "rich_text",
                "block_id": "15m+",
                "elements": [
                    {
                        "type": "rich_text_section",
                        "elements": [
                            {
                                "type": "text",
                                "text": "そうすると各人にかかるプレッシャーも軽くなるはず(学習に重きをおけるようになる？)"
                            }
                        ]
                    }
                ]
            }
        ],
        "team": "T04TGFGMK7C",
        "user_team": "T04TGFGMK7C",
        "source_team": "T04TGFGMK7C",
        "user_profile": {
            "avatar_hash": "183a619e0408",
            "image_72": "https:\/\/avatars.slack-edge.com\/2023-03-11\/4958815898464_183a619e0408c53031fd_72.jpg",
            "first_name": "Hibiki",
            "real_name": "Hibiki Mizuno",
            "display_name": "Jabelic スクラムマスター",
            "team": "T04TGFGMK7C",
            "name": "a2239hm",
            "is_restricted": false,
            "is_ultra_restricted": false
        }
    },
    {
        "client_msg_id": "c96000fd-ac70-4046-8d75-aa00a7ca99bc",
        "type": "message",
        "text": "slack、また調子悪いな",
        "user": "U04T9TDB58W",
        "ts": "1690468153.812199",
        "blocks": [
            {
                "type": "rich_text",
                "block_id": "of2",
                "elements": [
                    {
                        "type": "rich_text_section",
                        "elements": [
                            {
                                "type": "text",
                                "text": "slack、また調子悪いな"
                            }
                        ]
                    }
                ]
            }
        ],
        "team": "T04TGFGMK7C",
        "user_team": "T04TGFGMK7C",
        "source_team": "T04TGFGMK7C",
        "user_profile": {
            "avatar_hash": "183a619e0408",
            "image_72": "https:\/\/avatars.slack-edge.com\/2023-03-11\/4958815898464_183a619e0408c53031fd_72.jpg",
            "first_name": "Hibiki",
            "real_name": "Hibiki Mizuno",
            "display_name": "Jabelic スクラムマスター",
            "team": "T04TGFGMK7C",
            "name": "a2239hm",
            "is_restricted": false,
            "is_ultra_restricted": false
        }
    },
    {
        "client_msg_id": "857e437e-a0b5-4f02-843b-d964e6c40b9f",
        "type": "message",
        "text": "レスは生きてるのか",
        "user": "U04T9TDB58W",
        "ts": "1690468228.113299",
        "blocks": [
            {
                "type": "rich_text",
                "block_id": "oH5D+",
                "elements": [
                    {
                        "type": "rich_text_section",
                        "elements": [
                            {
                                "type": "text",
                                "text": "レスは生きてるのか"
                            }
                        ]
                    }
                ]
            }
        ],
        "team": "T04TGFGMK7C",
        "user_team": "T04TGFGMK7C",
        "source_team": "T04TGFGMK7C",
        "user_profile": {
            "avatar_hash": "183a619e0408",
            "image_72": "https:\/\/avatars.slack-edge.com\/2023-03-11\/4958815898464_183a619e0408c53031fd_72.jpg",
            "first_name": "Hibiki",
            "real_name": "Hibiki Mizuno",
            "display_name": "Jabelic スクラムマスター",
            "team": "T04TGFGMK7C",
            "name": "a2239hm",
            "is_restricted": false,
            "is_ultra_restricted": false
        }
    },
    {
        "client_msg_id": "b95db4b4-4b36-4e33-bd67-7c3047eec803",
        "type": "message",
        "text": "<https:\/\/gyazo.com\/79919e5e2e4fb259d9c4cfca5faddb6d>",
        "user": "U04T9TDB58W",
        "ts": "1690473890.294649",
        "blocks": [
            {
                "type": "rich_text",
                "block_id": "o4=",
                "elements": [
                    {
                        "type": "rich_text_section",
                        "elements": [
                            {
                                "type": "link",
                                "url": "https:\/\/gyazo.com\/79919e5e2e4fb259d9c4cfca5faddb6d"
                            }
                        ]
                    }
                ]
            }
        ],
        "team": "T04TGFGMK7C",
        "user_team": "T04TGFGMK7C",
        "source_team": "T04TGFGMK7C",
        "user_profile": {
            "avatar_hash": "183a619e0408",
            "image_72": "https:\/\/avatars.slack-edge.com\/2023-03-11\/4958815898464_183a619e0408c53031fd_72.jpg",
            "first_name": "Hibiki",
            "real_name": "Hibiki Mizuno",
            "display_name": "Jabelic スクラムマスター",
            "team": "T04TGFGMK7C",
            "name": "a2239hm",
            "is_restricted": false,
            "is_ultra_restricted": false
        },
        "attachments": [
            {
                "image_url": "https:\/\/i.gyazo.com\/79919e5e2e4fb259d9c4cfca5faddb6d.png",
                "image_width": 857,
                "image_height": 498,
                "image_bytes": 312227,
                "from_url": "https:\/\/gyazo.com\/79919e5e2e4fb259d9c4cfca5faddb6d",
                "service_icon": "https:\/\/gyazo.com\/favicon.ico",
                "id": 1,
                "original_url": "https:\/\/gyazo.com\/79919e5e2e4fb259d9c4cfca5faddb6d",
                "fallback": "Gyazo Photo:",
                "service_name": "Gyazo",
                "service_url": "https:\/\/gyazo.com\/"
            }
        ]
    },
    {
        "type": "message",
        "text": "",
        "files": [
            {
                "id": "F05JWNTL4ES",
                "created": 1690474155,
                "timestamp": 1690474155,
                "name": "スクリーンショット 2023-07-28 1.09.10.png",
                "title": "スクリーンショット 2023-07-28 1.09.10.png",
                "mimetype": "image\/png",
                "filetype": "png",
                "pretty_type": "PNG",
                "user": "U04T9TDB58W",
                "user_team": "T04TGFGMK7C",
                "editable": false,
                "size": 129341,
                "mode": "hosted",
                "is_external": false,
                "external_type": "",
                "is_public": true,
                "public_url_shared": false,
                "display_as_bot": false,
                "username": "",
                "url_private": "https:\/\/files.slack.com\/files-pri\/T04TGFGMK7C-F05JWNTL4ES\/____________________________2023-07-28_1.09.10.png?t=xoxe-4934526733250-6368208843238-6387480588305-95888d873daabf54b325285fb536dbb2",
                "url_private_download": "https:\/\/files.slack.com\/files-pri\/T04TGFGMK7C-F05JWNTL4ES\/download\/____________________________2023-07-28_1.09.10.png?t=xoxe-4934526733250-6368208843238-6387480588305-95888d873daabf54b325285fb536dbb2",
                "media_display_type": "unknown",
                "thumb_64": "https:\/\/files.slack.com\/files-tmb\/T04TGFGMK7C-F05JWNTL4ES-0989079f57\/____________________________2023-07-28_1.09.10_64.png?t=xoxe-4934526733250-6368208843238-6387480588305-95888d873daabf54b325285fb536dbb2",
                "thumb_80": "https:\/\/files.slack.com\/files-tmb\/T04TGFGMK7C-F05JWNTL4ES-0989079f57\/____________________________2023-07-28_1.09.10_80.png?t=xoxe-4934526733250-6368208843238-6387480588305-95888d873daabf54b325285fb536dbb2",
                "thumb_360": "https:\/\/files.slack.com\/files-tmb\/T04TGFGMK7C-F05JWNTL4ES-0989079f57\/____________________________2023-07-28_1.09.10_360.png?t=xoxe-4934526733250-6368208843238-6387480588305-95888d873daabf54b325285fb536dbb2",
                "thumb_360_w": 360,
                "thumb_360_h": 206,
                "thumb_480": "https:\/\/files.slack.com\/files-tmb\/T04TGFGMK7C-F05JWNTL4ES-0989079f57\/____________________________2023-07-28_1.09.10_480.png?t=xoxe-4934526733250-6368208843238-6387480588305-95888d873daabf54b325285fb536dbb2",
                "thumb_480_w": 480,
                "thumb_480_h": 274,
                "thumb_160": "https:\/\/files.slack.com\/files-tmb\/T04TGFGMK7C-F05JWNTL4ES-0989079f57\/____________________________2023-07-28_1.09.10_160.png?t=xoxe-4934526733250-6368208843238-6387480588305-95888d873daabf54b325285fb536dbb2",
                "thumb_720": "https:\/\/files.slack.com\/files-tmb\/T04TGFGMK7C-F05JWNTL4ES-0989079f57\/____________________________2023-07-28_1.09.10_720.png?t=xoxe-4934526733250-6368208843238-6387480588305-95888d873daabf54b325285fb536dbb2",
                "thumb_720_w": 720,
                "thumb_720_h": 412,
                "original_w": 733,
                "original_h": 419,
                "thumb_tiny": "AwAbADC4ASTgt19acIzuzub6Z4pAwyeOlO3ewoAaSQM03zDjkf8Ajwp1FAADkA0oPNJSjrQAxlzTQmDnH61IKXFADcZGGApaXFGKAEpR1oxRQB\/\/2Q==",
                "permalink": "https:\/\/chubachi-pt-2023.slack.com\/files\/U04T9TDB58W\/F05JWNTL4ES\/____________________________2023-07-28_1.09.10.png",
                "permalink_public": "https:\/\/slack-files.com\/T04TGFGMK7C-F05JWNTL4ES-ad57a0a4ce",
                "is_starred": false,
                "has_rich_preview": false,
                "file_access": "visible"
            }
        ],
        "upload": false,
        "user": "U04T9TDB58W",
        "display_as_bot": false,
        "ts": "1690474163.928059",
        "client_msg_id": "bb4861c5-ef33-406c-9292-e40a8b727740"
    }
]