[
    {
        "client_msg_id": "ecab146c-1ba8-4478-bc76-e8fbba392878",
        "type": "message",
        "text": "セルフアセスメントに最終週のKPTについても書く",
        "user": "U04T9TDB58W",
        "ts": "1690886895.374179",
        "blocks": [
            {
                "type": "rich_text",
                "block_id": "1iu",
                "elements": [
                    {
                        "type": "rich_text_section",
                        "elements": [
                            {
                                "type": "text",
                                "text": "セルフアセスメントに最終週のKPTについても書く"
                            }
                        ]
                    }
                ]
            }
        ],
        "team": "T04TGFGMK7C",
        "user_team": "T04TGFGMK7C",
        "source_team": "T04TGFGMK7C",
        "user_profile": {
            "avatar_hash": "183a619e0408",
            "image_72": "https:\/\/avatars.slack-edge.com\/2023-03-11\/4958815898464_183a619e0408c53031fd_72.jpg",
            "first_name": "Hibiki",
            "real_name": "Hibiki Mizuno",
            "display_name": "Jabelic スクラムマスター",
            "team": "T04TGFGMK7C",
            "name": "a2239hm",
            "is_restricted": false,
            "is_ultra_restricted": false
        }
    },
    {
        "client_msg_id": "7cc7f1ca-b16b-43c3-87e3-64f2ff14823f",
        "type": "message",
        "text": "<https:\/\/aiit.ac.jp\/documents\/jp\/education\/system\/r5_gakunenreki.pdf>",
        "user": "U04T9TDB58W",
        "ts": "1690887300.164309",
        "blocks": [
            {
                "type": "rich_text",
                "block_id": "TBT4R",
                "elements": [
                    {
                        "type": "rich_text_section",
                        "elements": [
                            {
                                "type": "link",
                                "url": "https:\/\/aiit.ac.jp\/documents\/jp\/education\/system\/r5_gakunenreki.pdf"
                            }
                        ]
                    }
                ]
            }
        ],
        "team": "T04TGFGMK7C",
        "user_team": "T04TGFGMK7C",
        "source_team": "T04TGFGMK7C",
        "user_profile": {
            "avatar_hash": "183a619e0408",
            "image_72": "https:\/\/avatars.slack-edge.com\/2023-03-11\/4958815898464_183a619e0408c53031fd_72.jpg",
            "first_name": "Hibiki",
            "real_name": "Hibiki Mizuno",
            "display_name": "Jabelic スクラムマスター",
            "team": "T04TGFGMK7C",
            "name": "a2239hm",
            "is_restricted": false,
            "is_ultra_restricted": false
        }
    },
    {
        "client_msg_id": "17c01f0e-ab15-49a5-a73a-1177ad93c59e",
        "type": "message",
        "text": "10\/1から3Q開始?",
        "user": "U04T9TDB58W",
        "ts": "1690887315.271569",
        "blocks": [
            {
                "type": "rich_text",
                "block_id": "hUvlV",
                "elements": [
                    {
                        "type": "rich_text_section",
                        "elements": [
                            {
                                "type": "text",
                                "text": "10\/1から3Q開始?"
                            }
                        ]
                    }
                ]
            }
        ],
        "team": "T04TGFGMK7C",
        "user_team": "T04TGFGMK7C",
        "source_team": "T04TGFGMK7C",
        "user_profile": {
            "avatar_hash": "183a619e0408",
            "image_72": "https:\/\/avatars.slack-edge.com\/2023-03-11\/4958815898464_183a619e0408c53031fd_72.jpg",
            "first_name": "Hibiki",
            "real_name": "Hibiki Mizuno",
            "display_name": "Jabelic スクラムマスター",
            "team": "T04TGFGMK7C",
            "name": "a2239hm",
            "is_restricted": false,
            "is_ultra_restricted": false
        }
    },
    {
        "client_msg_id": "1011b1d4-adf9-408f-9322-d8806de26c62",
        "type": "message",
        "text": "ミーティングの日時変わりましたね.",
        "user": "U04T9TDB58W",
        "ts": "1690887327.073109",
        "blocks": [
            {
                "type": "rich_text",
                "block_id": "hfm",
                "elements": [
                    {
                        "type": "rich_text_section",
                        "elements": [
                            {
                                "type": "text",
                                "text": "ミーティングの日時変わりましたね."
                            }
                        ]
                    }
                ]
            }
        ],
        "team": "T04TGFGMK7C",
        "user_team": "T04TGFGMK7C",
        "source_team": "T04TGFGMK7C",
        "user_profile": {
            "avatar_hash": "183a619e0408",
            "image_72": "https:\/\/avatars.slack-edge.com\/2023-03-11\/4958815898464_183a619e0408c53031fd_72.jpg",
            "first_name": "Hibiki",
            "real_name": "Hibiki Mizuno",
            "display_name": "Jabelic スクラムマスター",
            "team": "T04TGFGMK7C",
            "name": "a2239hm",
            "is_restricted": false,
            "is_ultra_restricted": false
        }
    },
    {
        "client_msg_id": "56e509d2-e595-4e42-b212-a970108402e6",
        "type": "message",
        "text": "10\/3が最初のミーティングだ",
        "user": "U04T9TDB58W",
        "ts": "1690887345.206099",
        "blocks": [
            {
                "type": "rich_text",
                "block_id": "fJk\/P",
                "elements": [
                    {
                        "type": "rich_text_section",
                        "elements": [
                            {
                                "type": "text",
                                "text": "10\/3が最初のミーティングだ"
                            }
                        ]
                    }
                ]
            }
        ],
        "team": "T04TGFGMK7C",
        "user_team": "T04TGFGMK7C",
        "source_team": "T04TGFGMK7C",
        "user_profile": {
            "avatar_hash": "183a619e0408",
            "image_72": "https:\/\/avatars.slack-edge.com\/2023-03-11\/4958815898464_183a619e0408c53031fd_72.jpg",
            "first_name": "Hibiki",
            "real_name": "Hibiki Mizuno",
            "display_name": "Jabelic スクラムマスター",
            "team": "T04TGFGMK7C",
            "name": "a2239hm",
            "is_restricted": false,
            "is_ultra_restricted": false
        }
    },
    {
        "client_msg_id": "dff1f049-16d8-494e-b65d-a0edaea439e6",
        "type": "message",
        "text": "atomono, マジでリリースを目指しても良いと思う. ちゃんと作れば売れる. 顧客つけていい感じに盛り上げてM&amp;Aで100~1000万円くらいになりそう",
        "user": "U04T9TDB58W",
        "ts": "1690887404.605489",
        "blocks": [
            {
                "type": "rich_text",
                "block_id": "Jnf8",
                "elements": [
                    {
                        "type": "rich_text_section",
                        "elements": [
                            {
                                "type": "text",
                                "text": "atomono, マジでリリースを目指しても良いと思う. ちゃんと作れば売れる. 顧客つけていい感じに盛り上げてM&Aで100~1000万円くらいになりそう"
                            }
                        ]
                    }
                ]
            }
        ],
        "team": "T04TGFGMK7C",
        "user_team": "T04TGFGMK7C",
        "source_team": "T04TGFGMK7C",
        "user_profile": {
            "avatar_hash": "183a619e0408",
            "image_72": "https:\/\/avatars.slack-edge.com\/2023-03-11\/4958815898464_183a619e0408c53031fd_72.jpg",
            "first_name": "Hibiki",
            "real_name": "Hibiki Mizuno",
            "display_name": "Jabelic スクラムマスター",
            "team": "T04TGFGMK7C",
            "name": "a2239hm",
            "is_restricted": false,
            "is_ultra_restricted": false
        }
    },
    {
        "client_msg_id": "25a66f5a-8674-4ab2-808a-ab4d41d06163",
        "type": "message",
        "text": "やべ、週報忘れてた",
        "user": "U04T9TDB58W",
        "ts": "1690887461.263449",
        "blocks": [
            {
                "type": "rich_text",
                "block_id": "UZDF",
                "elements": [
                    {
                        "type": "rich_text_section",
                        "elements": [
                            {
                                "type": "text",
                                "text": "やべ、週報忘れてた"
                            }
                        ]
                    }
                ]
            }
        ],
        "team": "T04TGFGMK7C",
        "user_team": "T04TGFGMK7C",
        "source_team": "T04TGFGMK7C",
        "user_profile": {
            "avatar_hash": "183a619e0408",
            "image_72": "https:\/\/avatars.slack-edge.com\/2023-03-11\/4958815898464_183a619e0408c53031fd_72.jpg",
            "first_name": "Hibiki",
            "real_name": "Hibiki Mizuno",
            "display_name": "Jabelic スクラムマスター",
            "team": "T04TGFGMK7C",
            "name": "a2239hm",
            "is_restricted": false,
            "is_ultra_restricted": false
        }
    }
]