[
    {
        "client_msg_id": "6a6ad31c-4920-491b-a325-6e4ff3a5566c",
        "type": "message",
        "text": "<@U04TV4NASPK>\nすみません…10\/27の20時から予定ありました…結構前に指定されてた予定なんですが、完全に抜けてた…\nこれ私参加できないとまずいですよね…\n一旦先方に調整できるか聞いてみます…\n（先生への日程変更は出さなくていいですもちろん）",
        "user": "U04T201950F",
        "ts": "1698046279.444439",
        "blocks": [
            {
                "type": "rich_text",
                "block_id": "my1ic",
                "elements": [
                    {
                        "type": "rich_text_section",
                        "elements": [
                            {
                                "type": "user",
                                "user_id": "U04TV4NASPK"
                            },
                            {
                                "type": "text",
                                "text": "\nすみません…10\/27の20時から予定ありました…結構前に指定されてた予定なんですが、完全に抜けてた…\nこれ私参加できないとまずいですよね…\n一旦先方に調整できるか聞いてみます…\n（先生への日程変更は出さなくていいですもちろん）"
                            }
                        ]
                    }
                ]
            }
        ],
        "team": "T04TGFGMK7C",
        "user_team": "T04TGFGMK7C",
        "source_team": "T04TGFGMK7C",
        "user_profile": {
            "avatar_hash": "37195c285ebd",
            "image_72": "https:\/\/avatars.slack-edge.com\/2023-04-26\/5193192270752_37195c285ebdc8d65709_72.jpg",
            "first_name": "Dai",
            "real_name": "Dai Miyahara",
            "display_name": "Dai Miyahara",
            "team": "T04TGFGMK7C",
            "name": "a2240dm",
            "is_restricted": false,
            "is_ultra_restricted": false
        },
        "edited": {
            "user": "U04T201950F",
            "ts": "1698046306.000000"
        },
        "reactions": [
            {
                "name": "pray",
                "users": [
                    "U04TV4NASPK"
                ],
                "count": 1
            }
        ]
    }
]