[
    {
        "bot_id": "B054V2LRMFX",
        "type": "message",
        "text": "Dai Miyahara transitioned AT-518 UI: 所持品追加ボタン作成 from In Review ⟶ Done",
        "user": "U055AKE99KK",
        "ts": "1697013309.688359",
        "app_id": "A2RPP3NFR",
        "blocks": [
            {
                "type": "section",
                "block_id": "no:ih:10540::167d7ec0681111ee8b0155e340cf7d86",
                "text": {
                    "type": "mrkdwn",
                    "text": "*Dai Miyahara transitioned a Task from `In Review` ⟶ `Done`*\n*<https:\/\/chubachi-pt-2023.atlassian.net\/browse\/AT-518?atlOrigin=eyJpIjoiZmU4ZjJhNmU3YjAyNDUwYzk4MjBiYjlmYWYwYjlmYmUiLCJwIjoiamlyYS1zbGFjay1pbnQifQ|AT-518 UI: 所持品追加ボタン作成>*",
                    "verbatim": false
                }
            },
            {
                "type": "context",
                "block_id": ":cx:10540::167d7ec1681111ee8b0155e340cf7d86",
                "elements": [
                    {
                        "type": "mrkdwn",
                        "text": "Status: *Done*",
                        "verbatim": false
                    },
                    {
                        "type": "image",
                        "image_url": "https:\/\/product-integrations-cdn.atl-paas.net\/jira-issuetype\/task.png",
                        "alt_text": "Task"
                    },
                    {
                        "type": "mrkdwn",
                        "text": "Type: *Task*",
                        "verbatim": false
                    },
                    {
                        "type": "image",
                        "image_url": "https:\/\/avatar-management--avatars.us-west-2.prod.public.atl-paas.net\/712020:018c35d4-6ec5-41ac-a897-9037924f51e7\/f572447c-3b9f-46d7-9ba0-4ad29f4b693b\/48?d=https%3A%2F%2Fproduct-integrations-cdn.atl-paas.net%2Ficons%2Funknown-user.png",
                        "alt_text": "Dai Miyahara"
                    },
                    {
                        "type": "mrkdwn",
                        "text": "Assignee: *Dai Miyahara*",
                        "verbatim": false
                    },
                    {
                        "type": "image",
                        "image_url": "https:\/\/product-integrations-cdn.atl-paas.net\/jira-priority\/medium.png",
                        "alt_text": "Medium"
                    },
                    {
                        "type": "mrkdwn",
                        "text": "Priority: *Medium*",
                        "verbatim": false
                    }
                ]
            },
            {
                "type": "actions",
                "block_id": "no:issueFooterActions:10540::167d7ec2681111ee8b0155e340cf7d86",
                "elements": [
                    {
                        "type": "button",
                        "action_id": "{\"issueId\":\"10540\",\"instanceId\":\"5c23e16f-eefd-3c64-9603-064f32c410c0\",\"projectId\":\"10002\",\"action\":\"comment\",\"nType\":\"ISSUE_TRANSITIONED\",\"nPlace\":\"main\"}",
                        "text": {
                            "type": "plain_text",
                            "text": "Comment",
                            "emoji": true
                        },
                        "value": "comment"
                    },
                    {
                        "type": "static_select",
                        "action_id": "{\"issueId\":\"10540\",\"instanceId\":\"5c23e16f-eefd-3c64-9603-064f32c410c0\",\"projectId\":\"10002\",\"nType\":\"ISSUE_TRANSITIONED\",\"nPlace\":\"menu\"}",
                        "placeholder": {
                            "type": "plain_text",
                            "text": "More actions...",
                            "emoji": true
                        },
                        "options": [
                            {
                                "text": {
                                    "type": "plain_text",
                                    "text": "Watch",
                                    "emoji": true
                                },
                                "value": "watch"
                            },
                            {
                                "text": {
                                    "type": "plain_text",
                                    "text": "Assign",
                                    "emoji": true
                                },
                                "value": "assign"
                            },
                            {
                                "text": {
                                    "type": "plain_text",
                                    "text": "Transition",
                                    "emoji": true
                                },
                                "value": "transition"
                            },
                            {
                                "text": {
                                    "type": "plain_text",
                                    "text": "Why am I seeing this?",
                                    "emoji": true
                                },
                                "value": "why"
                            },
                            {
                                "text": {
                                    "type": "plain_text",
                                    "text": ":tada: Give kudos",
                                    "emoji": true
                                },
                                "value": "kudos"
                            }
                        ]
                    }
                ]
            }
        ],
        "team": "T04TGFGMK7C",
        "bot_profile": {
            "id": "B054V2LRMFX",
            "app_id": "A2RPP3NFR",
            "name": "Jira Cloud",
            "icons": {
                "image_36": "https:\/\/avatars.slack-edge.com\/2018-11-30\/493753869479_4b703f4119efe3d7d0ff_36.png",
                "image_48": "https:\/\/avatars.slack-edge.com\/2018-11-30\/493753869479_4b703f4119efe3d7d0ff_48.png",
                "image_72": "https:\/\/avatars.slack-edge.com\/2018-11-30\/493753869479_4b703f4119efe3d7d0ff_72.png"
            },
            "deleted": false,
            "updated": 1682467833,
            "team_id": "T04TGFGMK7C"
        }
    },
    {
        "bot_id": "B054V2LRMFX",
        "type": "message",
        "text": "@Jabelic[10\/28(土)不在] created a Task AT-531 frontリポジトリのRule作成・反映",
        "user": "U055AKE99KK",
        "ts": "1697027998.525469",
        "app_id": "A2RPP3NFR",
        "blocks": [
            {
                "type": "section",
                "block_id": "no:ih:10553::49bae530683311ee9469118a6af5c5b2",
                "text": {
                    "type": "mrkdwn",
                    "text": "*<slack:\/\/user?team=T04TGFGMK7C&amp;id=U04T9TDB58W|@Jabelic[10\/28(土)不在]> created a Task*\n*<https:\/\/chubachi-pt-2023.atlassian.net\/browse\/AT-531?atlOrigin=eyJpIjoiODgwODE1ZmZlZTExNGFhZWI3NzVlMzkxZDk0NTllYTEiLCJwIjoiamlyYS1zbGFjay1pbnQifQ|AT-531 frontリポジトリのRule作成・反映>*\n• merge権限を絞る？\n• TL以外は1人以上のapproveを必要とする",
                    "verbatim": false
                }
            },
            {
                "type": "context",
                "block_id": "no:cx:10553::49bae531683311ee9469118a6af5c5b2",
                "elements": [
                    {
                        "type": "mrkdwn",
                        "text": "Status: *To Do*",
                        "verbatim": false
                    },
                    {
                        "type": "image",
                        "image_url": "https:\/\/product-integrations-cdn.atl-paas.net\/jira-issuetype\/task.png",
                        "alt_text": "Task"
                    },
                    {
                        "type": "mrkdwn",
                        "text": "Type: *Task*",
                        "verbatim": false
                    },
                    {
                        "type": "image",
                        "image_url": "https:\/\/avatar-management--avatars.us-west-2.prod.public.atl-paas.net\/62d6d768657fc166e26036e9\/85cc1e3a-26ef-42d5-82ea-162c6ec56ac7\/48?d=https%3A%2F%2Fproduct-integrations-cdn.atl-paas.net%2Ficons%2Funknown-user.png",
                        "alt_text": "HibikiMizuno"
                    },
                    {
                        "type": "mrkdwn",
                        "text": "Assignee: *HibikiMizuno*",
                        "verbatim": false
                    },
                    {
                        "type": "image",
                        "image_url": "https:\/\/product-integrations-cdn.atl-paas.net\/jira-priority\/medium.png",
                        "alt_text": "Medium"
                    },
                    {
                        "type": "mrkdwn",
                        "text": "Priority: *Medium*",
                        "verbatim": false
                    }
                ]
            },
            {
                "type": "actions",
                "block_id": "no:issueFooterActions:10553::49bae532683311ee9469118a6af5c5b2",
                "elements": [
                    {
                        "type": "button",
                        "action_id": "{\"issueId\":\"10553\",\"instanceId\":\"5c23e16f-eefd-3c64-9603-064f32c410c0\",\"projectId\":\"10002\",\"action\":\"transition\",\"nType\":\"ISSUE_CREATED\",\"nPlace\":\"main\"}",
                        "text": {
                            "type": "plain_text",
                            "text": "Transition",
                            "emoji": true
                        },
                        "value": "transition"
                    },
                    {
                        "type": "static_select",
                        "action_id": "{\"issueId\":\"10553\",\"instanceId\":\"5c23e16f-eefd-3c64-9603-064f32c410c0\",\"projectId\":\"10002\",\"nType\":\"ISSUE_CREATED\",\"nPlace\":\"menu\",\"actor\":\"U04T9TDB58W\"}",
                        "placeholder": {
                            "type": "plain_text",
                            "text": "More actions...",
                            "emoji": true
                        },
                        "options": [
                            {
                                "text": {
                                    "type": "plain_text",
                                    "text": "Watch",
                                    "emoji": true
                                },
                                "value": "watch"
                            },
                            {
                                "text": {
                                    "type": "plain_text",
                                    "text": "Comment",
                                    "emoji": true
                                },
                                "value": "comment"
                            },
                            {
                                "text": {
                                    "type": "plain_text",
                                    "text": "Assign",
                                    "emoji": true
                                },
                                "value": "assign"
                            },
                            {
                                "text": {
                                    "type": "plain_text",
                                    "text": "Why am I seeing this?",
                                    "emoji": true
                                },
                                "value": "why"
                            },
                            {
                                "text": {
                                    "type": "plain_text",
                                    "text": ":tada: Give kudos",
                                    "emoji": true
                                },
                                "value": "kudos"
                            }
                        ]
                    }
                ]
            }
        ],
        "team": "T04TGFGMK7C",
        "bot_profile": {
            "id": "B054V2LRMFX",
            "app_id": "A2RPP3NFR",
            "name": "Jira Cloud",
            "icons": {
                "image_36": "https:\/\/avatars.slack-edge.com\/2018-11-30\/493753869479_4b703f4119efe3d7d0ff_36.png",
                "image_48": "https:\/\/avatars.slack-edge.com\/2018-11-30\/493753869479_4b703f4119efe3d7d0ff_48.png",
                "image_72": "https:\/\/avatars.slack-edge.com\/2018-11-30\/493753869479_4b703f4119efe3d7d0ff_72.png"
            },
            "deleted": false,
            "updated": 1682467833,
            "team_id": "T04TGFGMK7C"
        }
    },
    {
        "bot_id": "B054V2LRMFX",
        "type": "message",
        "text": "Kenta Nakayama transitioned AT-525 FE: モーダルのhooks作成 from To Do ⟶ In Progress",
        "user": "U055AKE99KK",
        "ts": "1697029894.956009",
        "app_id": "A2RPP3NFR",
        "blocks": [
            {
                "type": "section",
                "block_id": "no:ih:10547::b4183780683711eeb163a96345048eba",
                "text": {
                    "type": "mrkdwn",
                    "text": "*Kenta Nakayama transitioned a Task from `To Do` ⟶ `In Progress`*\n*<https:\/\/chubachi-pt-2023.atlassian.net\/browse\/AT-525?atlOrigin=eyJpIjoiNDE3NWVhOTI3YTg3NDIxZDlhZTNiOTM2ODU5NzU2NmUiLCJwIjoiamlyYS1zbGFjay1pbnQifQ|AT-525 FE: モーダルのhooks作成>*\nモーダルはtailwindで普通に実装してください。\nモーダルを実装するに当たり、モーダル以外に2つやることがあります\n*hooks*\n今回の場合は本当はいらないんですけど、せっかくなので用意しましょう。\nシンプルなもので良いです。\n*wrapperコンポーネント*\n`'use client'` なCSRのコンポーネントが必要です。このwrapperコンポーネント内でmodalの表示を出し分けるbuttonを設定すると良いです。\n*_この内、このチケットではhooksを実装してください_*",
                    "verbatim": false
                }
            },
            {
                "type": "context",
                "block_id": ":cx:10547::b4183781683711eeb163a96345048eba",
                "elements": [
                    {
                        "type": "mrkdwn",
                        "text": "Status: *In Progress*",
                        "verbatim": false
                    },
                    {
                        "type": "image",
                        "image_url": "https:\/\/product-integrations-cdn.atl-paas.net\/jira-issuetype\/task.png",
                        "alt_text": "Task"
                    },
                    {
                        "type": "mrkdwn",
                        "text": "Type: *Task*",
                        "verbatim": false
                    },
                    {
                        "type": "image",
                        "image_url": "https:\/\/avatar-management--avatars.us-west-2.prod.public.atl-paas.net\/712020:5c9c58b6-2671-4bd8-8163-76419e5820db\/933a67fb-56a8-4564-a453-250f8c1010c1\/48?d=https%3A%2F%2Fproduct-integrations-cdn.atl-paas.net%2Ficons%2Funknown-user.png",
                        "alt_text": "Kenta Nakayama"
                    },
                    {
                        "type": "mrkdwn",
                        "text": "Assignee: *Kenta Nakayama*",
                        "verbatim": false
                    },
                    {
                        "type": "image",
                        "image_url": "https:\/\/product-integrations-cdn.atl-paas.net\/jira-priority\/highest.png",
                        "alt_text": "Highest"
                    },
                    {
                        "type": "mrkdwn",
                        "text": "Priority: *Highest*",
                        "verbatim": false
                    }
                ]
            },
            {
                "type": "actions",
                "block_id": "no:issueFooterActions:10547::b4183782683711eeb163a96345048eba",
                "elements": [
                    {
                        "type": "button",
                        "action_id": "{\"issueId\":\"10547\",\"instanceId\":\"5c23e16f-eefd-3c64-9603-064f32c410c0\",\"projectId\":\"10002\",\"action\":\"comment\",\"nType\":\"ISSUE_TRANSITIONED\",\"nPlace\":\"main\"}",
                        "text": {
                            "type": "plain_text",
                            "text": "Comment",
                            "emoji": true
                        },
                        "value": "comment"
                    },
                    {
                        "type": "static_select",
                        "action_id": "{\"issueId\":\"10547\",\"instanceId\":\"5c23e16f-eefd-3c64-9603-064f32c410c0\",\"projectId\":\"10002\",\"nType\":\"ISSUE_TRANSITIONED\",\"nPlace\":\"menu\"}",
                        "placeholder": {
                            "type": "plain_text",
                            "text": "More actions...",
                            "emoji": true
                        },
                        "options": [
                            {
                                "text": {
                                    "type": "plain_text",
                                    "text": "Watch",
                                    "emoji": true
                                },
                                "value": "watch"
                            },
                            {
                                "text": {
                                    "type": "plain_text",
                                    "text": "Assign",
                                    "emoji": true
                                },
                                "value": "assign"
                            },
                            {
                                "text": {
                                    "type": "plain_text",
                                    "text": "Transition",
                                    "emoji": true
                                },
                                "value": "transition"
                            },
                            {
                                "text": {
                                    "type": "plain_text",
                                    "text": "Why am I seeing this?",
                                    "emoji": true
                                },
                                "value": "why"
                            },
                            {
                                "text": {
                                    "type": "plain_text",
                                    "text": ":tada: Give kudos",
                                    "emoji": true
                                },
                                "value": "kudos"
                            }
                        ]
                    }
                ]
            }
        ],
        "team": "T04TGFGMK7C",
        "bot_profile": {
            "id": "B054V2LRMFX",
            "app_id": "A2RPP3NFR",
            "name": "Jira Cloud",
            "icons": {
                "image_36": "https:\/\/avatars.slack-edge.com\/2018-11-30\/493753869479_4b703f4119efe3d7d0ff_36.png",
                "image_48": "https:\/\/avatars.slack-edge.com\/2018-11-30\/493753869479_4b703f4119efe3d7d0ff_48.png",
                "image_72": "https:\/\/avatars.slack-edge.com\/2018-11-30\/493753869479_4b703f4119efe3d7d0ff_72.png"
            },
            "deleted": false,
            "updated": 1682467833,
            "team_id": "T04TGFGMK7C"
        }
    },
    {
        "bot_id": "B054V2LRMFX",
        "type": "message",
        "text": "Kenta Nakayama transitioned AT-526 FE: モーダル上の商品の表示(UI) from To Do ⟶ In Progress",
        "user": "U055AKE99KK",
        "ts": "1697033498.462779",
        "app_id": "A2RPP3NFR",
        "blocks": [
            {
                "type": "section",
                "block_id": "no:ih:10548::17f175c0684011eeba374fbc226d85ef",
                "text": {
                    "type": "mrkdwn",
                    "text": "*Kenta Nakayama transitioned a Task from `To Do` ⟶ `In Progress`*\n*<https:\/\/chubachi-pt-2023.atlassian.net\/browse\/AT-526?atlOrigin=eyJpIjoiYzk0NGZiNzhiMWM2NDgxNWEyMDgzZjA3Y2MxMzk3NTciLCJwIjoiamlyYS1zbGFjay1pbnQifQ|AT-526 FE: モーダル上の商品の表示(UI)>*\nhooksの方から先にやってください(AT-525)\nこのチケットではモーダル自体とモーダル上の商品の表示を行ってください\nページにbuttonを設置する必要はありません。storybook等を活用するなどして、実装を進めてください。",
                    "verbatim": false
                }
            },
            {
                "type": "context",
                "block_id": ":cx:10548::17f175c1684011eeba374fbc226d85ef",
                "elements": [
                    {
                        "type": "mrkdwn",
                        "text": "Status: *In Progress*",
                        "verbatim": false
                    },
                    {
                        "type": "image",
                        "image_url": "https:\/\/product-integrations-cdn.atl-paas.net\/jira-issuetype\/task.png",
                        "alt_text": "Task"
                    },
                    {
                        "type": "mrkdwn",
                        "text": "Type: *Task*",
                        "verbatim": false
                    },
                    {
                        "type": "image",
                        "image_url": "https:\/\/product-integrations-cdn.atl-paas.net\/icons\/unknown-user.png",
                        "alt_text": "Unassigned"
                    },
                    {
                        "type": "mrkdwn",
                        "text": "Assignee: *Unassigned*",
                        "verbatim": false
                    },
                    {
                        "type": "image",
                        "image_url": "https:\/\/product-integrations-cdn.atl-paas.net\/jira-priority\/medium.png",
                        "alt_text": "Medium"
                    },
                    {
                        "type": "mrkdwn",
                        "text": "Priority: *Medium*",
                        "verbatim": false
                    }
                ]
            },
            {
                "type": "actions",
                "block_id": "no:issueFooterActions:10548::17f175c2684011eeba374fbc226d85ef",
                "elements": [
                    {
                        "type": "button",
                        "action_id": "{\"issueId\":\"10548\",\"instanceId\":\"5c23e16f-eefd-3c64-9603-064f32c410c0\",\"projectId\":\"10002\",\"action\":\"comment\",\"nType\":\"ISSUE_TRANSITIONED\",\"nPlace\":\"main\"}",
                        "text": {
                            "type": "plain_text",
                            "text": "Comment",
                            "emoji": true
                        },
                        "value": "comment"
                    },
                    {
                        "type": "static_select",
                        "action_id": "{\"issueId\":\"10548\",\"instanceId\":\"5c23e16f-eefd-3c64-9603-064f32c410c0\",\"projectId\":\"10002\",\"nType\":\"ISSUE_TRANSITIONED\",\"nPlace\":\"menu\"}",
                        "placeholder": {
                            "type": "plain_text",
                            "text": "More actions...",
                            "emoji": true
                        },
                        "options": [
                            {
                                "text": {
                                    "type": "plain_text",
                                    "text": "Watch",
                                    "emoji": true
                                },
                                "value": "watch"
                            },
                            {
                                "text": {
                                    "type": "plain_text",
                                    "text": "Assign",
                                    "emoji": true
                                },
                                "value": "assign"
                            },
                            {
                                "text": {
                                    "type": "plain_text",
                                    "text": "Transition",
                                    "emoji": true
                                },
                                "value": "transition"
                            },
                            {
                                "text": {
                                    "type": "plain_text",
                                    "text": "Why am I seeing this?",
                                    "emoji": true
                                },
                                "value": "why"
                            },
                            {
                                "text": {
                                    "type": "plain_text",
                                    "text": ":tada: Give kudos",
                                    "emoji": true
                                },
                                "value": "kudos"
                            }
                        ]
                    }
                ]
            }
        ],
        "team": "T04TGFGMK7C",
        "bot_profile": {
            "id": "B054V2LRMFX",
            "app_id": "A2RPP3NFR",
            "name": "Jira Cloud",
            "icons": {
                "image_36": "https:\/\/avatars.slack-edge.com\/2018-11-30\/493753869479_4b703f4119efe3d7d0ff_36.png",
                "image_48": "https:\/\/avatars.slack-edge.com\/2018-11-30\/493753869479_4b703f4119efe3d7d0ff_48.png",
                "image_72": "https:\/\/avatars.slack-edge.com\/2018-11-30\/493753869479_4b703f4119efe3d7d0ff_72.png"
            },
            "deleted": false,
            "updated": 1682467833,
            "team_id": "T04TGFGMK7C"
        }
    },
    {
        "bot_id": "B054V2LRMFX",
        "type": "message",
        "text": "Kenta Nakayama assigned AT-526 FE: モーダル上の商品の表示(UI) from Unassigned ⟶ Kenta Nakayama",
        "user": "U055AKE99KK",
        "ts": "1697033514.359619",
        "app_id": "A2RPP3NFR",
        "blocks": [
            {
                "type": "section",
                "block_id": "no:ih:10548::216d4930684011eeba56a5d81ca8f4a1",
                "text": {
                    "type": "mrkdwn",
                    "text": "*Kenta Nakayama assigned a Task from Unassigned ⟶ Kenta Nakayama*\n*<https:\/\/chubachi-pt-2023.atlassian.net\/browse\/AT-526?atlOrigin=eyJpIjoiYWU3Nzc5OTc2MDUwNDc2YmI4NWNmMGE0OTc2YWZjNTEiLCJwIjoiamlyYS1zbGFjay1pbnQifQ|AT-526 FE: モーダル上の商品の表示(UI)>*\nhooksの方から先にやってください(AT-525)\nこのチケットではモーダル自体とモーダル上の商品の表示を行ってください\nページにbuttonを設置する必要はありません。storybook等を活用するなどして、実装を進めてください。",
                    "verbatim": false
                }
            },
            {
                "type": "context",
                "block_id": ":cx:10548::216d4931684011eeba56a5d81ca8f4a1",
                "elements": [
                    {
                        "type": "mrkdwn",
                        "text": "Status: *In Progress*",
                        "verbatim": false
                    },
                    {
                        "type": "image",
                        "image_url": "https:\/\/product-integrations-cdn.atl-paas.net\/jira-issuetype\/task.png",
                        "alt_text": "Task"
                    },
                    {
                        "type": "mrkdwn",
                        "text": "Type: *Task*",
                        "verbatim": false
                    },
                    {
                        "type": "image",
                        "image_url": "https:\/\/avatar-management--avatars.us-west-2.prod.public.atl-paas.net\/712020:5c9c58b6-2671-4bd8-8163-76419e5820db\/933a67fb-56a8-4564-a453-250f8c1010c1\/48?d=https%3A%2F%2Fproduct-integrations-cdn.atl-paas.net%2Ficons%2Funknown-user.png",
                        "alt_text": "Kenta Nakayama"
                    },
                    {
                        "type": "mrkdwn",
                        "text": "Assignee: *Kenta Nakayama*",
                        "verbatim": false
                    },
                    {
                        "type": "image",
                        "image_url": "https:\/\/product-integrations-cdn.atl-paas.net\/jira-priority\/medium.png",
                        "alt_text": "Medium"
                    },
                    {
                        "type": "mrkdwn",
                        "text": "Priority: *Medium*",
                        "verbatim": false
                    }
                ]
            },
            {
                "type": "actions",
                "block_id": "no:issueFooterActions:10548::216d7040684011eeba56a5d81ca8f4a1",
                "elements": [
                    {
                        "type": "button",
                        "action_id": "{\"issueId\":\"10548\",\"instanceId\":\"5c23e16f-eefd-3c64-9603-064f32c410c0\",\"projectId\":\"10002\",\"action\":\"transition\",\"nType\":\"ISSUE_ASSIGNED\",\"nPlace\":\"main\"}",
                        "text": {
                            "type": "plain_text",
                            "text": "Transition",
                            "emoji": true
                        },
                        "value": "transition"
                    },
                    {
                        "type": "static_select",
                        "action_id": "{\"issueId\":\"10548\",\"instanceId\":\"5c23e16f-eefd-3c64-9603-064f32c410c0\",\"projectId\":\"10002\",\"nType\":\"ISSUE_ASSIGNED\",\"nPlace\":\"menu\"}",
                        "placeholder": {
                            "type": "plain_text",
                            "text": "More actions...",
                            "emoji": true
                        },
                        "options": [
                            {
                                "text": {
                                    "type": "plain_text",
                                    "text": "Watch",
                                    "emoji": true
                                },
                                "value": "watch"
                            },
                            {
                                "text": {
                                    "type": "plain_text",
                                    "text": "Comment",
                                    "emoji": true
                                },
                                "value": "comment"
                            },
                            {
                                "text": {
                                    "type": "plain_text",
                                    "text": "Assign",
                                    "emoji": true
                                },
                                "value": "assign"
                            },
                            {
                                "text": {
                                    "type": "plain_text",
                                    "text": "Why am I seeing this?",
                                    "emoji": true
                                },
                                "value": "why"
                            },
                            {
                                "text": {
                                    "type": "plain_text",
                                    "text": ":tada: Give kudos",
                                    "emoji": true
                                },
                                "value": "kudos"
                            }
                        ]
                    }
                ]
            }
        ],
        "team": "T04TGFGMK7C",
        "bot_profile": {
            "id": "B054V2LRMFX",
            "app_id": "A2RPP3NFR",
            "name": "Jira Cloud",
            "icons": {
                "image_36": "https:\/\/avatars.slack-edge.com\/2018-11-30\/493753869479_4b703f4119efe3d7d0ff_36.png",
                "image_48": "https:\/\/avatars.slack-edge.com\/2018-11-30\/493753869479_4b703f4119efe3d7d0ff_48.png",
                "image_72": "https:\/\/avatars.slack-edge.com\/2018-11-30\/493753869479_4b703f4119efe3d7d0ff_72.png"
            },
            "deleted": false,
            "updated": 1682467833,
            "team_id": "T04TGFGMK7C"
        }
    },
    {
        "bot_id": "B054V2LRMFX",
        "type": "message",
        "text": "Fernández transitioned AT-529 FE: 所持品ページ作成(ロジック込み) from To Do ⟶ In Progress",
        "user": "U055AKE99KK",
        "ts": "1697037370.296459",
        "app_id": "A2RPP3NFR",
        "blocks": [
            {
                "type": "section",
                "block_id": "no:ih:10551::1bbd0da0684911eea9b7a96a55a6ca0d",
                "text": {
                    "type": "mrkdwn",
                    "text": "*Fernández transitioned a Task from `To Do` ⟶ `In Progress`*\n*<https:\/\/chubachi-pt-2023.atlassian.net\/browse\/AT-529?atlOrigin=eyJpIjoiYmM5MjAwNGQwNWZjNDFmZjk2MDZmZjhjOThlNGRlNTQiLCJwIjoiamlyYS1zbGFjay1pbnQifQ|AT-529 FE: 所持品ページ作成(ロジック込み)>*\nコンポーネントがないうちは、UIは適当に(styleを当てずに)作って、後で差し替えてください",
                    "verbatim": false
                }
            },
            {
                "type": "context",
                "block_id": ":cx:10551::1bbd0da1684911eea9b7a96a55a6ca0d",
                "elements": [
                    {
                        "type": "mrkdwn",
                        "text": "Status: *In Progress*",
                        "verbatim": false
                    },
                    {
                        "type": "image",
                        "image_url": "https:\/\/product-integrations-cdn.atl-paas.net\/jira-issuetype\/task.png",
                        "alt_text": "Task"
                    },
                    {
                        "type": "mrkdwn",
                        "text": "Type: *Task*",
                        "verbatim": false
                    },
                    {
                        "type": "image",
                        "image_url": "https:\/\/avatar-management--avatars.us-west-2.prod.public.atl-paas.net\/712020:744719ff-9f36-45ea-ad59-e50534df8206\/c61e7a11-605f-4bf5-96e9-a736e141a941\/48?d=https%3A%2F%2Fproduct-integrations-cdn.atl-paas.net%2Ficons%2Funknown-user.png",
                        "alt_text": "Fernández"
                    },
                    {
                        "type": "mrkdwn",
                        "text": "Assignee: *Fernández*",
                        "verbatim": false
                    },
                    {
                        "type": "image",
                        "image_url": "https:\/\/product-integrations-cdn.atl-paas.net\/jira-priority\/medium.png",
                        "alt_text": "Medium"
                    },
                    {
                        "type": "mrkdwn",
                        "text": "Priority: *Medium*",
                        "verbatim": false
                    }
                ]
            },
            {
                "type": "actions",
                "block_id": "no:issueFooterActions:10551::1bbd0da2684911eea9b7a96a55a6ca0d",
                "elements": [
                    {
                        "type": "button",
                        "action_id": "{\"issueId\":\"10551\",\"instanceId\":\"5c23e16f-eefd-3c64-9603-064f32c410c0\",\"projectId\":\"10002\",\"action\":\"comment\",\"nType\":\"ISSUE_TRANSITIONED\",\"nPlace\":\"main\"}",
                        "text": {
                            "type": "plain_text",
                            "text": "Comment",
                            "emoji": true
                        },
                        "value": "comment"
                    },
                    {
                        "type": "static_select",
                        "action_id": "{\"issueId\":\"10551\",\"instanceId\":\"5c23e16f-eefd-3c64-9603-064f32c410c0\",\"projectId\":\"10002\",\"nType\":\"ISSUE_TRANSITIONED\",\"nPlace\":\"menu\"}",
                        "placeholder": {
                            "type": "plain_text",
                            "text": "More actions...",
                            "emoji": true
                        },
                        "options": [
                            {
                                "text": {
                                    "type": "plain_text",
                                    "text": "Watch",
                                    "emoji": true
                                },
                                "value": "watch"
                            },
                            {
                                "text": {
                                    "type": "plain_text",
                                    "text": "Assign",
                                    "emoji": true
                                },
                                "value": "assign"
                            },
                            {
                                "text": {
                                    "type": "plain_text",
                                    "text": "Transition",
                                    "emoji": true
                                },
                                "value": "transition"
                            },
                            {
                                "text": {
                                    "type": "plain_text",
                                    "text": "Why am I seeing this?",
                                    "emoji": true
                                },
                                "value": "why"
                            },
                            {
                                "text": {
                                    "type": "plain_text",
                                    "text": ":tada: Give kudos",
                                    "emoji": true
                                },
                                "value": "kudos"
                            }
                        ]
                    }
                ]
            }
        ],
        "team": "T04TGFGMK7C",
        "bot_profile": {
            "id": "B054V2LRMFX",
            "app_id": "A2RPP3NFR",
            "name": "Jira Cloud",
            "icons": {
                "image_36": "https:\/\/avatars.slack-edge.com\/2018-11-30\/493753869479_4b703f4119efe3d7d0ff_36.png",
                "image_48": "https:\/\/avatars.slack-edge.com\/2018-11-30\/493753869479_4b703f4119efe3d7d0ff_48.png",
                "image_72": "https:\/\/avatars.slack-edge.com\/2018-11-30\/493753869479_4b703f4119efe3d7d0ff_72.png"
            },
            "deleted": false,
            "updated": 1682467833,
            "team_id": "T04TGFGMK7C"
        }
    }
]