[
    {
        "client_msg_id": "128d7892-41be-4f3f-b478-553c387f0750",
        "type": "message",
        "text": "なんだかんだ業者対応でほとんど作業できず。。\nとりあえずwifi、エアコン付けられたから作業はできる環境は整った。",
        "user": "U04U66DNCRE",
        "ts": "1697878697.384499",
        "blocks": [
            {
                "type": "rich_text",
                "block_id": "8tV0d",
                "elements": [
                    {
                        "type": "rich_text_section",
                        "elements": [
                            {
                                "type": "text",
                                "text": "なんだかんだ業者対応でほとんど作業できず。。\nとりあえずwifi、エアコン付けられたから作業はできる環境は整った。"
                            }
                        ]
                    }
                ]
            }
        ],
        "team": "T04TGFGMK7C",
        "user_team": "T04TGFGMK7C",
        "source_team": "T04TGFGMK7C",
        "user_profile": {
            "avatar_hash": "0e82c2c0bd34",
            "image_72": "https:\/\/avatars.slack-edge.com\/2023-04-25\/5161183917605_0e82c2c0bd34f978f1fd_72.jpg",
            "first_name": "Ohno",
            "real_name": "Ohno Hiroto",
            "display_name": "Ohno Hiroto",
            "team": "T04TGFGMK7C",
            "name": "a2206ho",
            "is_restricted": false,
            "is_ultra_restricted": false
        }
    },
    {
        "client_msg_id": "AE849364-CF0C-4664-BEAD-E021DD4B635D",
        "type": "message",
        "text": "新オフィス浅草橋なんで、しごおわでお邪魔します",
        "user": "U04T201950F",
        "ts": "1697878919.487519",
        "blocks": [
            {
                "type": "rich_text",
                "block_id": "wF5jG",
                "elements": [
                    {
                        "type": "rich_text_section",
                        "elements": [
                            {
                                "type": "text",
                                "text": "新オフィス浅草橋なんで、しごおわでお邪魔します"
                            }
                        ]
                    }
                ]
            }
        ],
        "team": "T04TGFGMK7C",
        "user_team": "T04TGFGMK7C",
        "source_team": "T04TGFGMK7C",
        "user_profile": {
            "avatar_hash": "37195c285ebd",
            "image_72": "https:\/\/avatars.slack-edge.com\/2023-04-26\/5193192270752_37195c285ebdc8d65709_72.jpg",
            "first_name": "Dai",
            "real_name": "Dai Miyahara",
            "display_name": "Dai Miyahara",
            "team": "T04TGFGMK7C",
            "name": "a2240dm",
            "is_restricted": false,
            "is_ultra_restricted": false
        }
    },
    {
        "client_msg_id": "a6b4c936-4256-4940-8cab-3954c89f5eb8",
        "type": "message",
        "text": "え、まじすか！\n浅草橋の駅前ですかね？！\nぜひぜひ〜",
        "user": "U04U66DNCRE",
        "ts": "1697879438.955399",
        "blocks": [
            {
                "type": "rich_text",
                "block_id": "zUWgj",
                "elements": [
                    {
                        "type": "rich_text_section",
                        "elements": [
                            {
                                "type": "text",
                                "text": "え、まじすか！\n浅草橋の駅前ですかね？！\nぜひぜひ〜"
                            }
                        ]
                    }
                ]
            }
        ],
        "team": "T04TGFGMK7C",
        "user_team": "T04TGFGMK7C",
        "source_team": "T04TGFGMK7C",
        "user_profile": {
            "avatar_hash": "0e82c2c0bd34",
            "image_72": "https:\/\/avatars.slack-edge.com\/2023-04-25\/5161183917605_0e82c2c0bd34f978f1fd_72.jpg",
            "first_name": "Ohno",
            "real_name": "Ohno Hiroto",
            "display_name": "Ohno Hiroto",
            "team": "T04TGFGMK7C",
            "name": "a2206ho",
            "is_restricted": false,
            "is_ultra_restricted": false
        }
    },
    {
        "client_msg_id": "60B58047-48EE-4CE4-9FCE-A9DF0C6AF059",
        "type": "message",
        "text": "東日本橋の方なんで、10分くらい歩きます！\n新居は悪いので近場で中山先生呼んで飲みましょ:beer:",
        "user": "U04T201950F",
        "ts": "1697879576.143469",
        "blocks": [
            {
                "type": "rich_text",
                "block_id": "hNowv",
                "elements": [
                    {
                        "type": "rich_text_section",
                        "elements": [
                            {
                                "type": "text",
                                "text": "東日本橋の方なんで、10分くらい歩きます！\n新居は悪いので近場で中山先生呼んで飲みましょ"
                            },
                            {
                                "type": "emoji",
                                "name": "beer",
                                "unicode": "1f37a"
                            }
                        ]
                    }
                ]
            }
        ],
        "team": "T04TGFGMK7C",
        "user_team": "T04TGFGMK7C",
        "source_team": "T04TGFGMK7C",
        "user_profile": {
            "avatar_hash": "37195c285ebd",
            "image_72": "https:\/\/avatars.slack-edge.com\/2023-04-26\/5193192270752_37195c285ebdc8d65709_72.jpg",
            "first_name": "Dai",
            "real_name": "Dai Miyahara",
            "display_name": "Dai Miyahara",
            "team": "T04TGFGMK7C",
            "name": "a2240dm",
            "is_restricted": false,
            "is_ultra_restricted": false
        }
    },
    {
        "client_msg_id": "ff831479-334b-4f4e-8d12-a2a3e32e3b49",
        "type": "message",
        "text": "あー、そっちの方はありそうですね！\nどっちでも大丈夫です:man-gesturing-ok:",
        "user": "U04U66DNCRE",
        "ts": "1697879654.685669",
        "blocks": [
            {
                "type": "rich_text",
                "block_id": "21Kxx",
                "elements": [
                    {
                        "type": "rich_text_section",
                        "elements": [
                            {
                                "type": "text",
                                "text": "あー、そっちの方はありそうですね！\nどっちでも大丈夫です"
                            },
                            {
                                "type": "emoji",
                                "name": "man-gesturing-ok",
                                "unicode": "1f646-200d-2642-fe0f"
                            }
                        ]
                    }
                ]
            }
        ],
        "team": "T04TGFGMK7C",
        "user_team": "T04TGFGMK7C",
        "source_team": "T04TGFGMK7C",
        "user_profile": {
            "avatar_hash": "0e82c2c0bd34",
            "image_72": "https:\/\/avatars.slack-edge.com\/2023-04-25\/5161183917605_0e82c2c0bd34f978f1fd_72.jpg",
            "first_name": "Ohno",
            "real_name": "Ohno Hiroto",
            "display_name": "Ohno Hiroto",
            "team": "T04TGFGMK7C",
            "name": "a2206ho",
            "is_restricted": false,
            "is_ultra_restricted": false
        }
    },
    {
        "client_msg_id": "bf848159-5a70-4eda-9093-68d0c7d4ede9",
        "type": "message",
        "text": "え、新居のトイレで:face_vomiting:する予定なのに。",
        "user": "U04TV4NASPK",
        "ts": "1697879694.877359",
        "blocks": [
            {
                "type": "rich_text",
                "block_id": "daxHJ",
                "elements": [
                    {
                        "type": "rich_text_section",
                        "elements": [
                            {
                                "type": "text",
                                "text": "え、新居のトイレで"
                            },
                            {
                                "type": "emoji",
                                "name": "face_vomiting",
                                "unicode": "1f92e"
                            },
                            {
                                "type": "text",
                                "text": "する予定なのに。"
                            }
                        ]
                    }
                ]
            }
        ],
        "team": "T04TGFGMK7C",
        "user_team": "T04TGFGMK7C",
        "source_team": "T04TGFGMK7C",
        "user_profile": {
            "avatar_hash": "342942264635",
            "image_72": "https:\/\/avatars.slack-edge.com\/2023-03-11\/4927985433382_34294226463524804a2d_72.jpg",
            "first_name": "Nakayama",
            "real_name": "Nakayama Kenta",
            "display_name": "Nakayama",
            "team": "T04TGFGMK7C",
            "name": "a2231kn",
            "is_restricted": false,
            "is_ultra_restricted": false
        }
    },
    {
        "client_msg_id": "396032bf-90e0-4544-b6f0-96c6f67b9d11",
        "type": "message",
        "text": "先生は出禁",
        "user": "U04U66DNCRE",
        "ts": "1697879712.996099",
        "blocks": [
            {
                "type": "rich_text",
                "block_id": "KHn11",
                "elements": [
                    {
                        "type": "rich_text_section",
                        "elements": [
                            {
                                "type": "text",
                                "text": "先生は出禁"
                            }
                        ]
                    }
                ]
            }
        ],
        "team": "T04TGFGMK7C",
        "user_team": "T04TGFGMK7C",
        "source_team": "T04TGFGMK7C",
        "user_profile": {
            "avatar_hash": "0e82c2c0bd34",
            "image_72": "https:\/\/avatars.slack-edge.com\/2023-04-25\/5161183917605_0e82c2c0bd34f978f1fd_72.jpg",
            "first_name": "Ohno",
            "real_name": "Ohno Hiroto",
            "display_name": "Ohno Hiroto",
            "team": "T04TGFGMK7C",
            "name": "a2206ho",
            "is_restricted": false,
            "is_ultra_restricted": false
        }
    },
    {
        "client_msg_id": "1e22669f-6797-42da-95e6-5e407e8433da",
        "type": "message",
        "text": "BANされた",
        "user": "U04TV4NASPK",
        "ts": "1697879723.399959",
        "blocks": [
            {
                "type": "rich_text",
                "block_id": "3siPF",
                "elements": [
                    {
                        "type": "rich_text_section",
                        "elements": [
                            {
                                "type": "text",
                                "text": "BANされた"
                            }
                        ]
                    }
                ]
            }
        ],
        "team": "T04TGFGMK7C",
        "user_team": "T04TGFGMK7C",
        "source_team": "T04TGFGMK7C",
        "user_profile": {
            "avatar_hash": "342942264635",
            "image_72": "https:\/\/avatars.slack-edge.com\/2023-03-11\/4927985433382_34294226463524804a2d_72.jpg",
            "first_name": "Nakayama",
            "real_name": "Nakayama Kenta",
            "display_name": "Nakayama",
            "team": "T04TGFGMK7C",
            "name": "a2231kn",
            "is_restricted": false,
            "is_ultra_restricted": false
        }
    },
    {
        "client_msg_id": "8243da13-2bc1-49fd-ae54-d4f2c5a7e220",
        "type": "message",
        "text": "手配書周辺に貼っておきます！",
        "user": "U04U66DNCRE",
        "ts": "1697879741.264469",
        "blocks": [
            {
                "type": "rich_text",
                "block_id": "sbm3d",
                "elements": [
                    {
                        "type": "rich_text_section",
                        "elements": [
                            {
                                "type": "text",
                                "text": "手配書周辺に貼っておきます！"
                            }
                        ]
                    }
                ]
            }
        ],
        "team": "T04TGFGMK7C",
        "user_team": "T04TGFGMK7C",
        "source_team": "T04TGFGMK7C",
        "user_profile": {
            "avatar_hash": "0e82c2c0bd34",
            "image_72": "https:\/\/avatars.slack-edge.com\/2023-04-25\/5161183917605_0e82c2c0bd34f978f1fd_72.jpg",
            "first_name": "Ohno",
            "real_name": "Ohno Hiroto",
            "display_name": "Ohno Hiroto",
            "team": "T04TGFGMK7C",
            "name": "a2206ho",
            "is_restricted": false,
            "is_ultra_restricted": false
        },
        "reactions": [
            {
                "name": "face_vomiting",
                "users": [
                    "U04TV4NASPK"
                ],
                "count": 1
            }
        ]
    },
    {
        "client_msg_id": "1AF9835D-9C93-4B74-B50D-2E76AF66D1A9",
        "type": "message",
        "text": "手配書ww",
        "user": "U04T201950F",
        "ts": "1697890940.249699",
        "blocks": [
            {
                "type": "rich_text",
                "block_id": "InPeR",
                "elements": [
                    {
                        "type": "rich_text_section",
                        "elements": [
                            {
                                "type": "text",
                                "text": "手配書ww"
                            }
                        ]
                    }
                ]
            }
        ],
        "team": "T04TGFGMK7C",
        "user_team": "T04TGFGMK7C",
        "source_team": "T04TGFGMK7C",
        "user_profile": {
            "avatar_hash": "37195c285ebd",
            "image_72": "https:\/\/avatars.slack-edge.com\/2023-04-26\/5193192270752_37195c285ebdc8d65709_72.jpg",
            "first_name": "Dai",
            "real_name": "Dai Miyahara",
            "display_name": "Dai Miyahara",
            "team": "T04TGFGMK7C",
            "name": "a2240dm",
            "is_restricted": false,
            "is_ultra_restricted": false
        },
        "reactions": [
            {
                "name": "melting_face",
                "users": [
                    "U04U66DNCRE"
                ],
                "count": 1
            }
        ]
    },
    {
        "client_msg_id": "F84D68E1-3C87-4F65-AB2E-AA941AB27B5B",
        "type": "message",
        "text": "パッキング永遠に終わらない。今日作業無理だ、、",
        "user": "U04U66DNCRE",
        "ts": "1697899163.115069",
        "blocks": [
            {
                "type": "rich_text",
                "block_id": "qdggS",
                "elements": [
                    {
                        "type": "rich_text_section",
                        "elements": [
                            {
                                "type": "text",
                                "text": "パッキング永遠に終わらない。今日作業無理だ、、"
                            }
                        ]
                    }
                ]
            }
        ],
        "team": "T04TGFGMK7C",
        "user_team": "T04TGFGMK7C",
        "source_team": "T04TGFGMK7C",
        "user_profile": {
            "avatar_hash": "0e82c2c0bd34",
            "image_72": "https:\/\/avatars.slack-edge.com\/2023-04-25\/5161183917605_0e82c2c0bd34f978f1fd_72.jpg",
            "first_name": "Ohno",
            "real_name": "Ohno Hiroto",
            "display_name": "Ohno Hiroto",
            "team": "T04TGFGMK7C",
            "name": "a2206ho",
            "is_restricted": false,
            "is_ultra_restricted": false
        },
        "reactions": [
            {
                "name": "innocent",
                "users": [
                    "U04TGBZ4XEX",
                    "U04T201950F"
                ],
                "count": 2
            }
        ]
    },
    {
        "client_msg_id": "469C8AF8-75F6-4362-BE9C-421DEE0FF39D",
        "type": "message",
        "text": "昨日1時までパッキングしてたのにまだ終わらないのなぜだ",
        "user": "U04U66DNCRE",
        "ts": "1697944236.784739",
        "blocks": [
            {
                "type": "rich_text",
                "block_id": "M5X0R",
                "elements": [
                    {
                        "type": "rich_text_section",
                        "elements": [
                            {
                                "type": "text",
                                "text": "昨日1時までパッキングしてたのにまだ終わらないのなぜだ"
                            }
                        ]
                    }
                ]
            }
        ],
        "team": "T04TGFGMK7C",
        "user_team": "T04TGFGMK7C",
        "source_team": "T04TGFGMK7C",
        "user_profile": {
            "avatar_hash": "0e82c2c0bd34",
            "image_72": "https:\/\/avatars.slack-edge.com\/2023-04-25\/5161183917605_0e82c2c0bd34f978f1fd_72.jpg",
            "first_name": "Ohno",
            "real_name": "Ohno Hiroto",
            "display_name": "Ohno Hiroto",
            "team": "T04TGFGMK7C",
            "name": "a2206ho",
            "is_restricted": false,
            "is_ultra_restricted": false
        },
        "reactions": [
            {
                "name": "otsukaresamadesu",
                "users": [
                    "U04T201950F"
                ],
                "count": 1
            }
        ]
    }
]