[
    {
        "client_msg_id": "98BC63B0-2C82-4AA9-930B-72B94F492FD7",
        "type": "message",
        "text": "ちょっと荷解きが終わらなすぎて今週動けないです、、、 :man-bowing: \n誠に申し訳ありません、、、",
        "user": "U04U66DNCRE",
        "ts": "1697972427.344259",
        "blocks": [
            {
                "type": "rich_text",
                "block_id": "\/U64I",
                "elements": [
                    {
                        "type": "rich_text_section",
                        "elements": [
                            {
                                "type": "text",
                                "text": "ちょっと荷解きが終わらなすぎて今週動けないです、、、 "
                            },
                            {
                                "type": "emoji",
                                "name": "man-bowing",
                                "unicode": "1f647-200d-2642-fe0f"
                            },
                            {
                                "type": "text",
                                "text": " \n誠に申し訳ありません、、、"
                            }
                        ]
                    }
                ]
            }
        ],
        "team": "T04TGFGMK7C",
        "user_team": "T04TGFGMK7C",
        "source_team": "T04TGFGMK7C",
        "user_profile": {
            "avatar_hash": "0e82c2c0bd34",
            "image_72": "https:\/\/avatars.slack-edge.com\/2023-04-25\/5161183917605_0e82c2c0bd34f978f1fd_72.jpg",
            "first_name": "Ohno",
            "real_name": "Ohno Hiroto",
            "display_name": "Ohno Hiroto",
            "team": "T04TGFGMK7C",
            "name": "a2206ho",
            "is_restricted": false,
            "is_ultra_restricted": false
        },
        "reactions": [
            {
                "name": "なかやまきんに君",
                "users": [
                    "U04T201950F",
                    "U04T9TDB58W",
                    "U04TDHFKJ85",
                    "U04TV4NASPK"
                ],
                "count": 4
            },
            {
                "name": "odaijini",
                "users": [
                    "U04U66DSPEU"
                ],
                "count": 1
            }
        ]
    },
    {
        "client_msg_id": "A3CFA3CF-4597-4DFF-B68F-85642C9AA4FD",
        "type": "message",
        "text": "めも\n柴田先生との面談の日程調整\n先週分の週報",
        "user": "U04U66DNCRE",
        "ts": "1698029947.514579",
        "blocks": [
            {
                "type": "rich_text",
                "block_id": "CL40O",
                "elements": [
                    {
                        "type": "rich_text_section",
                        "elements": [
                            {
                                "type": "text",
                                "text": "めも\n柴田先生との面談の日程調整\n先週分の週報"
                            }
                        ]
                    }
                ]
            }
        ],
        "team": "T04TGFGMK7C",
        "user_team": "T04TGFGMK7C",
        "source_team": "T04TGFGMK7C",
        "user_profile": {
            "avatar_hash": "0e82c2c0bd34",
            "image_72": "https:\/\/avatars.slack-edge.com\/2023-04-25\/5161183917605_0e82c2c0bd34f978f1fd_72.jpg",
            "first_name": "Ohno",
            "real_name": "Ohno Hiroto",
            "display_name": "Ohno Hiroto",
            "team": "T04TGFGMK7C",
            "name": "a2206ho",
            "is_restricted": false,
            "is_ultra_restricted": false
        },
        "edited": {
            "user": "U04U66DNCRE",
            "ts": "1698030368.000000"
        }
    },
    {
        "client_msg_id": "615A71A2-6363-46E4-8595-D729A73CA323",
        "type": "message",
        "text": "先週分の週報出し忘れたの今気づいた、、、",
        "user": "U04U66DNCRE",
        "ts": "1698030356.810339",
        "blocks": [
            {
                "type": "rich_text",
                "block_id": "E81Ix",
                "elements": [
                    {
                        "type": "rich_text_section",
                        "elements": [
                            {
                                "type": "text",
                                "text": "先週分の週報出し忘れたの今気づいた、、、"
                            }
                        ]
                    }
                ]
            }
        ],
        "team": "T04TGFGMK7C",
        "user_team": "T04TGFGMK7C",
        "source_team": "T04TGFGMK7C",
        "user_profile": {
            "avatar_hash": "0e82c2c0bd34",
            "image_72": "https:\/\/avatars.slack-edge.com\/2023-04-25\/5161183917605_0e82c2c0bd34f978f1fd_72.jpg",
            "first_name": "Ohno",
            "real_name": "Ohno Hiroto",
            "display_name": "Ohno Hiroto",
            "team": "T04TGFGMK7C",
            "name": "a2206ho",
            "is_restricted": false,
            "is_ultra_restricted": false
        },
        "reactions": [
            {
                "name": "smiling_face_with_tear",
                "users": [
                    "U04U66DSPEU"
                ],
                "count": 1
            }
        ]
    }
]