[
    {
        "client_msg_id": "3b1f9969-3f1f-4edc-b83e-c7ec3babba69",
        "type": "message",
        "text": "<https:\/\/front-jabelic.vercel.app\/userProduct> <!channel> 修正を加えたものを一度デプロイしてみました。皆さんの方でも、所持品リストにてcacheが効いていないかを確かめて欲しいです(所持品登録が即時反映されるかどうか)\n\n注)所持品登録をした後は、リロードをお願いします。あと*ログインをしてください*\n\nURL :  <https:\/\/front-jabelic.vercel.app\/userProduct>",
        "user": "U04T9TDB58W",
        "ts": "1698236107.592229",
        "blocks": [
            {
                "type": "rich_text",
                "block_id": "KdYNr",
                "elements": [
                    {
                        "type": "rich_text_section",
                        "elements": [
                            {
                                "type": "link",
                                "url": "https:\/\/front-jabelic.vercel.app\/userProduct"
                            },
                            {
                                "type": "text",
                                "text": " "
                            },
                            {
                                "type": "broadcast",
                                "range": "channel"
                            },
                            {
                                "type": "text",
                                "text": " 修正を加えたものを一度デプロイしてみました。皆さんの方でも、所持品リストにてcacheが効いていないかを確かめて欲しいです(所持品登録が即時反映されるかどうか)\n\n注)所持品登録をした後は、リロードをお願いします。あと"
                            },
                            {
                                "type": "text",
                                "text": "ログインをしてください",
                                "style": {
                                    "bold": true
                                }
                            },
                            {
                                "type": "text",
                                "text": "\n\nURL :  "
                            },
                            {
                                "type": "link",
                                "url": "https:\/\/front-jabelic.vercel.app\/userProduct"
                            }
                        ]
                    }
                ]
            }
        ],
        "team": "T04TGFGMK7C",
        "user_team": "T04TGFGMK7C",
        "source_team": "T04TGFGMK7C",
        "user_profile": {
            "avatar_hash": "183a619e0408",
            "image_72": "https:\/\/avatars.slack-edge.com\/2023-03-11\/4958815898464_183a619e0408c53031fd_72.jpg",
            "first_name": "Hibiki",
            "real_name": "Hibiki Mizuno",
            "display_name": "Jabelic スクラムマスター",
            "team": "T04TGFGMK7C",
            "name": "a2239hm",
            "is_restricted": false,
            "is_ultra_restricted": false
        },
        "edited": {
            "user": "U04T9TDB58W",
            "ts": "1698239945.000000"
        },
        "thread_ts": "1698236107.592229",
        "reply_count": 1,
        "reply_users_count": 1,
        "latest_reply": "1698238382.253129",
        "reply_users": [
            "U04TV4NASPK"
        ],
        "replies": [
            {
                "user": "U04TV4NASPK",
                "ts": "1698238382.253129"
            }
        ],
        "is_locked": false,
        "subscribed": false
    },
    {
        "type": "message",
        "text": "画面上の所持品リストが真っ白でした、見てるURL違うとかでしょうか...:bow:",
        "files": [
            {
                "id": "F062AD5TWBZ",
                "created": 1698237555,
                "timestamp": 1698237555,
                "name": "ss 2.png",
                "title": "ss 2.png",
                "mimetype": "image\/png",
                "filetype": "png",
                "pretty_type": "PNG",
                "user": "U04TGBZ4XEX",
                "user_team": "T04TGFGMK7C",
                "editable": false,
                "size": 502751,
                "mode": "hosted",
                "is_external": false,
                "external_type": "",
                "is_public": true,
                "public_url_shared": false,
                "display_as_bot": false,
                "username": "",
                "url_private": "https:\/\/files.slack.com\/files-pri\/T04TGFGMK7C-F062AD5TWBZ\/ss_2.png?t=xoxe-4934526733250-6371883538245-6387447778801-5039a585954037f5d95452e64be2e165",
                "url_private_download": "https:\/\/files.slack.com\/files-pri\/T04TGFGMK7C-F062AD5TWBZ\/download\/ss_2.png?t=xoxe-4934526733250-6371883538245-6387447778801-5039a585954037f5d95452e64be2e165",
                "media_display_type": "unknown",
                "thumb_64": "https:\/\/files.slack.com\/files-tmb\/T04TGFGMK7C-F062AD5TWBZ-dc2f9b78d8\/ss_2_64.png?t=xoxe-4934526733250-6371883538245-6387447778801-5039a585954037f5d95452e64be2e165",
                "thumb_80": "https:\/\/files.slack.com\/files-tmb\/T04TGFGMK7C-F062AD5TWBZ-dc2f9b78d8\/ss_2_80.png?t=xoxe-4934526733250-6371883538245-6387447778801-5039a585954037f5d95452e64be2e165",
                "thumb_360": "https:\/\/files.slack.com\/files-tmb\/T04TGFGMK7C-F062AD5TWBZ-dc2f9b78d8\/ss_2_360.png?t=xoxe-4934526733250-6371883538245-6387447778801-5039a585954037f5d95452e64be2e165",
                "thumb_360_w": 360,
                "thumb_360_h": 225,
                "thumb_480": "https:\/\/files.slack.com\/files-tmb\/T04TGFGMK7C-F062AD5TWBZ-dc2f9b78d8\/ss_2_480.png?t=xoxe-4934526733250-6371883538245-6387447778801-5039a585954037f5d95452e64be2e165",
                "thumb_480_w": 480,
                "thumb_480_h": 300,
                "thumb_160": "https:\/\/files.slack.com\/files-tmb\/T04TGFGMK7C-F062AD5TWBZ-dc2f9b78d8\/ss_2_160.png?t=xoxe-4934526733250-6371883538245-6387447778801-5039a585954037f5d95452e64be2e165",
                "thumb_720": "https:\/\/files.slack.com\/files-tmb\/T04TGFGMK7C-F062AD5TWBZ-dc2f9b78d8\/ss_2_720.png?t=xoxe-4934526733250-6371883538245-6387447778801-5039a585954037f5d95452e64be2e165",
                "thumb_720_w": 720,
                "thumb_720_h": 450,
                "thumb_800": "https:\/\/files.slack.com\/files-tmb\/T04TGFGMK7C-F062AD5TWBZ-dc2f9b78d8\/ss_2_800.png?t=xoxe-4934526733250-6371883538245-6387447778801-5039a585954037f5d95452e64be2e165",
                "thumb_800_w": 800,
                "thumb_800_h": 500,
                "thumb_960": "https:\/\/files.slack.com\/files-tmb\/T04TGFGMK7C-F062AD5TWBZ-dc2f9b78d8\/ss_2_960.png?t=xoxe-4934526733250-6371883538245-6387447778801-5039a585954037f5d95452e64be2e165",
                "thumb_960_w": 960,
                "thumb_960_h": 599,
                "thumb_1024": "https:\/\/files.slack.com\/files-tmb\/T04TGFGMK7C-F062AD5TWBZ-dc2f9b78d8\/ss_2_1024.png?t=xoxe-4934526733250-6371883538245-6387447778801-5039a585954037f5d95452e64be2e165",
                "thumb_1024_w": 1024,
                "thumb_1024_h": 639,
                "original_w": 3456,
                "original_h": 2158,
                "thumb_tiny": "AwAdADCyLGHPKn86X7Bbn+E\/99GrNFAFX+z7f+6f++jS\/YLf+6f++jVmigCt9gt\/7p\/76NILCDHK5\/HFWqD0oAzhqT90X86X+0j\/AM8x+dUDigcUAXG1F2GNoH0JoXUXUY2A\/UmqRNFAF7+0pP8Anmv5mj+0n\/55r+ZqjRQB\/9k=",
                "permalink": "https:\/\/chubachi-pt-2023.slack.com\/files\/U04TGBZ4XEX\/F062AD5TWBZ\/ss_2.png",
                "permalink_public": "https:\/\/slack-files.com\/T04TGFGMK7C-F062AD5TWBZ-222170ae4b",
                "is_starred": false,
                "has_rich_preview": false,
                "file_access": "visible"
            }
        ],
        "upload": false,
        "user": "U04TGBZ4XEX",
        "display_as_bot": false,
        "ts": "1698237596.769789",
        "blocks": [
            {
                "type": "rich_text",
                "block_id": "sX8UY",
                "elements": [
                    {
                        "type": "rich_text_section",
                        "elements": [
                            {
                                "type": "text",
                                "text": "画面上の所持品リストが真っ白でした、見てるURL違うとかでしょうか..."
                            },
                            {
                                "type": "emoji",
                                "name": "bow",
                                "unicode": "1f647"
                            }
                        ]
                    }
                ]
            }
        ],
        "client_msg_id": "53b44be2-290d-4624-8275-8a1e85f067b6",
        "thread_ts": "1698237596.769789",
        "reply_count": 4,
        "reply_users_count": 2,
        "latest_reply": "1698238541.012169",
        "reply_users": [
            "U04T9TDB58W",
            "U04TGBZ4XEX"
        ],
        "replies": [
            {
                "user": "U04T9TDB58W",
                "ts": "1698237677.506929"
            },
            {
                "user": "U04TGBZ4XEX",
                "ts": "1698237966.840579"
            },
            {
                "user": "U04T9TDB58W",
                "ts": "1698238223.223619"
            },
            {
                "user": "U04TGBZ4XEX",
                "ts": "1698238541.012169"
            }
        ],
        "is_locked": false,
        "subscribed": false,
        "reactions": [
            {
                "name": "pray",
                "users": [
                    "U04T9TDB58W"
                ],
                "count": 1
            },
            {
                "name": "arigatougozaimasu",
                "users": [
                    "U04T9TDB58W"
                ],
                "count": 1
            }
        ]
    },
    {
        "client_msg_id": "3090977b-f54f-4f22-8c6b-c46d43d3f4a7",
        "type": "message",
        "text": "<@U04TGBZ4XEX> \nおっ\nCmd+shift+R でリロードをして頂きたいです〜\nあと、コンソールにエラーは出てました？",
        "user": "U04T9TDB58W",
        "ts": "1698237677.506929",
        "blocks": [
            {
                "type": "rich_text",
                "block_id": "cB+tK",
                "elements": [
                    {
                        "type": "rich_text_section",
                        "elements": [
                            {
                                "type": "user",
                                "user_id": "U04TGBZ4XEX"
                            },
                            {
                                "type": "text",
                                "text": " \nおっ\nCmd+shift+R でリロードをして頂きたいです〜\nあと、コンソールにエラーは出てました？"
                            }
                        ]
                    }
                ]
            }
        ],
        "team": "T04TGFGMK7C",
        "user_team": "T04TGFGMK7C",
        "source_team": "T04TGFGMK7C",
        "user_profile": {
            "avatar_hash": "183a619e0408",
            "image_72": "https:\/\/avatars.slack-edge.com\/2023-03-11\/4958815898464_183a619e0408c53031fd_72.jpg",
            "first_name": "Hibiki",
            "real_name": "Hibiki Mizuno",
            "display_name": "Jabelic スクラムマスター",
            "team": "T04TGFGMK7C",
            "name": "a2239hm",
            "is_restricted": false,
            "is_ultra_restricted": false
        },
        "edited": {
            "user": "U04T9TDB58W",
            "ts": "1698237689.000000"
        },
        "thread_ts": "1698237596.769789",
        "parent_user_id": "U04TGBZ4XEX"
    },
    {
        "type": "message",
        "text": "してみました。コンソールこんな感じです",
        "files": [
            {
                "id": "F0633KBV96V",
                "created": 1698237957,
                "timestamp": 1698237957,
                "name": "ss 7.png",
                "title": "ss 7.png",
                "mimetype": "image\/png",
                "filetype": "png",
                "pretty_type": "PNG",
                "user": "U04TGBZ4XEX",
                "user_team": "T04TGFGMK7C",
                "editable": false,
                "size": 994088,
                "mode": "hosted",
                "is_external": false,
                "external_type": "",
                "is_public": true,
                "public_url_shared": false,
                "display_as_bot": false,
                "username": "",
                "url_private": "https:\/\/files.slack.com\/files-pri\/T04TGFGMK7C-F0633KBV96V\/ss_7.png?t=xoxe-4934526733250-6371883538245-6387447778801-5039a585954037f5d95452e64be2e165",
                "url_private_download": "https:\/\/files.slack.com\/files-pri\/T04TGFGMK7C-F0633KBV96V\/download\/ss_7.png?t=xoxe-4934526733250-6371883538245-6387447778801-5039a585954037f5d95452e64be2e165",
                "media_display_type": "unknown",
                "thumb_64": "https:\/\/files.slack.com\/files-tmb\/T04TGFGMK7C-F0633KBV96V-7a6ed50c53\/ss_7_64.png?t=xoxe-4934526733250-6371883538245-6387447778801-5039a585954037f5d95452e64be2e165",
                "thumb_80": "https:\/\/files.slack.com\/files-tmb\/T04TGFGMK7C-F0633KBV96V-7a6ed50c53\/ss_7_80.png?t=xoxe-4934526733250-6371883538245-6387447778801-5039a585954037f5d95452e64be2e165",
                "thumb_360": "https:\/\/files.slack.com\/files-tmb\/T04TGFGMK7C-F0633KBV96V-7a6ed50c53\/ss_7_360.png?t=xoxe-4934526733250-6371883538245-6387447778801-5039a585954037f5d95452e64be2e165",
                "thumb_360_w": 360,
                "thumb_360_h": 223,
                "thumb_480": "https:\/\/files.slack.com\/files-tmb\/T04TGFGMK7C-F0633KBV96V-7a6ed50c53\/ss_7_480.png?t=xoxe-4934526733250-6371883538245-6387447778801-5039a585954037f5d95452e64be2e165",
                "thumb_480_w": 480,
                "thumb_480_h": 298,
                "thumb_160": "https:\/\/files.slack.com\/files-tmb\/T04TGFGMK7C-F0633KBV96V-7a6ed50c53\/ss_7_160.png?t=xoxe-4934526733250-6371883538245-6387447778801-5039a585954037f5d95452e64be2e165",
                "thumb_720": "https:\/\/files.slack.com\/files-tmb\/T04TGFGMK7C-F0633KBV96V-7a6ed50c53\/ss_7_720.png?t=xoxe-4934526733250-6371883538245-6387447778801-5039a585954037f5d95452e64be2e165",
                "thumb_720_w": 720,
                "thumb_720_h": 446,
                "thumb_800": "https:\/\/files.slack.com\/files-tmb\/T04TGFGMK7C-F0633KBV96V-7a6ed50c53\/ss_7_800.png?t=xoxe-4934526733250-6371883538245-6387447778801-5039a585954037f5d95452e64be2e165",
                "thumb_800_w": 800,
                "thumb_800_h": 496,
                "thumb_960": "https:\/\/files.slack.com\/files-tmb\/T04TGFGMK7C-F0633KBV96V-7a6ed50c53\/ss_7_960.png?t=xoxe-4934526733250-6371883538245-6387447778801-5039a585954037f5d95452e64be2e165",
                "thumb_960_w": 960,
                "thumb_960_h": 595,
                "thumb_1024": "https:\/\/files.slack.com\/files-tmb\/T04TGFGMK7C-F0633KBV96V-7a6ed50c53\/ss_7_1024.png?t=xoxe-4934526733250-6371883538245-6387447778801-5039a585954037f5d95452e64be2e165",
                "thumb_1024_w": 1024,
                "thumb_1024_h": 635,
                "original_w": 3416,
                "original_h": 2118,
                "thumb_tiny": "AwAdADCyLCD+6f8Avo0n2CD+4f8Avo1bqMk5PNAEH9n2\/wDcP\/fRpf7Pt\/7h\/wC+jU24+tG40AQ\/YLf+4f8Avqj7BB\/cP51YBNOoAKjPU08nApqYdQ2OtACUU\/aKNooAaKfSYFGaAP\/Z",
                "permalink": "https:\/\/chubachi-pt-2023.slack.com\/files\/U04TGBZ4XEX\/F0633KBV96V\/ss_7.png",
                "permalink_public": "https:\/\/slack-files.com\/T04TGFGMK7C-F0633KBV96V-d57e590902",
                "is_starred": false,
                "has_rich_preview": false,
                "file_access": "visible"
            },
            {
                "id": "F062AE7QZST",
                "created": 1698237962,
                "timestamp": 1698237962,
                "name": "ss 6.png",
                "title": "ss 6.png",
                "mimetype": "image\/png",
                "filetype": "png",
                "pretty_type": "PNG",
                "user": "U04TGBZ4XEX",
                "user_team": "T04TGFGMK7C",
                "editable": false,
                "size": 507778,
                "mode": "hosted",
                "is_external": false,
                "external_type": "",
                "is_public": true,
                "public_url_shared": false,
                "display_as_bot": false,
                "username": "",
                "url_private": "https:\/\/files.slack.com\/files-pri\/T04TGFGMK7C-F062AE7QZST\/ss_6.png?t=xoxe-4934526733250-6371883538245-6387447778801-5039a585954037f5d95452e64be2e165",
                "url_private_download": "https:\/\/files.slack.com\/files-pri\/T04TGFGMK7C-F062AE7QZST\/download\/ss_6.png?t=xoxe-4934526733250-6371883538245-6387447778801-5039a585954037f5d95452e64be2e165",
                "media_display_type": "unknown",
                "thumb_64": "https:\/\/files.slack.com\/files-tmb\/T04TGFGMK7C-F062AE7QZST-842ea984be\/ss_6_64.png?t=xoxe-4934526733250-6371883538245-6387447778801-5039a585954037f5d95452e64be2e165",
                "thumb_80": "https:\/\/files.slack.com\/files-tmb\/T04TGFGMK7C-F062AE7QZST-842ea984be\/ss_6_80.png?t=xoxe-4934526733250-6371883538245-6387447778801-5039a585954037f5d95452e64be2e165",
                "thumb_360": "https:\/\/files.slack.com\/files-tmb\/T04TGFGMK7C-F062AE7QZST-842ea984be\/ss_6_360.png?t=xoxe-4934526733250-6371883538245-6387447778801-5039a585954037f5d95452e64be2e165",
                "thumb_360_w": 360,
                "thumb_360_h": 225,
                "thumb_480": "https:\/\/files.slack.com\/files-tmb\/T04TGFGMK7C-F062AE7QZST-842ea984be\/ss_6_480.png?t=xoxe-4934526733250-6371883538245-6387447778801-5039a585954037f5d95452e64be2e165",
                "thumb_480_w": 480,
                "thumb_480_h": 300,
                "thumb_160": "https:\/\/files.slack.com\/files-tmb\/T04TGFGMK7C-F062AE7QZST-842ea984be\/ss_6_160.png?t=xoxe-4934526733250-6371883538245-6387447778801-5039a585954037f5d95452e64be2e165",
                "thumb_720": "https:\/\/files.slack.com\/files-tmb\/T04TGFGMK7C-F062AE7QZST-842ea984be\/ss_6_720.png?t=xoxe-4934526733250-6371883538245-6387447778801-5039a585954037f5d95452e64be2e165",
                "thumb_720_w": 720,
                "thumb_720_h": 450,
                "thumb_800": "https:\/\/files.slack.com\/files-tmb\/T04TGFGMK7C-F062AE7QZST-842ea984be\/ss_6_800.png?t=xoxe-4934526733250-6371883538245-6387447778801-5039a585954037f5d95452e64be2e165",
                "thumb_800_w": 800,
                "thumb_800_h": 500,
                "thumb_960": "https:\/\/files.slack.com\/files-tmb\/T04TGFGMK7C-F062AE7QZST-842ea984be\/ss_6_960.png?t=xoxe-4934526733250-6371883538245-6387447778801-5039a585954037f5d95452e64be2e165",
                "thumb_960_w": 960,
                "thumb_960_h": 599,
                "thumb_1024": "https:\/\/files.slack.com\/files-tmb\/T04TGFGMK7C-F062AE7QZST-842ea984be\/ss_6_1024.png?t=xoxe-4934526733250-6371883538245-6387447778801-5039a585954037f5d95452e64be2e165",
                "thumb_1024_w": 1024,
                "thumb_1024_h": 639,
                "original_w": 3456,
                "original_h": 2158,
                "thumb_tiny": "AwAdADCyLGHPKH86X7BB\/dP\/AH0as0UAVvsEH90\/99Gj7Bb\/AN0\/99GrNFAFb7Bb\/wBw\/nSCwgA5XP41aoPSgCoNQi\/uuPwpft8Po35Vlbj60bm9aANJtQTHyqwPuB\/jQuooB8ysT7Af41m5PrRk+tAGn\/aMX9x\/0o\/tGL+4\/wClZmT60ZPrQB\/\/2Q==",
                "permalink": "https:\/\/chubachi-pt-2023.slack.com\/files\/U04TGBZ4XEX\/F062AE7QZST\/ss_6.png",
                "permalink_public": "https:\/\/slack-files.com\/T04TGFGMK7C-F062AE7QZST-d1e8d8455a",
                "is_starred": false,
                "has_rich_preview": false,
                "file_access": "visible"
            }
        ],
        "upload": false,
        "user": "U04TGBZ4XEX",
        "ts": "1698237966.840579",
        "blocks": [
            {
                "type": "rich_text",
                "block_id": "mwpph",
                "elements": [
                    {
                        "type": "rich_text_section",
                        "elements": [
                            {
                                "type": "text",
                                "text": "してみました。コンソールこんな感じです"
                            }
                        ]
                    }
                ]
            }
        ],
        "client_msg_id": "e2cd79d3-350d-4824-b9cb-f0c179251eab",
        "thread_ts": "1698237596.769789",
        "parent_user_id": "U04TGBZ4XEX"
    },
    {
        "type": "message",
        "subtype": "thread_broadcast",
        "text": "ありがとうございます:pray:\n多分キャッシュ効いちゃってますね…\n\nもしお時間あれば: \n• プライベートブラウザでアクセスする\n• キャッシュの消去(<https:\/\/wins10.jimdofree.com\/2021\/04\/30\/chrome%E3%81%AB%E3%81%AF%EF%BC%93%E7%A8%AE%E9%A1%9E%E3%81%AE-%E5%86%8D%E8%AA%AD%E3%81%BF%E8%BE%BC%E3%81%BF-%E3%81%8C%E3%81%82%E3%82%8B\/|https:\/\/wins10.jimdofree.com\/2021\/04\/30\/chrome%E3%81%AB%E3%81%AF%EF%BC%93%E7%A8%AE%E9%A1%9E%E3%81%AE-%E5%86%8D%E8%AA%AD%E3%81%BF%E8%BE%BC%E3%81%BF-%E3%81%8C%E3%81%82%E3%82%8B\/> )(3つめのリロード方法)\nこちらどちらか試していただきたいです:pray:",
        "user": "U04T9TDB58W",
        "ts": "1698238223.223619",
        "thread_ts": "1698237596.769789",
        "root": {
            "type": "message",
            "text": "画面上の所持品リストが真っ白でした、見てるURL違うとかでしょうか...:bow:",
            "files": [
                {
                    "id": "F062AD5TWBZ",
                    "created": 1698237555,
                    "timestamp": 1698237555,
                    "name": "ss 2.png",
                    "title": "ss 2.png",
                    "mimetype": "image\/png",
                    "filetype": "png",
                    "pretty_type": "PNG",
                    "user": "U04TGBZ4XEX",
                    "user_team": "T04TGFGMK7C",
                    "editable": false,
                    "size": 502751,
                    "mode": "hosted",
                    "is_external": false,
                    "external_type": "",
                    "is_public": true,
                    "public_url_shared": false,
                    "display_as_bot": false,
                    "username": "",
                    "url_private": "https:\/\/files.slack.com\/files-pri\/T04TGFGMK7C-F062AD5TWBZ\/ss_2.png?t=xoxe-4934526733250-6371883538245-6387447778801-5039a585954037f5d95452e64be2e165",
                    "url_private_download": "https:\/\/files.slack.com\/files-pri\/T04TGFGMK7C-F062AD5TWBZ\/download\/ss_2.png?t=xoxe-4934526733250-6371883538245-6387447778801-5039a585954037f5d95452e64be2e165",
                    "media_display_type": "unknown",
                    "thumb_64": "https:\/\/files.slack.com\/files-tmb\/T04TGFGMK7C-F062AD5TWBZ-dc2f9b78d8\/ss_2_64.png?t=xoxe-4934526733250-6371883538245-6387447778801-5039a585954037f5d95452e64be2e165",
                    "thumb_80": "https:\/\/files.slack.com\/files-tmb\/T04TGFGMK7C-F062AD5TWBZ-dc2f9b78d8\/ss_2_80.png?t=xoxe-4934526733250-6371883538245-6387447778801-5039a585954037f5d95452e64be2e165",
                    "thumb_360": "https:\/\/files.slack.com\/files-tmb\/T04TGFGMK7C-F062AD5TWBZ-dc2f9b78d8\/ss_2_360.png?t=xoxe-4934526733250-6371883538245-6387447778801-5039a585954037f5d95452e64be2e165",
                    "thumb_360_w": 360,
                    "thumb_360_h": 225,
                    "thumb_480": "https:\/\/files.slack.com\/files-tmb\/T04TGFGMK7C-F062AD5TWBZ-dc2f9b78d8\/ss_2_480.png?t=xoxe-4934526733250-6371883538245-6387447778801-5039a585954037f5d95452e64be2e165",
                    "thumb_480_w": 480,
                    "thumb_480_h": 300,
                    "thumb_160": "https:\/\/files.slack.com\/files-tmb\/T04TGFGMK7C-F062AD5TWBZ-dc2f9b78d8\/ss_2_160.png?t=xoxe-4934526733250-6371883538245-6387447778801-5039a585954037f5d95452e64be2e165",
                    "thumb_720": "https:\/\/files.slack.com\/files-tmb\/T04TGFGMK7C-F062AD5TWBZ-dc2f9b78d8\/ss_2_720.png?t=xoxe-4934526733250-6371883538245-6387447778801-5039a585954037f5d95452e64be2e165",
                    "thumb_720_w": 720,
                    "thumb_720_h": 450,
                    "thumb_800": "https:\/\/files.slack.com\/files-tmb\/T04TGFGMK7C-F062AD5TWBZ-dc2f9b78d8\/ss_2_800.png?t=xoxe-4934526733250-6371883538245-6387447778801-5039a585954037f5d95452e64be2e165",
                    "thumb_800_w": 800,
                    "thumb_800_h": 500,
                    "thumb_960": "https:\/\/files.slack.com\/files-tmb\/T04TGFGMK7C-F062AD5TWBZ-dc2f9b78d8\/ss_2_960.png?t=xoxe-4934526733250-6371883538245-6387447778801-5039a585954037f5d95452e64be2e165",
                    "thumb_960_w": 960,
                    "thumb_960_h": 599,
                    "thumb_1024": "https:\/\/files.slack.com\/files-tmb\/T04TGFGMK7C-F062AD5TWBZ-dc2f9b78d8\/ss_2_1024.png?t=xoxe-4934526733250-6371883538245-6387447778801-5039a585954037f5d95452e64be2e165",
                    "thumb_1024_w": 1024,
                    "thumb_1024_h": 639,
                    "original_w": 3456,
                    "original_h": 2158,
                    "thumb_tiny": "AwAdADCyLGHPKn86X7Bbn+E\/99GrNFAFX+z7f+6f++jS\/YLf+6f++jVmigCt9gt\/7p\/76NILCDHK5\/HFWqD0oAzhqT90X86X+0j\/AM8x+dUDigcUAXG1F2GNoH0JoXUXUY2A\/UmqRNFAF7+0pP8Anmv5mj+0n\/55r+ZqjRQB\/9k=",
                    "permalink": "https:\/\/chubachi-pt-2023.slack.com\/files\/U04TGBZ4XEX\/F062AD5TWBZ\/ss_2.png",
                    "permalink_public": "https:\/\/slack-files.com\/T04TGFGMK7C-F062AD5TWBZ-222170ae4b",
                    "is_starred": false,
                    "has_rich_preview": false,
                    "file_access": "visible"
                }
            ],
            "upload": false,
            "user": "U04TGBZ4XEX",
            "display_as_bot": false,
            "ts": "1698237596.769789",
            "blocks": [
                {
                    "type": "rich_text",
                    "block_id": "sX8UY",
                    "elements": [
                        {
                            "type": "rich_text_section",
                            "elements": [
                                {
                                    "type": "text",
                                    "text": "画面上の所持品リストが真っ白でした、見てるURL違うとかでしょうか..."
                                },
                                {
                                    "type": "emoji",
                                    "name": "bow",
                                    "unicode": "1f647"
                                }
                            ]
                        }
                    ]
                }
            ],
            "client_msg_id": "53b44be2-290d-4624-8275-8a1e85f067b6",
            "thread_ts": "1698237596.769789",
            "reply_count": 4,
            "reply_users_count": 2,
            "latest_reply": "1698238541.012169",
            "reply_users": [
                "U04T9TDB58W",
                "U04TGBZ4XEX"
            ],
            "replies": [
                {
                    "user": "U04T9TDB58W",
                    "ts": "1698237677.506929"
                },
                {
                    "user": "U04TGBZ4XEX",
                    "ts": "1698237966.840579"
                },
                {
                    "user": "U04T9TDB58W",
                    "ts": "1698238223.223619"
                },
                {
                    "user": "U04TGBZ4XEX",
                    "ts": "1698238541.012169"
                }
            ],
            "is_locked": false,
            "subscribed": false
        },
        "blocks": [
            {
                "type": "rich_text",
                "block_id": "OfCo\/",
                "elements": [
                    {
                        "type": "rich_text_section",
                        "elements": [
                            {
                                "type": "text",
                                "text": "ありがとうございます"
                            },
                            {
                                "type": "emoji",
                                "name": "pray",
                                "unicode": "1f64f"
                            },
                            {
                                "type": "text",
                                "text": "\n多分キャッシュ効いちゃってますね…\n\nもしお時間あれば: \n"
                            }
                        ]
                    },
                    {
                        "type": "rich_text_list",
                        "elements": [
                            {
                                "type": "rich_text_section",
                                "elements": [
                                    {
                                        "type": "text",
                                        "text": "プライベートブラウザでアクセスする"
                                    }
                                ]
                            },
                            {
                                "type": "rich_text_section",
                                "elements": [
                                    {
                                        "type": "text",
                                        "text": "キャッシュの消去("
                                    },
                                    {
                                        "type": "link",
                                        "url": "https:\/\/wins10.jimdofree.com\/2021\/04\/30\/chrome%E3%81%AB%E3%81%AF%EF%BC%93%E7%A8%AE%E9%A1%9E%E3%81%AE-%E5%86%8D%E8%AA%AD%E3%81%BF%E8%BE%BC%E3%81%BF-%E3%81%8C%E3%81%82%E3%82%8B\/",
                                        "text": "https:\/\/wins10.jimdofree.com\/2021\/04\/30\/chrome%E3%81%AB%E3%81%AF%EF%BC%93%E7%A8%AE%E9%A1%9E%E3%81%AE-%E5%86%8D%E8%AA%AD%E3%81%BF%E8%BE%BC%E3%81%BF-%E3%81%8C%E3%81%82%E3%82%8B\/"
                                    },
                                    {
                                        "type": "text",
                                        "text": " )(3つめのリロード方法)"
                                    }
                                ]
                            }
                        ],
                        "style": "bullet",
                        "indent": 0,
                        "offset": 0,
                        "border": 0
                    },
                    {
                        "type": "rich_text_section",
                        "elements": [
                            {
                                "type": "text",
                                "text": "\nこちらどちらか試していただきたいです"
                            },
                            {
                                "type": "emoji",
                                "name": "pray",
                                "unicode": "1f64f"
                            }
                        ]
                    }
                ]
            }
        ],
        "attachments": [
            {
                "image_url": "https:\/\/image.jimcdn.com\/app\/cms\/image\/transf\/dimension=4000x3000:format=gif\/path\/sbd6ef88c1ef688a5\/image\/iea1af2625226aa4b\/version\/1619725707\/chrome-%E3%81%AB%E3%81%AF%EF%BC%93%E7%A8%AE%E9%A1%9E%E3%81%AE-%E5%86%8D%E8%AA%AD%E3%81%BF%E8%BE%BC%E3%81%BF-%E3%81%8C%E3%81%82%E3%82%8B.gif",
                "image_width": 573,
                "image_height": 516,
                "image_bytes": 39871,
                "from_url": "https:\/\/wins10.jimdofree.com\/2021\/04\/30\/chrome%E3%81%AB%E3%81%AF%EF%BC%93%E7%A8%AE%E9%A1%9E%E3%81%AE-%E5%86%8D%E8%AA%AD%E3%81%BF%E8%BE%BC%E3%81%BF-%E3%81%8C%E3%81%82%E3%82%8B\/",
                "service_icon": "https:\/\/assets.jimstatic.com\/s\/img\/favicon.ico",
                "ts": 1619724017,
                "id": 1,
                "original_url": "https:\/\/wins10.jimdofree.com\/2021\/04\/30\/chrome%E3%81%AB%E3%81%AF%EF%BC%93%E7%A8%AE%E9%A1%9E%E3%81%AE-%E5%86%8D%E8%AA%AD%E3%81%BF%E8%BE%BC%E3%81%BF-%E3%81%8C%E3%81%82%E3%82%8B\/",
                "fallback": "wins10 ページ！: Chrome には３種類の「再読み込み」がある",
                "text": "Google Chromeの持つ3種類の”再読み込み”をまとめてみた。",
                "title": "Chrome には３種類の「再読み込み」がある",
                "title_link": "https:\/\/wins10.jimdofree.com\/2021\/04\/30\/chrome%E3%81%AB%E3%81%AF%EF%BC%93%E7%A8%AE%E9%A1%9E%E3%81%AE-%E5%86%8D%E8%AA%AD%E3%81%BF%E8%BE%BC%E3%81%BF-%E3%81%8C%E3%81%82%E3%82%8B\/",
                "service_name": "wins10 ページ！"
            }
        ],
        "client_msg_id": "ad52100a-4055-4388-9738-5ba50f867e5e",
        "reactions": [
            {
                "name": "woman-gesturing-ok",
                "users": [
                    "U04TGBZ4XEX"
                ],
                "count": 1
            }
        ]
    },
    {
        "client_msg_id": "0091470e-539b-4237-a43c-7d026147b236",
        "type": "message",
        "text": "だめぽ",
        "user": "U04TV4NASPK",
        "ts": "1698238382.253129",
        "blocks": [
            {
                "type": "rich_text",
                "block_id": "GPuSD",
                "elements": [
                    {
                        "type": "rich_text_section",
                        "elements": [
                            {
                                "type": "text",
                                "text": "だめぽ"
                            }
                        ]
                    }
                ]
            }
        ],
        "team": "T04TGFGMK7C",
        "user_team": "T04TGFGMK7C",
        "source_team": "T04TGFGMK7C",
        "user_profile": {
            "avatar_hash": "342942264635",
            "image_72": "https:\/\/avatars.slack-edge.com\/2023-03-11\/4927985433382_34294226463524804a2d_72.jpg",
            "first_name": "Nakayama",
            "real_name": "Nakayama Kenta",
            "display_name": "Nakayama",
            "team": "T04TGFGMK7C",
            "name": "a2231kn",
            "is_restricted": false,
            "is_ultra_restricted": false
        },
        "thread_ts": "1698236107.592229",
        "parent_user_id": "U04T9TDB58W",
        "reactions": [
            {
                "name": "crying_cat_face",
                "users": [
                    "U04T9TDB58W"
                ],
                "count": 1
            }
        ]
    },
    {
        "client_msg_id": "54519623-2cca-498d-a5f5-1056efd7bb2b",
        "type": "message",
        "text": "<@U04T9TDB58W>\n回答とリンクありがとうございます:pray:水野さんの回答を基に、明日以降販売状況のコンポーネント作成してみます。また作成中にわからないことがあれば質問させてください:woman-bowing:",
        "user": "U04TDHFKJ85",
        "ts": "1698238458.454899",
        "blocks": [
            {
                "type": "rich_text",
                "block_id": "+Y1sW",
                "elements": [
                    {
                        "type": "rich_text_section",
                        "elements": [
                            {
                                "type": "user",
                                "user_id": "U04T9TDB58W"
                            },
                            {
                                "type": "text",
                                "text": "\n回答とリンクありがとうございます"
                            },
                            {
                                "type": "emoji",
                                "name": "pray",
                                "unicode": "1f64f"
                            },
                            {
                                "type": "text",
                                "text": "水野さんの回答を基に、明日以降販売状況のコンポーネント作成してみます。また作成中にわからないことがあれば質問させてください"
                            },
                            {
                                "type": "emoji",
                                "name": "woman-bowing",
                                "unicode": "1f647-200d-2640-fe0f"
                            }
                        ]
                    }
                ]
            }
        ],
        "team": "T04TGFGMK7C",
        "user_team": "T04TGFGMK7C",
        "source_team": "T04TGFGMK7C",
        "user_profile": {
            "avatar_hash": "4f9ceaf45fef",
            "image_72": "https:\/\/avatars.slack-edge.com\/2023-04-25\/5158348926726_4f9ceaf45fefba755a9b_72.jpg",
            "first_name": "鈴木真希",
            "real_name": "鈴木真希",
            "display_name": "",
            "team": "T04TGFGMK7C",
            "name": "a2216ms",
            "is_restricted": false,
            "is_ultra_restricted": false
        },
        "thread_ts": "1698069175.949899",
        "parent_user_id": "U04TDHFKJ85",
        "reactions": [
            {
                "name": "+1",
                "users": [
                    "U04T9TDB58W"
                ],
                "count": 1
            }
        ]
    },
    {
        "type": "message",
        "text": "cmd + shift + Rのリロードもやってみましたがこの状態でした :pray:",
        "files": [
            {
                "id": "F062AFP4RUP",
                "created": 1698238506,
                "timestamp": 1698238506,
                "name": "ss 9.png",
                "title": "ss 9.png",
                "mimetype": "image\/png",
                "filetype": "png",
                "pretty_type": "PNG",
                "user": "U04TGBZ4XEX",
                "user_team": "T04TGFGMK7C",
                "editable": false,
                "size": 558840,
                "mode": "hosted",
                "is_external": false,
                "external_type": "",
                "is_public": true,
                "public_url_shared": false,
                "display_as_bot": false,
                "username": "",
                "url_private": "https:\/\/files.slack.com\/files-pri\/T04TGFGMK7C-F062AFP4RUP\/ss_9.png?t=xoxe-4934526733250-6371883538245-6387447778801-5039a585954037f5d95452e64be2e165",
                "url_private_download": "https:\/\/files.slack.com\/files-pri\/T04TGFGMK7C-F062AFP4RUP\/download\/ss_9.png?t=xoxe-4934526733250-6371883538245-6387447778801-5039a585954037f5d95452e64be2e165",
                "media_display_type": "unknown",
                "thumb_64": "https:\/\/files.slack.com\/files-tmb\/T04TGFGMK7C-F062AFP4RUP-5d816aff9e\/ss_9_64.png?t=xoxe-4934526733250-6371883538245-6387447778801-5039a585954037f5d95452e64be2e165",
                "thumb_80": "https:\/\/files.slack.com\/files-tmb\/T04TGFGMK7C-F062AFP4RUP-5d816aff9e\/ss_9_80.png?t=xoxe-4934526733250-6371883538245-6387447778801-5039a585954037f5d95452e64be2e165",
                "thumb_360": "https:\/\/files.slack.com\/files-tmb\/T04TGFGMK7C-F062AFP4RUP-5d816aff9e\/ss_9_360.png?t=xoxe-4934526733250-6371883538245-6387447778801-5039a585954037f5d95452e64be2e165",
                "thumb_360_w": 360,
                "thumb_360_h": 225,
                "thumb_480": "https:\/\/files.slack.com\/files-tmb\/T04TGFGMK7C-F062AFP4RUP-5d816aff9e\/ss_9_480.png?t=xoxe-4934526733250-6371883538245-6387447778801-5039a585954037f5d95452e64be2e165",
                "thumb_480_w": 480,
                "thumb_480_h": 300,
                "thumb_160": "https:\/\/files.slack.com\/files-tmb\/T04TGFGMK7C-F062AFP4RUP-5d816aff9e\/ss_9_160.png?t=xoxe-4934526733250-6371883538245-6387447778801-5039a585954037f5d95452e64be2e165",
                "thumb_720": "https:\/\/files.slack.com\/files-tmb\/T04TGFGMK7C-F062AFP4RUP-5d816aff9e\/ss_9_720.png?t=xoxe-4934526733250-6371883538245-6387447778801-5039a585954037f5d95452e64be2e165",
                "thumb_720_w": 720,
                "thumb_720_h": 450,
                "thumb_800": "https:\/\/files.slack.com\/files-tmb\/T04TGFGMK7C-F062AFP4RUP-5d816aff9e\/ss_9_800.png?t=xoxe-4934526733250-6371883538245-6387447778801-5039a585954037f5d95452e64be2e165",
                "thumb_800_w": 800,
                "thumb_800_h": 500,
                "thumb_960": "https:\/\/files.slack.com\/files-tmb\/T04TGFGMK7C-F062AFP4RUP-5d816aff9e\/ss_9_960.png?t=xoxe-4934526733250-6371883538245-6387447778801-5039a585954037f5d95452e64be2e165",
                "thumb_960_w": 960,
                "thumb_960_h": 599,
                "thumb_1024": "https:\/\/files.slack.com\/files-tmb\/T04TGFGMK7C-F062AFP4RUP-5d816aff9e\/ss_9_1024.png?t=xoxe-4934526733250-6371883538245-6387447778801-5039a585954037f5d95452e64be2e165",
                "thumb_1024_w": 1024,
                "thumb_1024_h": 639,
                "original_w": 3456,
                "original_h": 2158,
                "thumb_tiny": "AwAdADCgSfUUm40lFAC7j60ZPqKePuig9DQAzefb8qN59vypKKACiiigCRcbR81DFdh6Z+tR0UAFFFFAH\/\/Z",
                "permalink": "https:\/\/chubachi-pt-2023.slack.com\/files\/U04TGBZ4XEX\/F062AFP4RUP\/ss_9.png",
                "permalink_public": "https:\/\/slack-files.com\/T04TGFGMK7C-F062AFP4RUP-f3371c9a58",
                "is_starred": false,
                "has_rich_preview": false,
                "file_access": "visible"
            },
            {
                "id": "F062R221E82",
                "created": 1698238536,
                "timestamp": 1698238536,
                "name": "ss 10.png",
                "title": "ss 10.png",
                "mimetype": "image\/png",
                "filetype": "png",
                "pretty_type": "PNG",
                "user": "U04TGBZ4XEX",
                "user_team": "T04TGFGMK7C",
                "editable": false,
                "size": 357756,
                "mode": "hosted",
                "is_external": false,
                "external_type": "",
                "is_public": true,
                "public_url_shared": false,
                "display_as_bot": false,
                "username": "",
                "url_private": "https:\/\/files.slack.com\/files-pri\/T04TGFGMK7C-F062R221E82\/ss_10.png?t=xoxe-4934526733250-6371883538245-6387447778801-5039a585954037f5d95452e64be2e165",
                "url_private_download": "https:\/\/files.slack.com\/files-pri\/T04TGFGMK7C-F062R221E82\/download\/ss_10.png?t=xoxe-4934526733250-6371883538245-6387447778801-5039a585954037f5d95452e64be2e165",
                "media_display_type": "unknown",
                "thumb_64": "https:\/\/files.slack.com\/files-tmb\/T04TGFGMK7C-F062R221E82-4174881c12\/ss_10_64.png?t=xoxe-4934526733250-6371883538245-6387447778801-5039a585954037f5d95452e64be2e165",
                "thumb_80": "https:\/\/files.slack.com\/files-tmb\/T04TGFGMK7C-F062R221E82-4174881c12\/ss_10_80.png?t=xoxe-4934526733250-6371883538245-6387447778801-5039a585954037f5d95452e64be2e165",
                "thumb_360": "https:\/\/files.slack.com\/files-tmb\/T04TGFGMK7C-F062R221E82-4174881c12\/ss_10_360.png?t=xoxe-4934526733250-6371883538245-6387447778801-5039a585954037f5d95452e64be2e165",
                "thumb_360_w": 360,
                "thumb_360_h": 225,
                "thumb_480": "https:\/\/files.slack.com\/files-tmb\/T04TGFGMK7C-F062R221E82-4174881c12\/ss_10_480.png?t=xoxe-4934526733250-6371883538245-6387447778801-5039a585954037f5d95452e64be2e165",
                "thumb_480_w": 480,
                "thumb_480_h": 300,
                "thumb_160": "https:\/\/files.slack.com\/files-tmb\/T04TGFGMK7C-F062R221E82-4174881c12\/ss_10_160.png?t=xoxe-4934526733250-6371883538245-6387447778801-5039a585954037f5d95452e64be2e165",
                "thumb_720": "https:\/\/files.slack.com\/files-tmb\/T04TGFGMK7C-F062R221E82-4174881c12\/ss_10_720.png?t=xoxe-4934526733250-6371883538245-6387447778801-5039a585954037f5d95452e64be2e165",
                "thumb_720_w": 720,
                "thumb_720_h": 450,
                "thumb_800": "https:\/\/files.slack.com\/files-tmb\/T04TGFGMK7C-F062R221E82-4174881c12\/ss_10_800.png?t=xoxe-4934526733250-6371883538245-6387447778801-5039a585954037f5d95452e64be2e165",
                "thumb_800_w": 800,
                "thumb_800_h": 500,
                "thumb_960": "https:\/\/files.slack.com\/files-tmb\/T04TGFGMK7C-F062R221E82-4174881c12\/ss_10_960.png?t=xoxe-4934526733250-6371883538245-6387447778801-5039a585954037f5d95452e64be2e165",
                "thumb_960_w": 960,
                "thumb_960_h": 599,
                "thumb_1024": "https:\/\/files.slack.com\/files-tmb\/T04TGFGMK7C-F062R221E82-4174881c12\/ss_10_1024.png?t=xoxe-4934526733250-6371883538245-6387447778801-5039a585954037f5d95452e64be2e165",
                "thumb_1024_w": 1024,
                "thumb_1024_h": 639,
                "original_w": 3456,
                "original_h": 2158,
                "thumb_tiny": "AwAdADCyLGHPKn86X7Bbn+A\/99GrNFAFX7Bb\/wB0\/maX7Bb\/ANw\/99GrNFAFb7Bb\/wBw\/wDfRpBYQY5XP44q1QelAGSL+f8Av\/oKP7Qm9R+VVaKALDXkzDDNke6ihbyZRhWwPZRVeigCz9un\/wCen6Cj7dP\/AH\/0FVqKAP\/Z",
                "permalink": "https:\/\/chubachi-pt-2023.slack.com\/files\/U04TGBZ4XEX\/F062R221E82\/ss_10.png",
                "permalink_public": "https:\/\/slack-files.com\/T04TGFGMK7C-F062R221E82-69ed38dff1",
                "is_starred": false,
                "has_rich_preview": false,
                "file_access": "visible"
            }
        ],
        "upload": false,
        "user": "U04TGBZ4XEX",
        "ts": "1698238541.012169",
        "blocks": [
            {
                "type": "rich_text",
                "block_id": "OB3X2",
                "elements": [
                    {
                        "type": "rich_text_section",
                        "elements": [
                            {
                                "type": "text",
                                "text": "cmd + shift + Rのリロードもやってみましたがこの状態でした "
                            },
                            {
                                "type": "emoji",
                                "name": "pray",
                                "unicode": "1f64f"
                            }
                        ]
                    }
                ]
            }
        ],
        "client_msg_id": "2181ca63-1637-4536-b2a9-831f00a56a72",
        "thread_ts": "1698237596.769789",
        "parent_user_id": "U04TGBZ4XEX",
        "reactions": [
            {
                "name": "smiling_face_with_tear",
                "users": [
                    "U04T9TDB58W"
                ],
                "count": 1
            }
        ]
    },
    {
        "client_msg_id": "227da4ca-2d2c-4ea6-ab64-283187f995f3",
        "type": "message",
        "text": "あ、わかった",
        "user": "U04T9TDB58W",
        "ts": "1698239885.008119",
        "blocks": [
            {
                "type": "rich_text",
                "block_id": "5wH2h",
                "elements": [
                    {
                        "type": "rich_text_section",
                        "elements": [
                            {
                                "type": "text",
                                "text": "あ、わかった"
                            }
                        ]
                    }
                ]
            }
        ],
        "team": "T04TGFGMK7C",
        "user_team": "T04TGFGMK7C",
        "source_team": "T04TGFGMK7C",
        "user_profile": {
            "avatar_hash": "183a619e0408",
            "image_72": "https:\/\/avatars.slack-edge.com\/2023-03-11\/4958815898464_183a619e0408c53031fd_72.jpg",
            "first_name": "Hibiki",
            "real_name": "Hibiki Mizuno",
            "display_name": "Jabelic スクラムマスター",
            "team": "T04TGFGMK7C",
            "name": "a2239hm",
            "is_restricted": false,
            "is_ultra_restricted": false
        }
    },
    {
        "client_msg_id": "8f0e3888-c229-4a51-a2d5-e3bb56bef63c",
        "type": "message",
        "text": "状態としては正しいかもです",
        "user": "U04T9TDB58W",
        "ts": "1698239893.053089",
        "blocks": [
            {
                "type": "rich_text",
                "block_id": "Qmyf4",
                "elements": [
                    {
                        "type": "rich_text_section",
                        "elements": [
                            {
                                "type": "text",
                                "text": "状態としては正しいかもです"
                            }
                        ]
                    }
                ]
            }
        ],
        "team": "T04TGFGMK7C",
        "user_team": "T04TGFGMK7C",
        "source_team": "T04TGFGMK7C",
        "user_profile": {
            "avatar_hash": "183a619e0408",
            "image_72": "https:\/\/avatars.slack-edge.com\/2023-03-11\/4958815898464_183a619e0408c53031fd_72.jpg",
            "first_name": "Hibiki",
            "real_name": "Hibiki Mizuno",
            "display_name": "Jabelic スクラムマスター",
            "team": "T04TGFGMK7C",
            "name": "a2239hm",
            "is_restricted": false,
            "is_ultra_restricted": false
        }
    },
    {
        "client_msg_id": "e064c5f8-6b80-46f8-927e-42fb60606b7c",
        "type": "message",
        "text": "ログインをしてください :pray: <@U04TGBZ4XEX> <@U04TV4NASPK>",
        "user": "U04T9TDB58W",
        "ts": "1698239910.329599",
        "blocks": [
            {
                "type": "rich_text",
                "block_id": "2O8p+",
                "elements": [
                    {
                        "type": "rich_text_section",
                        "elements": [
                            {
                                "type": "text",
                                "text": "ログインをしてください "
                            },
                            {
                                "type": "emoji",
                                "name": "pray",
                                "unicode": "1f64f"
                            },
                            {
                                "type": "text",
                                "text": " "
                            },
                            {
                                "type": "user",
                                "user_id": "U04TGBZ4XEX"
                            },
                            {
                                "type": "text",
                                "text": " "
                            },
                            {
                                "type": "user",
                                "user_id": "U04TV4NASPK"
                            }
                        ]
                    }
                ]
            }
        ],
        "team": "T04TGFGMK7C",
        "user_team": "T04TGFGMK7C",
        "source_team": "T04TGFGMK7C",
        "user_profile": {
            "avatar_hash": "183a619e0408",
            "image_72": "https:\/\/avatars.slack-edge.com\/2023-03-11\/4958815898464_183a619e0408c53031fd_72.jpg",
            "first_name": "Hibiki",
            "real_name": "Hibiki Mizuno",
            "display_name": "Jabelic スクラムマスター",
            "team": "T04TGFGMK7C",
            "name": "a2239hm",
            "is_restricted": false,
            "is_ultra_restricted": false
        },
        "reactions": [
            {
                "name": "woman-gesturing-ok",
                "users": [
                    "U04TGBZ4XEX"
                ],
                "count": 1
            }
        ]
    },
    {
        "client_msg_id": "ff3c0b4e-8fbf-4dec-bef5-bd12da0505c5",
        "type": "message",
        "text": "<@U04T9TDB58W>\nログインして商品追加後、リロードしたら即時反映されるようになりました:raised_hands:",
        "user": "U04TGBZ4XEX",
        "ts": "1698240222.096149",
        "blocks": [
            {
                "type": "rich_text",
                "block_id": "An8vv",
                "elements": [
                    {
                        "type": "rich_text_section",
                        "elements": [
                            {
                                "type": "user",
                                "user_id": "U04T9TDB58W"
                            },
                            {
                                "type": "text",
                                "text": "\nログインして商品追加後、リロードしたら即時反映されるようになりました"
                            },
                            {
                                "type": "emoji",
                                "name": "raised_hands",
                                "unicode": "1f64c"
                            }
                        ]
                    }
                ]
            }
        ],
        "team": "T04TGFGMK7C",
        "user_team": "T04TGFGMK7C",
        "source_team": "T04TGFGMK7C",
        "user_profile": {
            "avatar_hash": "824241a82bdf",
            "image_72": "https:\/\/avatars.slack-edge.com\/2023-05-03\/5205694948836_824241a82bdf37206daa_72.jpg",
            "first_name": "satoshi.​hirata",
            "real_name": "satoshi.​hirata",
            "display_name": "satoshi.hirata",
            "team": "T04TGFGMK7C",
            "name": "a2236sh",
            "is_restricted": false,
            "is_ultra_restricted": false
        },
        "edited": {
            "user": "U04TGBZ4XEX",
            "ts": "1698240284.000000"
        },
        "reactions": [
            {
                "name": "raised_hands",
                "users": [
                    "U04T9TDB58W"
                ],
                "count": 1
            }
        ]
    },
    {
        "client_msg_id": "09e6012a-69d3-4f55-9cbd-923109ecca91",
        "type": "message",
        "text": "ブラウザリロードすれば反映されます。",
        "user": "U04TV4NASPK",
        "ts": "1698242478.687029",
        "blocks": [
            {
                "type": "rich_text",
                "block_id": "ux3eM",
                "elements": [
                    {
                        "type": "rich_text_section",
                        "elements": [
                            {
                                "type": "text",
                                "text": "ブラウザリロードすれば反映されます。"
                            }
                        ]
                    }
                ]
            }
        ],
        "team": "T04TGFGMK7C",
        "user_team": "T04TGFGMK7C",
        "source_team": "T04TGFGMK7C",
        "user_profile": {
            "avatar_hash": "342942264635",
            "image_72": "https:\/\/avatars.slack-edge.com\/2023-03-11\/4927985433382_34294226463524804a2d_72.jpg",
            "first_name": "Nakayama",
            "real_name": "Nakayama Kenta",
            "display_name": "Nakayama",
            "team": "T04TGFGMK7C",
            "name": "a2231kn",
            "is_restricted": false,
            "is_ultra_restricted": false
        },
        "reactions": [
            {
                "name": "raised_hands",
                "users": [
                    "U04T9TDB58W"
                ],
                "count": 1
            }
        ]
    },
    {
        "client_msg_id": "098183f2-eff2-44b9-bdc6-9a311e6bc9ae",
        "type": "message",
        "text": "同じくログインしてリロードしたら追加されました！",
        "user": "U04U66DNCRE",
        "ts": "1698242852.246039",
        "blocks": [
            {
                "type": "rich_text",
                "block_id": "i9nDZ",
                "elements": [
                    {
                        "type": "rich_text_section",
                        "elements": [
                            {
                                "type": "text",
                                "text": "同じくログインしてリロードしたら追加されました！"
                            }
                        ]
                    }
                ]
            }
        ],
        "team": "T04TGFGMK7C",
        "user_team": "T04TGFGMK7C",
        "source_team": "T04TGFGMK7C",
        "user_profile": {
            "avatar_hash": "0e82c2c0bd34",
            "image_72": "https:\/\/avatars.slack-edge.com\/2023-04-25\/5161183917605_0e82c2c0bd34f978f1fd_72.jpg",
            "first_name": "Ohno",
            "real_name": "Ohno Hiroto",
            "display_name": "Ohno Hiroto",
            "team": "T04TGFGMK7C",
            "name": "a2206ho",
            "is_restricted": false,
            "is_ultra_restricted": false
        },
        "reactions": [
            {
                "name": "raised_hands",
                "users": [
                    "U04T9TDB58W"
                ],
                "count": 1
            }
        ]
    }
]