[
    {
        "client_msg_id": "2df372d6-ce20-44fa-9107-13f49d80b526",
        "type": "message",
        "text": "GKEが不安定らしい。インシデント多い",
        "user": "U04TV4NASPK",
        "ts": "1697291717.479879",
        "blocks": [
            {
                "type": "rich_text",
                "block_id": "CLkfs",
                "elements": [
                    {
                        "type": "rich_text_section",
                        "elements": [
                            {
                                "type": "text",
                                "text": "GKEが不安定らしい。インシデント多い"
                            }
                        ]
                    }
                ]
            }
        ],
        "team": "T04TGFGMK7C",
        "user_team": "T04TGFGMK7C",
        "source_team": "T04TGFGMK7C",
        "user_profile": {
            "avatar_hash": "342942264635",
            "image_72": "https:\/\/avatars.slack-edge.com\/2023-03-11\/4927985433382_34294226463524804a2d_72.jpg",
            "first_name": "Nakayama",
            "real_name": "Nakayama Kenta",
            "display_name": "Nakayama",
            "team": "T04TGFGMK7C",
            "name": "a2231kn",
            "is_restricted": false,
            "is_ultra_restricted": false
        },
        "thread_ts": "1697291717.479879",
        "reply_count": 5,
        "reply_users_count": 2,
        "latest_reply": "1697349655.220209",
        "reply_users": [
            "U04T201950F",
            "U04TV4NASPK"
        ],
        "replies": [
            {
                "user": "U04T201950F",
                "ts": "1697347596.993489"
            },
            {
                "user": "U04TV4NASPK",
                "ts": "1697348263.437999"
            },
            {
                "user": "U04T201950F",
                "ts": "1697348325.600449"
            },
            {
                "user": "U04TV4NASPK",
                "ts": "1697349575.443289"
            },
            {
                "user": "U04T201950F",
                "ts": "1697349655.220209"
            }
        ],
        "is_locked": false,
        "subscribed": false,
        "reactions": [
            {
                "name": "eyes",
                "users": [
                    "U04T9TDB58W",
                    "U04TGBZ4XEX"
                ],
                "count": 2
            }
        ]
    },
    {
        "client_msg_id": "71fbdbd2-4e28-4c31-bfd8-476c3525061e",
        "type": "message",
        "text": "知人も画像の分類コサイン類似度で行っていた。割と精度はいいらしい。",
        "user": "U04TV4NASPK",
        "ts": "1697291747.504009",
        "blocks": [
            {
                "type": "rich_text",
                "block_id": "S4tL5",
                "elements": [
                    {
                        "type": "rich_text_section",
                        "elements": [
                            {
                                "type": "text",
                                "text": "知人も画像の分類コサイン類似度で行っていた。割と精度はいいらしい。"
                            }
                        ]
                    }
                ]
            }
        ],
        "team": "T04TGFGMK7C",
        "user_team": "T04TGFGMK7C",
        "source_team": "T04TGFGMK7C",
        "user_profile": {
            "avatar_hash": "342942264635",
            "image_72": "https:\/\/avatars.slack-edge.com\/2023-03-11\/4927985433382_34294226463524804a2d_72.jpg",
            "first_name": "Nakayama",
            "real_name": "Nakayama Kenta",
            "display_name": "Nakayama",
            "team": "T04TGFGMK7C",
            "name": "a2231kn",
            "is_restricted": false,
            "is_ultra_restricted": false
        }
    },
    {
        "client_msg_id": "7c0fb3c2-90db-4788-ae67-e3d4349a18f4",
        "type": "message",
        "text": "次の会社GCPだから使うことになるかなと思ったけど、そんな感じなんですね。\nちょっと動向追います",
        "user": "U04T201950F",
        "ts": "1697347596.993489",
        "blocks": [
            {
                "type": "rich_text",
                "block_id": "BWhWN",
                "elements": [
                    {
                        "type": "rich_text_section",
                        "elements": [
                            {
                                "type": "text",
                                "text": "次の会社GCPだから使うことになるかなと思ったけど、そんな感じなんですね。\nちょっと動向追います"
                            }
                        ]
                    }
                ]
            }
        ],
        "team": "T04TGFGMK7C",
        "user_team": "T04TGFGMK7C",
        "source_team": "T04TGFGMK7C",
        "user_profile": {
            "avatar_hash": "37195c285ebd",
            "image_72": "https:\/\/avatars.slack-edge.com\/2023-04-26\/5193192270752_37195c285ebdc8d65709_72.jpg",
            "first_name": "Dai",
            "real_name": "Dai Miyahara",
            "display_name": "Dai Miyahara",
            "team": "T04TGFGMK7C",
            "name": "a2240dm",
            "is_restricted": false,
            "is_ultra_restricted": false
        },
        "thread_ts": "1697291717.479879",
        "parent_user_id": "U04TV4NASPK"
    },
    {
        "client_msg_id": "385f7fab-128b-4fc1-a01d-e66c4ae08a4f",
        "type": "message",
        "text": "AWSよりよしなにオートスケーリングやってくれるけど、よしなにがブラックボックスだからあまり好きではない。",
        "user": "U04TV4NASPK",
        "ts": "1697348263.437999",
        "blocks": [
            {
                "type": "rich_text",
                "block_id": "RsO\/Q",
                "elements": [
                    {
                        "type": "rich_text_section",
                        "elements": [
                            {
                                "type": "text",
                                "text": "AWSよりよしなにオートスケーリングやってくれるけど、よしなにがブラックボックスだからあまり好きではない。"
                            }
                        ]
                    }
                ]
            }
        ],
        "team": "T04TGFGMK7C",
        "user_team": "T04TGFGMK7C",
        "source_team": "T04TGFGMK7C",
        "user_profile": {
            "avatar_hash": "342942264635",
            "image_72": "https:\/\/avatars.slack-edge.com\/2023-03-11\/4927985433382_34294226463524804a2d_72.jpg",
            "first_name": "Nakayama",
            "real_name": "Nakayama Kenta",
            "display_name": "Nakayama",
            "team": "T04TGFGMK7C",
            "name": "a2231kn",
            "is_restricted": false,
            "is_ultra_restricted": false
        },
        "thread_ts": "1697291717.479879",
        "parent_user_id": "U04TV4NASPK"
    },
    {
        "client_msg_id": "46f727ab-4e49-4854-a3bb-56c436e1f41d",
        "type": "message",
        "text": "よしななブラックボックスとかやめてほしいw\n要件によってはAWSで提案しようかな…設計から関わりそうなので:sweat_drops:",
        "user": "U04T201950F",
        "ts": "1697348325.600449",
        "blocks": [
            {
                "type": "rich_text",
                "block_id": "C7eEA",
                "elements": [
                    {
                        "type": "rich_text_section",
                        "elements": [
                            {
                                "type": "text",
                                "text": "よしななブラックボックスとかやめてほしいw\n要件によってはAWSで提案しようかな…設計から関わりそうなので"
                            },
                            {
                                "type": "emoji",
                                "name": "sweat_drops",
                                "unicode": "1f4a6"
                            }
                        ]
                    }
                ]
            }
        ],
        "team": "T04TGFGMK7C",
        "user_team": "T04TGFGMK7C",
        "source_team": "T04TGFGMK7C",
        "user_profile": {
            "avatar_hash": "37195c285ebd",
            "image_72": "https:\/\/avatars.slack-edge.com\/2023-04-26\/5193192270752_37195c285ebdc8d65709_72.jpg",
            "first_name": "Dai",
            "real_name": "Dai Miyahara",
            "display_name": "Dai Miyahara",
            "team": "T04TGFGMK7C",
            "name": "a2240dm",
            "is_restricted": false,
            "is_ultra_restricted": false
        },
        "thread_ts": "1697291717.479879",
        "parent_user_id": "U04TV4NASPK"
    },
    {
        "client_msg_id": "daf3e6e4-f6a0-406a-9482-92034bffc91c",
        "type": "message",
        "text": "値段はAWSより安いらしい。",
        "user": "U04TV4NASPK",
        "ts": "1697349575.443289",
        "blocks": [
            {
                "type": "rich_text",
                "block_id": "v6oUO",
                "elements": [
                    {
                        "type": "rich_text_section",
                        "elements": [
                            {
                                "type": "text",
                                "text": "値段はAWSより安いらしい。"
                            }
                        ]
                    }
                ]
            }
        ],
        "team": "T04TGFGMK7C",
        "user_team": "T04TGFGMK7C",
        "source_team": "T04TGFGMK7C",
        "user_profile": {
            "avatar_hash": "342942264635",
            "image_72": "https:\/\/avatars.slack-edge.com\/2023-03-11\/4927985433382_34294226463524804a2d_72.jpg",
            "first_name": "Nakayama",
            "real_name": "Nakayama Kenta",
            "display_name": "Nakayama",
            "team": "T04TGFGMK7C",
            "name": "a2231kn",
            "is_restricted": false,
            "is_ultra_restricted": false
        },
        "thread_ts": "1697291717.479879",
        "parent_user_id": "U04TV4NASPK"
    },
    {
        "client_msg_id": "4b1a089a-8899-4ca1-afad-2d91fa228139",
        "type": "message",
        "text": "そこなんですよね。だから受託案件とかでクライアントに提示する場合、GCPを採用することが多いっていう… :money_with_wings:",
        "user": "U04T201950F",
        "ts": "1697349655.220209",
        "blocks": [
            {
                "type": "rich_text",
                "block_id": "a3rl9",
                "elements": [
                    {
                        "type": "rich_text_section",
                        "elements": [
                            {
                                "type": "text",
                                "text": "そこなんですよね。だから受託案件とかでクライアントに提示する場合、GCPを採用することが多いっていう… "
                            },
                            {
                                "type": "emoji",
                                "name": "money_with_wings",
                                "unicode": "1f4b8"
                            }
                        ]
                    }
                ]
            }
        ],
        "team": "T04TGFGMK7C",
        "user_team": "T04TGFGMK7C",
        "source_team": "T04TGFGMK7C",
        "user_profile": {
            "avatar_hash": "37195c285ebd",
            "image_72": "https:\/\/avatars.slack-edge.com\/2023-04-26\/5193192270752_37195c285ebdc8d65709_72.jpg",
            "first_name": "Dai",
            "real_name": "Dai Miyahara",
            "display_name": "Dai Miyahara",
            "team": "T04TGFGMK7C",
            "name": "a2240dm",
            "is_restricted": false,
            "is_ultra_restricted": false
        },
        "thread_ts": "1697291717.479879",
        "parent_user_id": "U04TV4NASPK"
    }
]