[
    {
        "client_msg_id": "de3629fd-63d1-4951-bb42-6fb52339d787",
        "type": "message",
        "text": "私用終わらせて、午後からやる予定",
        "user": "U04TV4NASPK",
        "ts": "1697850325.525409",
        "blocks": [
            {
                "type": "rich_text",
                "block_id": "W8s3z",
                "elements": [
                    {
                        "type": "rich_text_section",
                        "elements": [
                            {
                                "type": "text",
                                "text": "私用終わらせて、午後からやる予定"
                            }
                        ]
                    }
                ]
            }
        ],
        "team": "T04TGFGMK7C",
        "user_team": "T04TGFGMK7C",
        "source_team": "T04TGFGMK7C",
        "user_profile": {
            "avatar_hash": "342942264635",
            "image_72": "https:\/\/avatars.slack-edge.com\/2023-03-11\/4927985433382_34294226463524804a2d_72.jpg",
            "first_name": "Nakayama",
            "real_name": "Nakayama Kenta",
            "display_name": "Nakayama",
            "team": "T04TGFGMK7C",
            "name": "a2231kn",
            "is_restricted": false,
            "is_ultra_restricted": false
        }
    },
    {
        "client_msg_id": "a7f715c9-98f2-4c1b-bdd6-74d0d09bfffd",
        "type": "message",
        "text": "GKEのpodが無駄にリスタートするのなんやろ。",
        "user": "U04TV4NASPK",
        "ts": "1697850349.536179",
        "blocks": [
            {
                "type": "rich_text",
                "block_id": "ywXmi",
                "elements": [
                    {
                        "type": "rich_text_section",
                        "elements": [
                            {
                                "type": "text",
                                "text": "GKEのpodが無駄にリスタートするのなんやろ。"
                            }
                        ]
                    }
                ]
            }
        ],
        "team": "T04TGFGMK7C",
        "user_team": "T04TGFGMK7C",
        "source_team": "T04TGFGMK7C",
        "user_profile": {
            "avatar_hash": "342942264635",
            "image_72": "https:\/\/avatars.slack-edge.com\/2023-03-11\/4927985433382_34294226463524804a2d_72.jpg",
            "first_name": "Nakayama",
            "real_name": "Nakayama Kenta",
            "display_name": "Nakayama",
            "team": "T04TGFGMK7C",
            "name": "a2231kn",
            "is_restricted": false,
            "is_ultra_restricted": false
        }
    }
]