[
    {
        "client_msg_id": "db1c5c1b-ebd8-4808-9c46-ea2eabecc980",
        "type": "message",
        "text": "TODO::マンスリーミーティングの設定",
        "user": "U04TV4NASPK",
        "ts": "1697548336.458319",
        "blocks": [
            {
                "type": "rich_text",
                "block_id": "W2oIx",
                "elements": [
                    {
                        "type": "rich_text_section",
                        "elements": [
                            {
                                "type": "text",
                                "text": "TODO::マンスリーミーティングの設定"
                            }
                        ]
                    }
                ]
            }
        ],
        "team": "T04TGFGMK7C",
        "user_team": "T04TGFGMK7C",
        "source_team": "T04TGFGMK7C",
        "user_profile": {
            "avatar_hash": "342942264635",
            "image_72": "https:\/\/avatars.slack-edge.com\/2023-03-11\/4927985433382_34294226463524804a2d_72.jpg",
            "first_name": "Nakayama",
            "real_name": "Nakayama Kenta",
            "display_name": "Nakayama",
            "team": "T04TGFGMK7C",
            "name": "a2231kn",
            "is_restricted": false,
            "is_ultra_restricted": false
        }
    },
    {
        "type": "message",
        "text": "FBについてのお気持ち",
        "files": [
            {
                "id": "F061WD6L3L1",
                "created": 1697554325,
                "timestamp": 1697554325,
                "name": "16975543074597878276828933237887.jpg",
                "title": "16975543074597878276828933237887.jpg",
                "mimetype": "image\/jpeg",
                "filetype": "jpg",
                "pretty_type": "JPEG",
                "user": "U04TV4NASPK",
                "user_team": "T04TGFGMK7C",
                "editable": false,
                "size": 9686,
                "mode": "hosted",
                "is_external": false,
                "external_type": "",
                "is_public": true,
                "public_url_shared": false,
                "display_as_bot": false,
                "username": "",
                "url_private": "https:\/\/files.slack.com\/files-pri\/T04TGFGMK7C-F061WD6L3L1\/16975543074597878276828933237887.jpg?t=xoxe-4934526733250-6397687879216-6360367946327-fc1a6eed2fc8fac326fea1f2a3ab7c6e",
                "url_private_download": "https:\/\/files.slack.com\/files-pri\/T04TGFGMK7C-F061WD6L3L1\/download\/16975543074597878276828933237887.jpg?t=xoxe-4934526733250-6397687879216-6360367946327-fc1a6eed2fc8fac326fea1f2a3ab7c6e",
                "media_display_type": "unknown",
                "thumb_64": "https:\/\/files.slack.com\/files-tmb\/T04TGFGMK7C-F061WD6L3L1-47d9be0c75\/16975543074597878276828933237887_64.jpg?t=xoxe-4934526733250-6397687879216-6360367946327-fc1a6eed2fc8fac326fea1f2a3ab7c6e",
                "thumb_80": "https:\/\/files.slack.com\/files-tmb\/T04TGFGMK7C-F061WD6L3L1-47d9be0c75\/16975543074597878276828933237887_80.jpg?t=xoxe-4934526733250-6397687879216-6360367946327-fc1a6eed2fc8fac326fea1f2a3ab7c6e",
                "thumb_360": "https:\/\/files.slack.com\/files-tmb\/T04TGFGMK7C-F061WD6L3L1-47d9be0c75\/16975543074597878276828933237887_360.jpg?t=xoxe-4934526733250-6397687879216-6360367946327-fc1a6eed2fc8fac326fea1f2a3ab7c6e",
                "thumb_360_w": 200,
                "thumb_360_h": 263,
                "thumb_160": "https:\/\/files.slack.com\/files-tmb\/T04TGFGMK7C-F061WD6L3L1-47d9be0c75\/16975543074597878276828933237887_160.jpg?t=xoxe-4934526733250-6397687879216-6360367946327-fc1a6eed2fc8fac326fea1f2a3ab7c6e",
                "original_w": 200,
                "original_h": 263,
                "thumb_tiny": "AwAwACS48cSp\/q0zjJO3pQkUbc+WuOCMU587X5x8uBmlZtis\/UAACgCMxwh8GMDPAyM0giTbllXoQfkHWgz8khTk+pp0R3qG2jIY5\/GgLkE0aZUqq4Kg9Ki8tf7q\/lU1xGd6jJOF+neovKPqaALWCUA5HHY\/p\/ntUjKAoB6E8+9NQgrkc4wf0p+RICp4PpQBFgYwIgCT8ue\/+FPYAbeNhzjilUsi\/PlvcUEO7gjAUeo5NAEM4w4yc8d6jxUl1\/rB9KhwaALW7CxhRljjP0pPmbLDG3qp7ikhmjWJQW5x6Gn+fFgjcB9RigCRWDKCO9LVaOdQcFlCipPtEXZwfpzQAydSXGD2qPYfWpWmiJ+9+hpvmRf3h+RoA\/\/Z",
                "permalink": "https:\/\/chubachi-pt-2023.slack.com\/files\/U04TV4NASPK\/F061WD6L3L1\/16975543074597878276828933237887.jpg",
                "permalink_public": "https:\/\/slack-files.com\/T04TGFGMK7C-F061WD6L3L1-f4eefb0e51",
                "is_starred": false,
                "has_rich_preview": false,
                "file_access": "visible"
            }
        ],
        "upload": false,
        "user": "U04TV4NASPK",
        "display_as_bot": false,
        "ts": "1697554336.183739",
        "blocks": [
            {
                "type": "rich_text",
                "block_id": "Lgz\/m",
                "elements": [
                    {
                        "type": "rich_text_section",
                        "elements": [
                            {
                                "type": "text",
                                "text": "FBについてのお気持ち"
                            }
                        ]
                    }
                ]
            }
        ],
        "client_msg_id": "9b9d8aaf-c0fa-4c40-8531-578f564946cd",
        "reactions": [
            {
                "name": "rolling_on_the_floor_laughing",
                "users": [
                    "U04T201950F"
                ],
                "count": 1
            },
            {
                "name": "grin",
                "users": [
                    "U04TGBZ4XEX"
                ],
                "count": 1
            }
        ]
    }
]