[
    {
        "client_msg_id": "eb40e0b0-59c3-40ad-82a6-d654f61a9943",
        "type": "message",
        "text": "<https:\/\/youtu.be\/-4gws4PIdjM?si=ocJvtXQb87WEyY38|https:\/\/youtu.be\/-4gws4PIdjM?si=ocJvtXQb87WEyY38>",
        "user": "U04TV4NASPK",
        "ts": "1698071616.990539",
        "blocks": [
            {
                "type": "rich_text",
                "block_id": "EHrqM",
                "elements": [
                    {
                        "type": "rich_text_section",
                        "elements": [
                            {
                                "type": "link",
                                "url": "https:\/\/youtu.be\/-4gws4PIdjM?si=ocJvtXQb87WEyY38",
                                "text": "https:\/\/youtu.be\/-4gws4PIdjM?si=ocJvtXQb87WEyY38"
                            }
                        ]
                    }
                ]
            }
        ],
        "team": "T04TGFGMK7C",
        "user_team": "T04TGFGMK7C",
        "source_team": "T04TGFGMK7C",
        "user_profile": {
            "avatar_hash": "342942264635",
            "image_72": "https:\/\/avatars.slack-edge.com\/2023-03-11\/4927985433382_34294226463524804a2d_72.jpg",
            "first_name": "Nakayama",
            "real_name": "Nakayama Kenta",
            "display_name": "Nakayama",
            "team": "T04TGFGMK7C",
            "name": "a2231kn",
            "is_restricted": false,
            "is_ultra_restricted": false
        },
        "attachments": [
            {
                "from_url": "https:\/\/youtu.be\/-4gws4PIdjM?si=ocJvtXQb87WEyY38",
                "service_icon": "https:\/\/a.slack-edge.com\/80588\/img\/unfurl_icons\/youtube.png",
                "thumb_url": "https:\/\/i.ytimg.com\/vi\/-4gws4PIdjM\/hqdefault.jpg",
                "thumb_width": 480,
                "thumb_height": 360,
                "video_html": "<iframe width=\"400\" height=\"225\" src=\"https:\/\/www.youtube.com\/embed\/-4gws4PIdjM?feature=oembed&autoplay=1&iv_load_policy=3\" frameborder=\"0\" allow=\"accelerometer; autoplay; clipboard-write; encrypted-media; gyroscope; picture-in-picture; web-share\" allowfullscreen title=\"1鍋68円。豆腐だけでこんなにウマくていいのか【虚無スンドゥブ】\"><\/iframe>",
                "video_html_width": 400,
                "video_html_height": 225,
                "id": 1,
                "original_url": "https:\/\/youtu.be\/-4gws4PIdjM?si=ocJvtXQb87WEyY38",
                "fallback": "YouTube Video: 1鍋68円。豆腐だけでこんなにウマくていいのか【虚無スンドゥブ】",
                "title": "1鍋68円。豆腐だけでこんなにウマくていいのか【虚無スンドゥブ】",
                "title_link": "https:\/\/youtu.be\/-4gws4PIdjM?si=ocJvtXQb87WEyY38",
                "author_name": "料理研究家リュウジのバズレシピ",
                "author_link": "https:\/\/www.youtube.com\/@ryuji825",
                "service_name": "YouTube",
                "service_url": "https:\/\/www.youtube.com\/"
            }
        ],
        "reactions": [
            {
                "name": "stew",
                "users": [
                    "U04TGBZ4XEX",
                    "U04T9TDB58W"
                ],
                "count": 2
            }
        ]
    },
    {
        "client_msg_id": "c2f0bd43-0d5f-442e-aeb2-ac27ae1bcf71",
        "type": "message",
        "text": "これ美味すぎてよく作る。酒と合う。",
        "user": "U04TV4NASPK",
        "ts": "1698071658.566049",
        "blocks": [
            {
                "type": "rich_text",
                "block_id": "BcceQ",
                "elements": [
                    {
                        "type": "rich_text_section",
                        "elements": [
                            {
                                "type": "text",
                                "text": "これ美味すぎてよく作る。酒と合う。"
                            }
                        ]
                    }
                ]
            }
        ],
        "team": "T04TGFGMK7C",
        "user_team": "T04TGFGMK7C",
        "source_team": "T04TGFGMK7C",
        "user_profile": {
            "avatar_hash": "342942264635",
            "image_72": "https:\/\/avatars.slack-edge.com\/2023-03-11\/4927985433382_34294226463524804a2d_72.jpg",
            "first_name": "Nakayama",
            "real_name": "Nakayama Kenta",
            "display_name": "Nakayama",
            "team": "T04TGFGMK7C",
            "name": "a2231kn",
            "is_restricted": false,
            "is_ultra_restricted": false
        }
    }
]