[
    {
        "client_msg_id": "a7731490-2df8-4344-8721-75bbc230431b",
        "type": "message",
        "text": "再開",
        "user": "U04TV4NASPK",
        "ts": "1697353374.658019",
        "blocks": [
            {
                "type": "rich_text",
                "block_id": "0ahBL",
                "elements": [
                    {
                        "type": "rich_text_section",
                        "elements": [
                            {
                                "type": "text",
                                "text": "再開"
                            }
                        ]
                    }
                ]
            }
        ],
        "team": "T04TGFGMK7C",
        "user_team": "T04TGFGMK7C",
        "source_team": "T04TGFGMK7C",
        "user_profile": {
            "avatar_hash": "342942264635",
            "image_72": "https:\/\/avatars.slack-edge.com\/2023-03-11\/4927985433382_34294226463524804a2d_72.jpg",
            "first_name": "Nakayama",
            "real_name": "Nakayama Kenta",
            "display_name": "Nakayama",
            "team": "T04TGFGMK7C",
            "name": "a2231kn",
            "is_restricted": false,
            "is_ultra_restricted": false
        },
        "thread_ts": "1697341832.076069",
        "parent_user_id": "U04TV4NASPK"
    },
    {
        "client_msg_id": "f40d2950-43ee-4ba5-9069-88afbe52e6f6",
        "type": "message",
        "text": "帰宅するので一旦作業中断",
        "user": "U04T201950F",
        "ts": "1697357434.847759",
        "blocks": [
            {
                "type": "rich_text",
                "block_id": "d9yBl",
                "elements": [
                    {
                        "type": "rich_text_section",
                        "elements": [
                            {
                                "type": "text",
                                "text": "帰宅するので一旦作業中断"
                            }
                        ]
                    }
                ]
            }
        ],
        "team": "T04TGFGMK7C",
        "user_team": "T04TGFGMK7C",
        "source_team": "T04TGFGMK7C",
        "user_profile": {
            "avatar_hash": "37195c285ebd",
            "image_72": "https:\/\/avatars.slack-edge.com\/2023-04-26\/5193192270752_37195c285ebdc8d65709_72.jpg",
            "first_name": "Dai",
            "real_name": "Dai Miyahara",
            "display_name": "Dai Miyahara",
            "team": "T04TGFGMK7C",
            "name": "a2240dm",
            "is_restricted": false,
            "is_ultra_restricted": false
        }
    },
    {
        "client_msg_id": "c3e80068-9dec-47b1-984e-77602abc59f7",
        "type": "message",
        "text": "一旦休憩。21時以降に再開",
        "user": "U04TV4NASPK",
        "ts": "1697361870.166209",
        "blocks": [
            {
                "type": "rich_text",
                "block_id": "RWksL",
                "elements": [
                    {
                        "type": "rich_text_section",
                        "elements": [
                            {
                                "type": "text",
                                "text": "一旦休憩。21時以降に再開"
                            }
                        ]
                    }
                ]
            }
        ],
        "team": "T04TGFGMK7C",
        "user_team": "T04TGFGMK7C",
        "source_team": "T04TGFGMK7C",
        "user_profile": {
            "avatar_hash": "342942264635",
            "image_72": "https:\/\/avatars.slack-edge.com\/2023-03-11\/4927985433382_34294226463524804a2d_72.jpg",
            "first_name": "Nakayama",
            "real_name": "Nakayama Kenta",
            "display_name": "Nakayama",
            "team": "T04TGFGMK7C",
            "name": "a2231kn",
            "is_restricted": false,
            "is_ultra_restricted": false
        },
        "thread_ts": "1697341832.076069",
        "parent_user_id": "U04TV4NASPK"
    },
    {
        "client_msg_id": "d406d098-c358-475e-87d0-4786ef1e4fd4",
        "type": "message",
        "text": "22時からやります",
        "user": "U04TV4NASPK",
        "ts": "1697373837.451439",
        "blocks": [
            {
                "type": "rich_text",
                "block_id": "gXUAy",
                "elements": [
                    {
                        "type": "rich_text_section",
                        "elements": [
                            {
                                "type": "text",
                                "text": "22時からやります"
                            }
                        ]
                    }
                ]
            }
        ],
        "team": "T04TGFGMK7C",
        "user_team": "T04TGFGMK7C",
        "source_team": "T04TGFGMK7C",
        "user_profile": {
            "avatar_hash": "342942264635",
            "image_72": "https:\/\/avatars.slack-edge.com\/2023-03-11\/4927985433382_34294226463524804a2d_72.jpg",
            "first_name": "Nakayama",
            "real_name": "Nakayama Kenta",
            "display_name": "Nakayama",
            "team": "T04TGFGMK7C",
            "name": "a2231kn",
            "is_restricted": false,
            "is_ultra_restricted": false
        },
        "thread_ts": "1697341832.076069",
        "parent_user_id": "U04TV4NASPK"
    }
]