[
    {
        "client_msg_id": "6417e9a8-243e-466a-ab25-bc044bfdc588",
        "type": "message",
        "text": "starting work",
        "user": "U04U66DSPEU",
        "ts": "1697277339.137289",
        "blocks": [
            {
                "type": "rich_text",
                "block_id": "I1DHB",
                "elements": [
                    {
                        "type": "rich_text_section",
                        "elements": [
                            {
                                "type": "text",
                                "text": "starting work"
                            }
                        ]
                    }
                ]
            }
        ],
        "team": "T04TGFGMK7C",
        "user_team": "T04TGFGMK7C",
        "source_team": "T04TGFGMK7C",
        "user_profile": {
            "avatar_hash": "eded816e5002",
            "image_72": "https:\/\/avatars.slack-edge.com\/2023-04-25\/5164292307843_eded816e5002d89cd475_72.png",
            "first_name": "FABIAN",
            "real_name": "FABIAN M. FERNANDEZ",
            "display_name": "Fernandez",
            "team": "T04TGFGMK7C",
            "name": "a2237mf",
            "is_restricted": false,
            "is_ultra_restricted": false
        }
    },
    {
        "client_msg_id": "624b235b-b60e-47b3-82e2-e7aecfbab4d7",
        "type": "message",
        "text": "休憩",
        "user": "U04TV4NASPK",
        "ts": "1697280763.950129",
        "blocks": [
            {
                "type": "rich_text",
                "block_id": "BDqno",
                "elements": [
                    {
                        "type": "rich_text_section",
                        "elements": [
                            {
                                "type": "text",
                                "text": "休憩"
                            }
                        ]
                    }
                ]
            }
        ],
        "team": "T04TGFGMK7C",
        "user_team": "T04TGFGMK7C",
        "source_team": "T04TGFGMK7C",
        "user_profile": {
            "avatar_hash": "342942264635",
            "image_72": "https:\/\/avatars.slack-edge.com\/2023-03-11\/4927985433382_34294226463524804a2d_72.jpg",
            "first_name": "Nakayama",
            "real_name": "Nakayama Kenta",
            "display_name": "Nakayama",
            "team": "T04TGFGMK7C",
            "name": "a2231kn",
            "is_restricted": false,
            "is_ultra_restricted": false
        },
        "thread_ts": "1697262695.538319",
        "parent_user_id": "U04TV4NASPK"
    },
    {
        "type": "message",
        "subtype": "thread_broadcast",
        "text": "21時ぐらいから再開",
        "user": "U04TV4NASPK",
        "ts": "1697281753.544009",
        "thread_ts": "1697262695.538319",
        "root": {
            "client_msg_id": "de92c2c0-3cba-4243-8db3-e956b6a45972",
            "type": "message",
            "text": "15時からスタート",
            "user": "U04TV4NASPK",
            "ts": "1697262695.538319",
            "blocks": [
                {
                    "type": "rich_text",
                    "block_id": "APF2E",
                    "elements": [
                        {
                            "type": "rich_text_section",
                            "elements": [
                                {
                                    "type": "text",
                                    "text": "15時からスタート"
                                }
                            ]
                        }
                    ]
                }
            ],
            "team": "T04TGFGMK7C",
            "thread_ts": "1697262695.538319",
            "reply_count": 3,
            "reply_users_count": 1,
            "latest_reply": "1697285977.204969",
            "reply_users": [
                "U04TV4NASPK"
            ],
            "replies": [
                {
                    "user": "U04TV4NASPK",
                    "ts": "1697280763.950129"
                },
                {
                    "user": "U04TV4NASPK",
                    "ts": "1697281753.544009"
                },
                {
                    "user": "U04TV4NASPK",
                    "ts": "1697285977.204969"
                }
            ],
            "is_locked": false,
            "subscribed": false
        },
        "blocks": [
            {
                "type": "rich_text",
                "block_id": "rZ03Y",
                "elements": [
                    {
                        "type": "rich_text_section",
                        "elements": [
                            {
                                "type": "text",
                                "text": "21時ぐらいから再開"
                            }
                        ]
                    }
                ]
            }
        ],
        "client_msg_id": "7653aeeb-cd7b-42c8-8689-0e47e65ef09d"
    },
    {
        "client_msg_id": "102c9bea-9131-476e-abc8-391c0c0847a9",
        "type": "message",
        "text": "more work",
        "user": "U04U66DSPEU",
        "ts": "1697285549.332729",
        "blocks": [
            {
                "type": "rich_text",
                "block_id": "0Njzp",
                "elements": [
                    {
                        "type": "rich_text_section",
                        "elements": [
                            {
                                "type": "text",
                                "text": "more work"
                            }
                        ]
                    }
                ]
            }
        ],
        "team": "T04TGFGMK7C",
        "user_team": "T04TGFGMK7C",
        "source_team": "T04TGFGMK7C",
        "user_profile": {
            "avatar_hash": "eded816e5002",
            "image_72": "https:\/\/avatars.slack-edge.com\/2023-04-25\/5164292307843_eded816e5002d89cd475_72.png",
            "first_name": "FABIAN",
            "real_name": "FABIAN M. FERNANDEZ",
            "display_name": "Fernandez",
            "team": "T04TGFGMK7C",
            "name": "a2237mf",
            "is_restricted": false,
            "is_ultra_restricted": false
        }
    },
    {
        "client_msg_id": "db27680f-3694-4751-b984-434579942aca",
        "type": "message",
        "text": "再開します",
        "user": "U04TV4NASPK",
        "ts": "1697285977.204969",
        "blocks": [
            {
                "type": "rich_text",
                "block_id": "BQRQ1",
                "elements": [
                    {
                        "type": "rich_text_section",
                        "elements": [
                            {
                                "type": "text",
                                "text": "再開します"
                            }
                        ]
                    }
                ]
            }
        ],
        "team": "T04TGFGMK7C",
        "user_team": "T04TGFGMK7C",
        "source_team": "T04TGFGMK7C",
        "user_profile": {
            "avatar_hash": "342942264635",
            "image_72": "https:\/\/avatars.slack-edge.com\/2023-03-11\/4927985433382_34294226463524804a2d_72.jpg",
            "first_name": "Nakayama",
            "real_name": "Nakayama Kenta",
            "display_name": "Nakayama",
            "team": "T04TGFGMK7C",
            "name": "a2231kn",
            "is_restricted": false,
            "is_ultra_restricted": false
        },
        "thread_ts": "1697262695.538319",
        "parent_user_id": "U04TV4NASPK"
    },
    {
        "client_msg_id": "a50f3a69-b135-470b-9058-39958e05c5b1",
        "type": "message",
        "text": "13時から",
        "user": "U04TV4NASPK",
        "ts": "1697341832.076069",
        "blocks": [
            {
                "type": "rich_text",
                "block_id": "rHFK5",
                "elements": [
                    {
                        "type": "rich_text_section",
                        "elements": [
                            {
                                "type": "text",
                                "text": "13時から"
                            }
                        ]
                    }
                ]
            }
        ],
        "team": "T04TGFGMK7C",
        "user_team": "T04TGFGMK7C",
        "source_team": "T04TGFGMK7C",
        "user_profile": {
            "avatar_hash": "342942264635",
            "image_72": "https:\/\/avatars.slack-edge.com\/2023-03-11\/4927985433382_34294226463524804a2d_72.jpg",
            "first_name": "Nakayama",
            "real_name": "Nakayama Kenta",
            "display_name": "Nakayama",
            "team": "T04TGFGMK7C",
            "name": "a2231kn",
            "is_restricted": false,
            "is_ultra_restricted": false
        },
        "thread_ts": "1697341832.076069",
        "reply_count": 4,
        "reply_users_count": 1,
        "latest_reply": "1697373837.451439",
        "reply_users": [
            "U04TV4NASPK"
        ],
        "replies": [
            {
                "user": "U04TV4NASPK",
                "ts": "1697352505.331139"
            },
            {
                "user": "U04TV4NASPK",
                "ts": "1697353374.658019"
            },
            {
                "user": "U04TV4NASPK",
                "ts": "1697361870.166209"
            },
            {
                "user": "U04TV4NASPK",
                "ts": "1697373837.451439"
            }
        ],
        "is_locked": false,
        "subscribed": false
    },
    {
        "client_msg_id": "4a63857d-03d3-407e-9519-3d188bb41500",
        "type": "message",
        "text": "14時から作業してます",
        "user": "U04T201950F",
        "ts": "1697346630.794999",
        "blocks": [
            {
                "type": "rich_text",
                "block_id": "gjZQy",
                "elements": [
                    {
                        "type": "rich_text_section",
                        "elements": [
                            {
                                "type": "text",
                                "text": "14時から作業してます"
                            }
                        ]
                    }
                ]
            }
        ],
        "team": "T04TGFGMK7C",
        "user_team": "T04TGFGMK7C",
        "source_team": "T04TGFGMK7C",
        "user_profile": {
            "avatar_hash": "37195c285ebd",
            "image_72": "https:\/\/avatars.slack-edge.com\/2023-04-26\/5193192270752_37195c285ebdc8d65709_72.jpg",
            "first_name": "Dai",
            "real_name": "Dai Miyahara",
            "display_name": "Dai Miyahara",
            "team": "T04TGFGMK7C",
            "name": "a2240dm",
            "is_restricted": false,
            "is_ultra_restricted": false
        }
    },
    {
        "client_msg_id": "8AE62215-938C-49B1-9406-209AB44F99C2",
        "type": "message",
        "text": "夕方から作業です",
        "user": "U04U66DNCRE",
        "ts": "1697351462.753589",
        "blocks": [
            {
                "type": "rich_text",
                "block_id": "7SZWJ",
                "elements": [
                    {
                        "type": "rich_text_section",
                        "elements": [
                            {
                                "type": "text",
                                "text": "夕方から作業です"
                            }
                        ]
                    }
                ]
            }
        ],
        "team": "T04TGFGMK7C",
        "user_team": "T04TGFGMK7C",
        "source_team": "T04TGFGMK7C",
        "user_profile": {
            "avatar_hash": "0e82c2c0bd34",
            "image_72": "https:\/\/avatars.slack-edge.com\/2023-04-25\/5161183917605_0e82c2c0bd34f978f1fd_72.jpg",
            "first_name": "Ohno",
            "real_name": "Ohno Hiroto",
            "display_name": "Ohno Hiroto",
            "team": "T04TGFGMK7C",
            "name": "a2206ho",
            "is_restricted": false,
            "is_ultra_restricted": false
        }
    },
    {
        "client_msg_id": "c1ea7ca0-6434-46f8-b30c-e3579443d13b",
        "type": "message",
        "text": "休憩",
        "user": "U04TV4NASPK",
        "ts": "1697352505.331139",
        "blocks": [
            {
                "type": "rich_text",
                "block_id": "OpA6h",
                "elements": [
                    {
                        "type": "rich_text_section",
                        "elements": [
                            {
                                "type": "text",
                                "text": "休憩"
                            }
                        ]
                    }
                ]
            }
        ],
        "team": "T04TGFGMK7C",
        "user_team": "T04TGFGMK7C",
        "source_team": "T04TGFGMK7C",
        "user_profile": {
            "avatar_hash": "342942264635",
            "image_72": "https:\/\/avatars.slack-edge.com\/2023-03-11\/4927985433382_34294226463524804a2d_72.jpg",
            "first_name": "Nakayama",
            "real_name": "Nakayama Kenta",
            "display_name": "Nakayama",
            "team": "T04TGFGMK7C",
            "name": "a2231kn",
            "is_restricted": false,
            "is_ultra_restricted": false
        },
        "thread_ts": "1697341832.076069",
        "parent_user_id": "U04TV4NASPK"
    }
]