[
    {
        "client_msg_id": "238a6eca-9ed9-46f9-a7e8-d6b47cc27df6",
        "type": "message",
        "text": "starting work",
        "user": "U04U66DSPEU",
        "ts": "1697111735.503089",
        "blocks": [
            {
                "type": "rich_text",
                "block_id": "I1DHB",
                "elements": [
                    {
                        "type": "rich_text_section",
                        "elements": [
                            {
                                "type": "text",
                                "text": "starting work"
                            }
                        ]
                    }
                ]
            }
        ],
        "team": "T04TGFGMK7C",
        "user_team": "T04TGFGMK7C",
        "source_team": "T04TGFGMK7C",
        "user_profile": {
            "avatar_hash": "eded816e5002",
            "image_72": "https:\/\/avatars.slack-edge.com\/2023-04-25\/5164292307843_eded816e5002d89cd475_72.png",
            "first_name": "FABIAN",
            "real_name": "FABIAN M. FERNANDEZ",
            "display_name": "Fernandez",
            "team": "T04TGFGMK7C",
            "name": "a2237mf",
            "is_restricted": false,
            "is_ultra_restricted": false
        }
    },
    {
        "client_msg_id": "9402f9fc-1b67-489c-8db0-24d0129d2d8b",
        "type": "message",
        "text": "~22時45からスタート~",
        "user": "U04TV4NASPK",
        "ts": "1697117786.118819",
        "blocks": [
            {
                "type": "rich_text",
                "block_id": "YGOIR",
                "elements": [
                    {
                        "type": "rich_text_section",
                        "elements": [
                            {
                                "type": "text",
                                "text": "22時45からスタート",
                                "style": {
                                    "strike": true
                                }
                            }
                        ]
                    }
                ]
            }
        ],
        "team": "T04TGFGMK7C",
        "user_team": "T04TGFGMK7C",
        "source_team": "T04TGFGMK7C",
        "user_profile": {
            "avatar_hash": "342942264635",
            "image_72": "https:\/\/avatars.slack-edge.com\/2023-03-11\/4927985433382_34294226463524804a2d_72.jpg",
            "first_name": "Nakayama",
            "real_name": "Nakayama Kenta",
            "display_name": "Nakayama",
            "team": "T04TGFGMK7C",
            "name": "a2231kn",
            "is_restricted": false,
            "is_ultra_restricted": false
        },
        "edited": {
            "user": "U04TV4NASPK",
            "ts": "1697130103.000000"
        },
        "thread_ts": "1697117786.118819",
        "reply_count": 2,
        "reply_users_count": 1,
        "latest_reply": "1697132568.732319",
        "reply_users": [
            "U04TV4NASPK"
        ],
        "replies": [
            {
                "user": "U04TV4NASPK",
                "ts": "1697130088.580939"
            },
            {
                "user": "U04TV4NASPK",
                "ts": "1697132568.732319"
            }
        ],
        "is_locked": false,
        "subscribed": false
    },
    {
        "client_msg_id": "91ee20b4-7868-4103-bf3d-adaad35faf56",
        "type": "message",
        "text": "インシデント起きて1:30~",
        "user": "U04TV4NASPK",
        "ts": "1697130088.580939",
        "blocks": [
            {
                "type": "rich_text",
                "block_id": "LBM1i",
                "elements": [
                    {
                        "type": "rich_text_section",
                        "elements": [
                            {
                                "type": "text",
                                "text": "インシデント起きて1:30~"
                            }
                        ]
                    }
                ]
            }
        ],
        "team": "T04TGFGMK7C",
        "user_team": "T04TGFGMK7C",
        "source_team": "T04TGFGMK7C",
        "user_profile": {
            "avatar_hash": "342942264635",
            "image_72": "https:\/\/avatars.slack-edge.com\/2023-03-11\/4927985433382_34294226463524804a2d_72.jpg",
            "first_name": "Nakayama",
            "real_name": "Nakayama Kenta",
            "display_name": "Nakayama",
            "team": "T04TGFGMK7C",
            "name": "a2231kn",
            "is_restricted": false,
            "is_ultra_restricted": false
        },
        "thread_ts": "1697117786.118819",
        "parent_user_id": "U04TV4NASPK"
    },
    {
        "client_msg_id": "48b9b480-c586-44b8-b85f-4793a6fac57c",
        "type": "message",
        "text": "眠いので終わります。",
        "user": "U04TV4NASPK",
        "ts": "1697132568.732319",
        "blocks": [
            {
                "type": "rich_text",
                "block_id": "FjFdO",
                "elements": [
                    {
                        "type": "rich_text_section",
                        "elements": [
                            {
                                "type": "text",
                                "text": "眠いので終わります。"
                            }
                        ]
                    }
                ]
            }
        ],
        "team": "T04TGFGMK7C",
        "user_team": "T04TGFGMK7C",
        "source_team": "T04TGFGMK7C",
        "user_profile": {
            "avatar_hash": "342942264635",
            "image_72": "https:\/\/avatars.slack-edge.com\/2023-03-11\/4927985433382_34294226463524804a2d_72.jpg",
            "first_name": "Nakayama",
            "real_name": "Nakayama Kenta",
            "display_name": "Nakayama",
            "team": "T04TGFGMK7C",
            "name": "a2231kn",
            "is_restricted": false,
            "is_ultra_restricted": false
        },
        "thread_ts": "1697117786.118819",
        "parent_user_id": "U04TV4NASPK"
    }
]