[
    {
        "bot_id": "B054V2LRMFX",
        "type": "message",
        "text": "@satoshi.hirata transitioned AT-490 BE: ユーザの所持品リストに商品を追加するAPIを作成する from In Progress ⟶ In Review",
        "user": "U055AKE99KK",
        "ts": "1697472478.829749",
        "app_id": "A2RPP3NFR",
        "blocks": [
            {
                "type": "section",
                "block_id": "no:ih:10512::2ca46ed06c3e11eea418818ceffeb05f",
                "text": {
                    "type": "mrkdwn",
                    "text": "*<slack:\/\/user?team=T04TGFGMK7C&amp;id=U04TGBZ4XEX|@satoshi.hirata> transitioned a Task from `In Progress` ⟶ `In Review`*\n*<https:\/\/chubachi-pt-2023.atlassian.net\/browse\/AT-490?atlOrigin=eyJpIjoiMzdlNDA3NWY5YzQxNDhhMjkwYzA4MWFiYWFjZDUzMDEiLCJwIjoiamlyYS1zbGFjay1pbnQifQ|AT-490 BE: ユーザの所持品リストに商品を追加するAPIを作成する>*",
                    "verbatim": false
                }
            },
            {
                "type": "context",
                "block_id": ":cx:10512::2ca46ed16c3e11eea418818ceffeb05f",
                "elements": [
                    {
                        "type": "mrkdwn",
                        "text": "Status: *In Review*",
                        "verbatim": false
                    },
                    {
                        "type": "image",
                        "image_url": "https:\/\/product-integrations-cdn.atl-paas.net\/jira-issuetype\/task.png",
                        "alt_text": "Task"
                    },
                    {
                        "type": "mrkdwn",
                        "text": "Type: *Task*",
                        "verbatim": false
                    },
                    {
                        "type": "image",
                        "image_url": "https:\/\/avatar-management--avatars.us-west-2.prod.public.atl-paas.net\/63987e6af78d12c0f47112a9\/beb62d32-7489-4ee5-9ddf-7cda1fb42a9d\/48?d=https%3A%2F%2Fproduct-integrations-cdn.atl-paas.net%2Ficons%2Funknown-user.png",
                        "alt_text": "satoshi.hirata"
                    },
                    {
                        "type": "mrkdwn",
                        "text": "Assignee: *satoshi.hirata*",
                        "verbatim": false
                    },
                    {
                        "type": "image",
                        "image_url": "https:\/\/product-integrations-cdn.atl-paas.net\/jira-priority\/medium.png",
                        "alt_text": "Medium"
                    },
                    {
                        "type": "mrkdwn",
                        "text": "Priority: *Medium*",
                        "verbatim": false
                    }
                ]
            },
            {
                "type": "actions",
                "block_id": "no:issueFooterActions:10512::2ca46ed26c3e11eea418818ceffeb05f",
                "elements": [
                    {
                        "type": "button",
                        "action_id": "{\"issueId\":\"10512\",\"instanceId\":\"5c23e16f-eefd-3c64-9603-064f32c410c0\",\"projectId\":\"10002\",\"action\":\"comment\",\"nType\":\"ISSUE_TRANSITIONED\",\"nPlace\":\"main\"}",
                        "text": {
                            "type": "plain_text",
                            "text": "Comment",
                            "emoji": true
                        },
                        "value": "comment"
                    },
                    {
                        "type": "static_select",
                        "action_id": "{\"issueId\":\"10512\",\"instanceId\":\"5c23e16f-eefd-3c64-9603-064f32c410c0\",\"projectId\":\"10002\",\"nType\":\"ISSUE_TRANSITIONED\",\"nPlace\":\"menu\",\"actor\":\"U04TGBZ4XEX\"}",
                        "placeholder": {
                            "type": "plain_text",
                            "text": "More actions...",
                            "emoji": true
                        },
                        "options": [
                            {
                                "text": {
                                    "type": "plain_text",
                                    "text": "Watch",
                                    "emoji": true
                                },
                                "value": "watch"
                            },
                            {
                                "text": {
                                    "type": "plain_text",
                                    "text": "Assign",
                                    "emoji": true
                                },
                                "value": "assign"
                            },
                            {
                                "text": {
                                    "type": "plain_text",
                                    "text": "Transition",
                                    "emoji": true
                                },
                                "value": "transition"
                            },
                            {
                                "text": {
                                    "type": "plain_text",
                                    "text": "Why am I seeing this?",
                                    "emoji": true
                                },
                                "value": "why"
                            },
                            {
                                "text": {
                                    "type": "plain_text",
                                    "text": ":tada: Give kudos",
                                    "emoji": true
                                },
                                "value": "kudos"
                            }
                        ]
                    }
                ]
            }
        ],
        "team": "T04TGFGMK7C",
        "bot_profile": {
            "id": "B054V2LRMFX",
            "deleted": false,
            "name": "Jira Cloud",
            "updated": 1682467833,
            "app_id": "A2RPP3NFR",
            "icons": {
                "image_36": "https:\/\/avatars.slack-edge.com\/2018-11-30\/493753869479_4b703f4119efe3d7d0ff_36.png",
                "image_48": "https:\/\/avatars.slack-edge.com\/2018-11-30\/493753869479_4b703f4119efe3d7d0ff_48.png",
                "image_72": "https:\/\/avatars.slack-edge.com\/2018-11-30\/493753869479_4b703f4119efe3d7d0ff_72.png"
            },
            "team_id": "T04TGFGMK7C"
        }
    },
    {
        "bot_id": "B054V2LRMFX",
        "type": "message",
        "text": "@satoshi.hirata transitioned AT-506 BE: ユーザが所持品リストの商品リピート回数を更新するAPIを作成する from To Do ⟶ In Progress",
        "user": "U055AKE99KK",
        "ts": "1697472487.175339",
        "app_id": "A2RPP3NFR",
        "blocks": [
            {
                "type": "section",
                "block_id": "no:ih:10528::319c40c06c3e11eea104ff3482845c32",
                "text": {
                    "type": "mrkdwn",
                    "text": "*<slack:\/\/user?team=T04TGFGMK7C&amp;id=U04TGBZ4XEX|@satoshi.hirata> transitioned a Task from `To Do` ⟶ `In Progress`*\n*<https:\/\/chubachi-pt-2023.atlassian.net\/browse\/AT-506?atlOrigin=eyJpIjoiZGE5MDRkMjQ3YzkxNDVmNDg3YzNiODA3NjYyN2M0ODUiLCJwIjoiamlyYS1zbGFjay1pbnQifQ|AT-506 BE: ユーザが所持品リストの商品リピート回数を更新するAPIを作成する>*",
                    "verbatim": false
                }
            },
            {
                "type": "context",
                "block_id": ":cx:10528::319c67d06c3e11eea104ff3482845c32",
                "elements": [
                    {
                        "type": "mrkdwn",
                        "text": "Status: *In Progress*",
                        "verbatim": false
                    },
                    {
                        "type": "image",
                        "image_url": "https:\/\/product-integrations-cdn.atl-paas.net\/jira-issuetype\/task.png",
                        "alt_text": "Task"
                    },
                    {
                        "type": "mrkdwn",
                        "text": "Type: *Task*",
                        "verbatim": false
                    },
                    {
                        "type": "image",
                        "image_url": "https:\/\/avatar-management--avatars.us-west-2.prod.public.atl-paas.net\/63987e6af78d12c0f47112a9\/beb62d32-7489-4ee5-9ddf-7cda1fb42a9d\/48?d=https%3A%2F%2Fproduct-integrations-cdn.atl-paas.net%2Ficons%2Funknown-user.png",
                        "alt_text": "satoshi.hirata"
                    },
                    {
                        "type": "mrkdwn",
                        "text": "Assignee: *satoshi.hirata*",
                        "verbatim": false
                    },
                    {
                        "type": "image",
                        "image_url": "https:\/\/product-integrations-cdn.atl-paas.net\/jira-priority\/medium.png",
                        "alt_text": "Medium"
                    },
                    {
                        "type": "mrkdwn",
                        "text": "Priority: *Medium*",
                        "verbatim": false
                    }
                ]
            },
            {
                "type": "actions",
                "block_id": "no:issueFooterActions:10528::319c67d16c3e11eea104ff3482845c32",
                "elements": [
                    {
                        "type": "button",
                        "action_id": "{\"issueId\":\"10528\",\"instanceId\":\"5c23e16f-eefd-3c64-9603-064f32c410c0\",\"projectId\":\"10002\",\"action\":\"comment\",\"nType\":\"ISSUE_TRANSITIONED\",\"nPlace\":\"main\"}",
                        "text": {
                            "type": "plain_text",
                            "text": "Comment",
                            "emoji": true
                        },
                        "value": "comment"
                    },
                    {
                        "type": "static_select",
                        "action_id": "{\"issueId\":\"10528\",\"instanceId\":\"5c23e16f-eefd-3c64-9603-064f32c410c0\",\"projectId\":\"10002\",\"nType\":\"ISSUE_TRANSITIONED\",\"nPlace\":\"menu\",\"actor\":\"U04TGBZ4XEX\"}",
                        "placeholder": {
                            "type": "plain_text",
                            "text": "More actions...",
                            "emoji": true
                        },
                        "options": [
                            {
                                "text": {
                                    "type": "plain_text",
                                    "text": "Watch",
                                    "emoji": true
                                },
                                "value": "watch"
                            },
                            {
                                "text": {
                                    "type": "plain_text",
                                    "text": "Assign",
                                    "emoji": true
                                },
                                "value": "assign"
                            },
                            {
                                "text": {
                                    "type": "plain_text",
                                    "text": "Transition",
                                    "emoji": true
                                },
                                "value": "transition"
                            },
                            {
                                "text": {
                                    "type": "plain_text",
                                    "text": "Why am I seeing this?",
                                    "emoji": true
                                },
                                "value": "why"
                            },
                            {
                                "text": {
                                    "type": "plain_text",
                                    "text": ":tada: Give kudos",
                                    "emoji": true
                                },
                                "value": "kudos"
                            }
                        ]
                    }
                ]
            }
        ],
        "team": "T04TGFGMK7C",
        "bot_profile": {
            "id": "B054V2LRMFX",
            "app_id": "A2RPP3NFR",
            "name": "Jira Cloud",
            "icons": {
                "image_36": "https:\/\/avatars.slack-edge.com\/2018-11-30\/493753869479_4b703f4119efe3d7d0ff_36.png",
                "image_48": "https:\/\/avatars.slack-edge.com\/2018-11-30\/493753869479_4b703f4119efe3d7d0ff_48.png",
                "image_72": "https:\/\/avatars.slack-edge.com\/2018-11-30\/493753869479_4b703f4119efe3d7d0ff_72.png"
            },
            "deleted": false,
            "updated": 1682467833,
            "team_id": "T04TGFGMK7C"
        }
    },
    {
        "bot_id": "B054V2LRMFX",
        "type": "message",
        "text": "@satoshi.hirata transitioned AT-490 BE: ユーザの所持品リストに商品を追加するAPIを作成する from In Review ⟶ Done",
        "user": "U055AKE99KK",
        "ts": "1697475048.870669",
        "app_id": "A2RPP3NFR",
        "blocks": [
            {
                "type": "section",
                "block_id": "no:ih:10512::288318006c4411eebb7fad0bd87eecf0",
                "text": {
                    "type": "mrkdwn",
                    "text": "*<slack:\/\/user?team=T04TGFGMK7C&amp;id=U04TGBZ4XEX|@satoshi.hirata> transitioned a Task from `In Review` ⟶ `Done`*\n*<https:\/\/chubachi-pt-2023.atlassian.net\/browse\/AT-490?atlOrigin=eyJpIjoiYjI0M2JiNGZmZDA1NDg5Zjg3ZTgxZTBkZGMyYWQ0YmUiLCJwIjoiamlyYS1zbGFjay1pbnQifQ|AT-490 BE: ユーザの所持品リストに商品を追加するAPIを作成する>*",
                    "verbatim": false
                }
            },
            {
                "type": "context",
                "block_id": ":cx:10512::288318016c4411eebb7fad0bd87eecf0",
                "elements": [
                    {
                        "type": "mrkdwn",
                        "text": "Status: *Done*",
                        "verbatim": false
                    },
                    {
                        "type": "image",
                        "image_url": "https:\/\/product-integrations-cdn.atl-paas.net\/jira-issuetype\/task.png",
                        "alt_text": "Task"
                    },
                    {
                        "type": "mrkdwn",
                        "text": "Type: *Task*",
                        "verbatim": false
                    },
                    {
                        "type": "image",
                        "image_url": "https:\/\/avatar-management--avatars.us-west-2.prod.public.atl-paas.net\/63987e6af78d12c0f47112a9\/beb62d32-7489-4ee5-9ddf-7cda1fb42a9d\/48?d=https%3A%2F%2Fproduct-integrations-cdn.atl-paas.net%2Ficons%2Funknown-user.png",
                        "alt_text": "satoshi.hirata"
                    },
                    {
                        "type": "mrkdwn",
                        "text": "Assignee: *satoshi.hirata*",
                        "verbatim": false
                    },
                    {
                        "type": "image",
                        "image_url": "https:\/\/product-integrations-cdn.atl-paas.net\/jira-priority\/medium.png",
                        "alt_text": "Medium"
                    },
                    {
                        "type": "mrkdwn",
                        "text": "Priority: *Medium*",
                        "verbatim": false
                    }
                ]
            },
            {
                "type": "actions",
                "block_id": "no:issueFooterActions:10512::288318026c4411eebb7fad0bd87eecf0",
                "elements": [
                    {
                        "type": "button",
                        "action_id": "{\"issueId\":\"10512\",\"instanceId\":\"5c23e16f-eefd-3c64-9603-064f32c410c0\",\"projectId\":\"10002\",\"action\":\"comment\",\"nType\":\"ISSUE_TRANSITIONED\",\"nPlace\":\"main\"}",
                        "text": {
                            "type": "plain_text",
                            "text": "Comment",
                            "emoji": true
                        },
                        "value": "comment"
                    },
                    {
                        "type": "static_select",
                        "action_id": "{\"issueId\":\"10512\",\"instanceId\":\"5c23e16f-eefd-3c64-9603-064f32c410c0\",\"projectId\":\"10002\",\"nType\":\"ISSUE_TRANSITIONED\",\"nPlace\":\"menu\",\"actor\":\"U04TGBZ4XEX\"}",
                        "placeholder": {
                            "type": "plain_text",
                            "text": "More actions...",
                            "emoji": true
                        },
                        "options": [
                            {
                                "text": {
                                    "type": "plain_text",
                                    "text": "Watch",
                                    "emoji": true
                                },
                                "value": "watch"
                            },
                            {
                                "text": {
                                    "type": "plain_text",
                                    "text": "Assign",
                                    "emoji": true
                                },
                                "value": "assign"
                            },
                            {
                                "text": {
                                    "type": "plain_text",
                                    "text": "Transition",
                                    "emoji": true
                                },
                                "value": "transition"
                            },
                            {
                                "text": {
                                    "type": "plain_text",
                                    "text": "Why am I seeing this?",
                                    "emoji": true
                                },
                                "value": "why"
                            },
                            {
                                "text": {
                                    "type": "plain_text",
                                    "text": ":tada: Give kudos",
                                    "emoji": true
                                },
                                "value": "kudos"
                            }
                        ]
                    }
                ]
            }
        ],
        "team": "T04TGFGMK7C",
        "bot_profile": {
            "id": "B054V2LRMFX",
            "app_id": "A2RPP3NFR",
            "name": "Jira Cloud",
            "icons": {
                "image_36": "https:\/\/avatars.slack-edge.com\/2018-11-30\/493753869479_4b703f4119efe3d7d0ff_36.png",
                "image_48": "https:\/\/avatars.slack-edge.com\/2018-11-30\/493753869479_4b703f4119efe3d7d0ff_48.png",
                "image_72": "https:\/\/avatars.slack-edge.com\/2018-11-30\/493753869479_4b703f4119efe3d7d0ff_72.png"
            },
            "deleted": false,
            "updated": 1682467833,
            "team_id": "T04TGFGMK7C"
        }
    },
    {
        "bot_id": "B054V2LRMFX",
        "type": "message",
        "text": "@satoshi.hirata commented on AT-535 BE: bearer tokenからUIDを取得するようにparamsを修正",
        "user": "U055AKE99KK",
        "ts": "1697475091.604659",
        "app_id": "A2RPP3NFR",
        "blocks": [
            {
                "type": "section",
                "block_id": "no:ih:10557::41f9f4206c4411eea648bdbc8d204213",
                "text": {
                    "type": "mrkdwn",
                    "text": "*<slack:\/\/user?team=T04TGFGMK7C&amp;id=U04TGBZ4XEX|@satoshi.hirata> commented on a タスク in `To Do`*\n*<https:\/\/chubachi-pt-2023.atlassian.net\/browse\/AT-535?atlOrigin=eyJpIjoiN2M0MzcyMzg3MjlmNDQ3NDljNmZmNjE0NDNiZTRhYzgiLCJwIjoiamlyYS1zbGFjay1pbnQifQ&amp;focusedCommentId=10203&amp;page=com.atlassian.jira.plugin.system.issuetabpanels%3Acomment-tabpanel#comment-10203|AT-535 BE: bearer tokenからUIDを取得するようにparamsを修正>*",
                    "verbatim": false
                }
            },
            {
                "type": "section",
                "block_id": "cn:nb:issue-commented-hook%3AsubscriptionHooks%3A1534139%3A63987e6af78d12c0f47112a9%3A10203::41f9f4216c4411eea648bdbc8d204213",
                "text": {
                    "type": "mrkdwn",
                    "text": "&gt;&gt;&gt;<https:\/\/chubachi-pt-2023.atlassian.net\/browse\/AT-490> の中で対応済",
                    "verbatim": false
                }
            },
            {
                "type": "actions",
                "block_id": "no:issueFooterActions:10557::41f9f4226c4411eea648bdbc8d204213",
                "elements": [
                    {
                        "type": "button",
                        "action_id": "{\"issueId\":\"10557\",\"instanceId\":\"5c23e16f-eefd-3c64-9603-064f32c410c0\",\"projectId\":\"10002\",\"action\":\"comment\",\"nType\":\"ISSUE_COMMENTED\",\"nPlace\":\"main\"}",
                        "text": {
                            "type": "plain_text",
                            "text": "Comment",
                            "emoji": true
                        },
                        "value": "comment"
                    },
                    {
                        "type": "static_select",
                        "action_id": "{\"issueId\":\"10557\",\"instanceId\":\"5c23e16f-eefd-3c64-9603-064f32c410c0\",\"projectId\":\"10002\",\"nType\":\"ISSUE_COMMENTED\",\"nPlace\":\"menu\",\"actor\":\"U04TGBZ4XEX\"}",
                        "placeholder": {
                            "type": "plain_text",
                            "text": "More actions...",
                            "emoji": true
                        },
                        "options": [
                            {
                                "text": {
                                    "type": "plain_text",
                                    "text": "Watch",
                                    "emoji": true
                                },
                                "value": "watch"
                            },
                            {
                                "text": {
                                    "type": "plain_text",
                                    "text": "Assign",
                                    "emoji": true
                                },
                                "value": "assign"
                            },
                            {
                                "text": {
                                    "type": "plain_text",
                                    "text": "Transition",
                                    "emoji": true
                                },
                                "value": "transition"
                            },
                            {
                                "text": {
                                    "type": "plain_text",
                                    "text": "Why am I seeing this?",
                                    "emoji": true
                                },
                                "value": "why"
                            },
                            {
                                "text": {
                                    "type": "plain_text",
                                    "text": ":tada: Give kudos",
                                    "emoji": true
                                },
                                "value": "kudos"
                            }
                        ]
                    }
                ]
            }
        ],
        "team": "T04TGFGMK7C",
        "bot_profile": {
            "id": "B054V2LRMFX",
            "app_id": "A2RPP3NFR",
            "name": "Jira Cloud",
            "icons": {
                "image_36": "https:\/\/avatars.slack-edge.com\/2018-11-30\/493753869479_4b703f4119efe3d7d0ff_36.png",
                "image_48": "https:\/\/avatars.slack-edge.com\/2018-11-30\/493753869479_4b703f4119efe3d7d0ff_48.png",
                "image_72": "https:\/\/avatars.slack-edge.com\/2018-11-30\/493753869479_4b703f4119efe3d7d0ff_72.png"
            },
            "deleted": false,
            "updated": 1682467833,
            "team_id": "T04TGFGMK7C"
        }
    },
    {
        "bot_id": "B054V2LRMFX",
        "type": "message",
        "text": "@satoshi.hirata transitioned AT-535 BE: bearer tokenからUIDを取得するようにparamsを修正 from To Do ⟶ In Progress",
        "user": "U055AKE99KK",
        "ts": "1697475093.665739",
        "app_id": "A2RPP3NFR",
        "blocks": [
            {
                "type": "section",
                "block_id": "no:ih:10557::4336b9e06c4411eea418818ceffeb05f",
                "text": {
                    "type": "mrkdwn",
                    "text": "*<slack:\/\/user?team=T04TGFGMK7C&amp;id=U04TGBZ4XEX|@satoshi.hirata> transitioned a Task from `To Do` ⟶ `In Progress`*\n*<https:\/\/chubachi-pt-2023.atlassian.net\/browse\/AT-535?atlOrigin=eyJpIjoiZWY0YzI1NmQ2ZWY5NGMwZGFkMWMzOGM0ZDA2MmMxZWMiLCJwIjoiamlyYS1zbGFjay1pbnQifQ|AT-535 BE: bearer tokenからUIDを取得するようにparamsを修正>*",
                    "verbatim": false
                }
            },
            {
                "type": "context",
                "block_id": ":cx:10557::4336b9e16c4411eea418818ceffeb05f",
                "elements": [
                    {
                        "type": "mrkdwn",
                        "text": "Status: *In Progress*",
                        "verbatim": false
                    },
                    {
                        "type": "image",
                        "image_url": "https:\/\/product-integrations-cdn.atl-paas.net\/jira-issuetype\/task.png",
                        "alt_text": "Task"
                    },
                    {
                        "type": "mrkdwn",
                        "text": "Type: *Task*",
                        "verbatim": false
                    },
                    {
                        "type": "image",
                        "image_url": "https:\/\/avatar-management--avatars.us-west-2.prod.public.atl-paas.net\/63987e6af78d12c0f47112a9\/beb62d32-7489-4ee5-9ddf-7cda1fb42a9d\/48?d=https%3A%2F%2Fproduct-integrations-cdn.atl-paas.net%2Ficons%2Funknown-user.png",
                        "alt_text": "satoshi.hirata"
                    },
                    {
                        "type": "mrkdwn",
                        "text": "Assignee: *satoshi.hirata*",
                        "verbatim": false
                    },
                    {
                        "type": "image",
                        "image_url": "https:\/\/product-integrations-cdn.atl-paas.net\/jira-priority\/medium.png",
                        "alt_text": "Medium"
                    },
                    {
                        "type": "mrkdwn",
                        "text": "Priority: *Medium*",
                        "verbatim": false
                    }
                ]
            },
            {
                "type": "actions",
                "block_id": "no:issueFooterActions:10557::4336b9e26c4411eea418818ceffeb05f",
                "elements": [
                    {
                        "type": "button",
                        "action_id": "{\"issueId\":\"10557\",\"instanceId\":\"5c23e16f-eefd-3c64-9603-064f32c410c0\",\"projectId\":\"10002\",\"action\":\"comment\",\"nType\":\"ISSUE_TRANSITIONED\",\"nPlace\":\"main\"}",
                        "text": {
                            "type": "plain_text",
                            "text": "Comment",
                            "emoji": true
                        },
                        "value": "comment"
                    },
                    {
                        "type": "static_select",
                        "action_id": "{\"issueId\":\"10557\",\"instanceId\":\"5c23e16f-eefd-3c64-9603-064f32c410c0\",\"projectId\":\"10002\",\"nType\":\"ISSUE_TRANSITIONED\",\"nPlace\":\"menu\",\"actor\":\"U04TGBZ4XEX\"}",
                        "placeholder": {
                            "type": "plain_text",
                            "text": "More actions...",
                            "emoji": true
                        },
                        "options": [
                            {
                                "text": {
                                    "type": "plain_text",
                                    "text": "Watch",
                                    "emoji": true
                                },
                                "value": "watch"
                            },
                            {
                                "text": {
                                    "type": "plain_text",
                                    "text": "Assign",
                                    "emoji": true
                                },
                                "value": "assign"
                            },
                            {
                                "text": {
                                    "type": "plain_text",
                                    "text": "Transition",
                                    "emoji": true
                                },
                                "value": "transition"
                            },
                            {
                                "text": {
                                    "type": "plain_text",
                                    "text": "Why am I seeing this?",
                                    "emoji": true
                                },
                                "value": "why"
                            },
                            {
                                "text": {
                                    "type": "plain_text",
                                    "text": ":tada: Give kudos",
                                    "emoji": true
                                },
                                "value": "kudos"
                            }
                        ]
                    }
                ]
            }
        ],
        "team": "T04TGFGMK7C",
        "bot_profile": {
            "id": "B054V2LRMFX",
            "app_id": "A2RPP3NFR",
            "name": "Jira Cloud",
            "icons": {
                "image_36": "https:\/\/avatars.slack-edge.com\/2018-11-30\/493753869479_4b703f4119efe3d7d0ff_36.png",
                "image_48": "https:\/\/avatars.slack-edge.com\/2018-11-30\/493753869479_4b703f4119efe3d7d0ff_48.png",
                "image_72": "https:\/\/avatars.slack-edge.com\/2018-11-30\/493753869479_4b703f4119efe3d7d0ff_72.png"
            },
            "deleted": false,
            "updated": 1682467833,
            "team_id": "T04TGFGMK7C"
        }
    },
    {
        "bot_id": "B054V2LRMFX",
        "type": "message",
        "text": "@satoshi.hirata transitioned AT-535 BE: bearer tokenからUIDを取得するようにparamsを修正 from In Progress ⟶ In Review",
        "user": "U055AKE99KK",
        "ts": "1697475095.242219",
        "app_id": "A2RPP3NFR",
        "blocks": [
            {
                "type": "section",
                "block_id": "no:ih:10557::44264a006c4411ee975b997ef62398f9",
                "text": {
                    "type": "mrkdwn",
                    "text": "*<slack:\/\/user?team=T04TGFGMK7C&amp;id=U04TGBZ4XEX|@satoshi.hirata> transitioned a Task from `In Progress` ⟶ `In Review`*\n*<https:\/\/chubachi-pt-2023.atlassian.net\/browse\/AT-535?atlOrigin=eyJpIjoiNGViOWFkOGMxM2NiNDUxOGE4N2M3YjA0YzhhYTk4YjYiLCJwIjoiamlyYS1zbGFjay1pbnQifQ|AT-535 BE: bearer tokenからUIDを取得するようにparamsを修正>*",
                    "verbatim": false
                }
            },
            {
                "type": "context",
                "block_id": ":cx:10557::44264a016c4411ee975b997ef62398f9",
                "elements": [
                    {
                        "type": "mrkdwn",
                        "text": "Status: *In Review*",
                        "verbatim": false
                    },
                    {
                        "type": "image",
                        "image_url": "https:\/\/product-integrations-cdn.atl-paas.net\/jira-issuetype\/task.png",
                        "alt_text": "Task"
                    },
                    {
                        "type": "mrkdwn",
                        "text": "Type: *Task*",
                        "verbatim": false
                    },
                    {
                        "type": "image",
                        "image_url": "https:\/\/avatar-management--avatars.us-west-2.prod.public.atl-paas.net\/63987e6af78d12c0f47112a9\/beb62d32-7489-4ee5-9ddf-7cda1fb42a9d\/48?d=https%3A%2F%2Fproduct-integrations-cdn.atl-paas.net%2Ficons%2Funknown-user.png",
                        "alt_text": "satoshi.hirata"
                    },
                    {
                        "type": "mrkdwn",
                        "text": "Assignee: *satoshi.hirata*",
                        "verbatim": false
                    },
                    {
                        "type": "image",
                        "image_url": "https:\/\/product-integrations-cdn.atl-paas.net\/jira-priority\/medium.png",
                        "alt_text": "Medium"
                    },
                    {
                        "type": "mrkdwn",
                        "text": "Priority: *Medium*",
                        "verbatim": false
                    }
                ]
            },
            {
                "type": "actions",
                "block_id": "no:issueFooterActions:10557::44264a026c4411ee975b997ef62398f9",
                "elements": [
                    {
                        "type": "button",
                        "action_id": "{\"issueId\":\"10557\",\"instanceId\":\"5c23e16f-eefd-3c64-9603-064f32c410c0\",\"projectId\":\"10002\",\"action\":\"comment\",\"nType\":\"ISSUE_TRANSITIONED\",\"nPlace\":\"main\"}",
                        "text": {
                            "type": "plain_text",
                            "text": "Comment",
                            "emoji": true
                        },
                        "value": "comment"
                    },
                    {
                        "type": "static_select",
                        "action_id": "{\"issueId\":\"10557\",\"instanceId\":\"5c23e16f-eefd-3c64-9603-064f32c410c0\",\"projectId\":\"10002\",\"nType\":\"ISSUE_TRANSITIONED\",\"nPlace\":\"menu\",\"actor\":\"U04TGBZ4XEX\"}",
                        "placeholder": {
                            "type": "plain_text",
                            "text": "More actions...",
                            "emoji": true
                        },
                        "options": [
                            {
                                "text": {
                                    "type": "plain_text",
                                    "text": "Watch",
                                    "emoji": true
                                },
                                "value": "watch"
                            },
                            {
                                "text": {
                                    "type": "plain_text",
                                    "text": "Assign",
                                    "emoji": true
                                },
                                "value": "assign"
                            },
                            {
                                "text": {
                                    "type": "plain_text",
                                    "text": "Transition",
                                    "emoji": true
                                },
                                "value": "transition"
                            },
                            {
                                "text": {
                                    "type": "plain_text",
                                    "text": "Why am I seeing this?",
                                    "emoji": true
                                },
                                "value": "why"
                            },
                            {
                                "text": {
                                    "type": "plain_text",
                                    "text": ":tada: Give kudos",
                                    "emoji": true
                                },
                                "value": "kudos"
                            }
                        ]
                    }
                ]
            }
        ],
        "team": "T04TGFGMK7C",
        "bot_profile": {
            "id": "B054V2LRMFX",
            "app_id": "A2RPP3NFR",
            "name": "Jira Cloud",
            "icons": {
                "image_36": "https:\/\/avatars.slack-edge.com\/2018-11-30\/493753869479_4b703f4119efe3d7d0ff_36.png",
                "image_48": "https:\/\/avatars.slack-edge.com\/2018-11-30\/493753869479_4b703f4119efe3d7d0ff_48.png",
                "image_72": "https:\/\/avatars.slack-edge.com\/2018-11-30\/493753869479_4b703f4119efe3d7d0ff_72.png"
            },
            "deleted": false,
            "updated": 1682467833,
            "team_id": "T04TGFGMK7C"
        }
    },
    {
        "bot_id": "B054V2LRMFX",
        "type": "message",
        "text": "@satoshi.hirata transitioned AT-535 BE: bearer tokenからUIDを取得するようにparamsを修正 from In Review ⟶ Done",
        "user": "U055AKE99KK",
        "ts": "1697475096.576119",
        "app_id": "A2RPP3NFR",
        "blocks": [
            {
                "type": "section",
                "block_id": "no:ih:10557::44f273a06c4411ee81091d82a5977235",
                "text": {
                    "type": "mrkdwn",
                    "text": "*<slack:\/\/user?team=T04TGFGMK7C&amp;id=U04TGBZ4XEX|@satoshi.hirata> transitioned a Task from `In Review` ⟶ `Done`*\n*<https:\/\/chubachi-pt-2023.atlassian.net\/browse\/AT-535?atlOrigin=eyJpIjoiZWM2OGU4MjFlMjM4NGQ1NGEzOTk2ODRjNTg2MWIyMDYiLCJwIjoiamlyYS1zbGFjay1pbnQifQ|AT-535 BE: bearer tokenからUIDを取得するようにparamsを修正>*",
                    "verbatim": false
                }
            },
            {
                "type": "context",
                "block_id": ":cx:10557::44f273a16c4411ee81091d82a5977235",
                "elements": [
                    {
                        "type": "mrkdwn",
                        "text": "Status: *Done*",
                        "verbatim": false
                    },
                    {
                        "type": "image",
                        "image_url": "https:\/\/product-integrations-cdn.atl-paas.net\/jira-issuetype\/task.png",
                        "alt_text": "Task"
                    },
                    {
                        "type": "mrkdwn",
                        "text": "Type: *Task*",
                        "verbatim": false
                    },
                    {
                        "type": "image",
                        "image_url": "https:\/\/avatar-management--avatars.us-west-2.prod.public.atl-paas.net\/63987e6af78d12c0f47112a9\/beb62d32-7489-4ee5-9ddf-7cda1fb42a9d\/48?d=https%3A%2F%2Fproduct-integrations-cdn.atl-paas.net%2Ficons%2Funknown-user.png",
                        "alt_text": "satoshi.hirata"
                    },
                    {
                        "type": "mrkdwn",
                        "text": "Assignee: *satoshi.hirata*",
                        "verbatim": false
                    },
                    {
                        "type": "image",
                        "image_url": "https:\/\/product-integrations-cdn.atl-paas.net\/jira-priority\/medium.png",
                        "alt_text": "Medium"
                    },
                    {
                        "type": "mrkdwn",
                        "text": "Priority: *Medium*",
                        "verbatim": false
                    }
                ]
            },
            {
                "type": "actions",
                "block_id": "no:issueFooterActions:10557::44f273a26c4411ee81091d82a5977235",
                "elements": [
                    {
                        "type": "button",
                        "action_id": "{\"issueId\":\"10557\",\"instanceId\":\"5c23e16f-eefd-3c64-9603-064f32c410c0\",\"projectId\":\"10002\",\"action\":\"comment\",\"nType\":\"ISSUE_TRANSITIONED\",\"nPlace\":\"main\"}",
                        "text": {
                            "type": "plain_text",
                            "text": "Comment",
                            "emoji": true
                        },
                        "value": "comment"
                    },
                    {
                        "type": "static_select",
                        "action_id": "{\"issueId\":\"10557\",\"instanceId\":\"5c23e16f-eefd-3c64-9603-064f32c410c0\",\"projectId\":\"10002\",\"nType\":\"ISSUE_TRANSITIONED\",\"nPlace\":\"menu\",\"actor\":\"U04TGBZ4XEX\"}",
                        "placeholder": {
                            "type": "plain_text",
                            "text": "More actions...",
                            "emoji": true
                        },
                        "options": [
                            {
                                "text": {
                                    "type": "plain_text",
                                    "text": "Watch",
                                    "emoji": true
                                },
                                "value": "watch"
                            },
                            {
                                "text": {
                                    "type": "plain_text",
                                    "text": "Assign",
                                    "emoji": true
                                },
                                "value": "assign"
                            },
                            {
                                "text": {
                                    "type": "plain_text",
                                    "text": "Transition",
                                    "emoji": true
                                },
                                "value": "transition"
                            },
                            {
                                "text": {
                                    "type": "plain_text",
                                    "text": "Why am I seeing this?",
                                    "emoji": true
                                },
                                "value": "why"
                            },
                            {
                                "text": {
                                    "type": "plain_text",
                                    "text": ":tada: Give kudos",
                                    "emoji": true
                                },
                                "value": "kudos"
                            }
                        ]
                    }
                ]
            }
        ],
        "team": "T04TGFGMK7C",
        "bot_profile": {
            "id": "B054V2LRMFX",
            "app_id": "A2RPP3NFR",
            "name": "Jira Cloud",
            "icons": {
                "image_36": "https:\/\/avatars.slack-edge.com\/2018-11-30\/493753869479_4b703f4119efe3d7d0ff_36.png",
                "image_48": "https:\/\/avatars.slack-edge.com\/2018-11-30\/493753869479_4b703f4119efe3d7d0ff_48.png",
                "image_72": "https:\/\/avatars.slack-edge.com\/2018-11-30\/493753869479_4b703f4119efe3d7d0ff_72.png"
            },
            "deleted": false,
            "updated": 1682467833,
            "team_id": "T04TGFGMK7C"
        }
    },
    {
        "bot_id": "B054V2LRMFX",
        "type": "message",
        "text": "@satoshi.hirata created a Task AT-550 BE: ユーザ本人以外リストを編集できないように認可処理を追加する",
        "user": "U055AKE99KK",
        "ts": "1697505854.448409",
        "app_id": "A2RPP3NFR",
        "blocks": [
            {
                "type": "section",
                "block_id": "no:ih:10572::e20fbc006c8b11eebb7fad0bd87eecf0",
                "text": {
                    "type": "mrkdwn",
                    "text": "*<slack:\/\/user?team=T04TGFGMK7C&amp;id=U04TGBZ4XEX|@satoshi.hirata> created a Task*\n*<https:\/\/chubachi-pt-2023.atlassian.net\/browse\/AT-550?atlOrigin=eyJpIjoiOGIwOGZiZjU0OTIyNGU3OWE5ZDAyMjNjNzVkYTg1YTgiLCJwIjoiamlyYS1zbGFjay1pbnQifQ|AT-550 BE: ユーザ本人以外リストを編集できないように認可処理を追加する>*",
                    "verbatim": false
                }
            },
            {
                "type": "context",
                "block_id": "no:cx:10572::e20fbc016c8b11eebb7fad0bd87eecf0",
                "elements": [
                    {
                        "type": "mrkdwn",
                        "text": "Status: *To Do*",
                        "verbatim": false
                    },
                    {
                        "type": "image",
                        "image_url": "https:\/\/product-integrations-cdn.atl-paas.net\/jira-issuetype\/task.png",
                        "alt_text": "Task"
                    },
                    {
                        "type": "mrkdwn",
                        "text": "Type: *Task*",
                        "verbatim": false
                    },
                    {
                        "type": "image",
                        "image_url": "https:\/\/product-integrations-cdn.atl-paas.net\/icons\/unknown-user.png",
                        "alt_text": "Unassigned"
                    },
                    {
                        "type": "mrkdwn",
                        "text": "Assignee: *Unassigned*",
                        "verbatim": false
                    },
                    {
                        "type": "image",
                        "image_url": "https:\/\/product-integrations-cdn.atl-paas.net\/jira-priority\/medium.png",
                        "alt_text": "Medium"
                    },
                    {
                        "type": "mrkdwn",
                        "text": "Priority: *Medium*",
                        "verbatim": false
                    }
                ]
            },
            {
                "type": "actions",
                "block_id": "no:issueFooterActions:10572::e20fbc026c8b11eebb7fad0bd87eecf0",
                "elements": [
                    {
                        "type": "button",
                        "action_id": "{\"issueId\":\"10572\",\"instanceId\":\"5c23e16f-eefd-3c64-9603-064f32c410c0\",\"projectId\":\"10002\",\"action\":\"transition\",\"nType\":\"ISSUE_CREATED\",\"nPlace\":\"main\"}",
                        "text": {
                            "type": "plain_text",
                            "text": "Transition",
                            "emoji": true
                        },
                        "value": "transition"
                    },
                    {
                        "type": "static_select",
                        "action_id": "{\"issueId\":\"10572\",\"instanceId\":\"5c23e16f-eefd-3c64-9603-064f32c410c0\",\"projectId\":\"10002\",\"nType\":\"ISSUE_CREATED\",\"nPlace\":\"menu\",\"actor\":\"U04TGBZ4XEX\"}",
                        "placeholder": {
                            "type": "plain_text",
                            "text": "More actions...",
                            "emoji": true
                        },
                        "options": [
                            {
                                "text": {
                                    "type": "plain_text",
                                    "text": "Watch",
                                    "emoji": true
                                },
                                "value": "watch"
                            },
                            {
                                "text": {
                                    "type": "plain_text",
                                    "text": "Comment",
                                    "emoji": true
                                },
                                "value": "comment"
                            },
                            {
                                "text": {
                                    "type": "plain_text",
                                    "text": "Assign",
                                    "emoji": true
                                },
                                "value": "assign"
                            },
                            {
                                "text": {
                                    "type": "plain_text",
                                    "text": "Why am I seeing this?",
                                    "emoji": true
                                },
                                "value": "why"
                            },
                            {
                                "text": {
                                    "type": "plain_text",
                                    "text": ":tada: Give kudos",
                                    "emoji": true
                                },
                                "value": "kudos"
                            }
                        ]
                    }
                ]
            }
        ],
        "team": "T04TGFGMK7C",
        "bot_profile": {
            "id": "B054V2LRMFX",
            "app_id": "A2RPP3NFR",
            "name": "Jira Cloud",
            "icons": {
                "image_36": "https:\/\/avatars.slack-edge.com\/2018-11-30\/493753869479_4b703f4119efe3d7d0ff_36.png",
                "image_48": "https:\/\/avatars.slack-edge.com\/2018-11-30\/493753869479_4b703f4119efe3d7d0ff_48.png",
                "image_72": "https:\/\/avatars.slack-edge.com\/2018-11-30\/493753869479_4b703f4119efe3d7d0ff_72.png"
            },
            "deleted": false,
            "updated": 1682467833,
            "team_id": "T04TGFGMK7C"
        }
    },
    {
        "bot_id": "B054V2LRMFX",
        "type": "message",
        "text": "@satoshi.hirata assigned AT-550 BE: ユーザ本人以外リストを編集できないように認可処理を追加する from Unassigned ⟶ @satoshi.hirata",
        "user": "U055AKE99KK",
        "ts": "1697505858.959539",
        "app_id": "A2RPP3NFR",
        "blocks": [
            {
                "type": "section",
                "block_id": "no:ih:10572::e4bf24906c8b11eeb723c9ce3608827f",
                "text": {
                    "type": "mrkdwn",
                    "text": "*<slack:\/\/user?team=T04TGFGMK7C&amp;id=U04TGBZ4XEX|@satoshi.hirata> assigned a Task from Unassigned ⟶ <slack:\/\/user?team=T04TGFGMK7C&amp;id=U04TGBZ4XEX|@satoshi.hirata>*\n*<https:\/\/chubachi-pt-2023.atlassian.net\/browse\/AT-550?atlOrigin=eyJpIjoiOTg0NjM5N2VkNTExNDg0MWE4MzcyZTAxNGJhY2ZlNGQiLCJwIjoiamlyYS1zbGFjay1pbnQifQ|AT-550 BE: ユーザ本人以外リストを編集できないように認可処理を追加する>*",
                    "verbatim": false
                }
            },
            {
                "type": "context",
                "block_id": ":cx:10572::e4bf24916c8b11eeb723c9ce3608827f",
                "elements": [
                    {
                        "type": "mrkdwn",
                        "text": "Status: *To Do*",
                        "verbatim": false
                    },
                    {
                        "type": "image",
                        "image_url": "https:\/\/product-integrations-cdn.atl-paas.net\/jira-issuetype\/task.png",
                        "alt_text": "Task"
                    },
                    {
                        "type": "mrkdwn",
                        "text": "Type: *Task*",
                        "verbatim": false
                    },
                    {
                        "type": "image",
                        "image_url": "https:\/\/avatar-management--avatars.us-west-2.prod.public.atl-paas.net\/63987e6af78d12c0f47112a9\/beb62d32-7489-4ee5-9ddf-7cda1fb42a9d\/48?d=https%3A%2F%2Fproduct-integrations-cdn.atl-paas.net%2Ficons%2Funknown-user.png",
                        "alt_text": "satoshi.hirata"
                    },
                    {
                        "type": "mrkdwn",
                        "text": "Assignee: *satoshi.hirata*",
                        "verbatim": false
                    },
                    {
                        "type": "image",
                        "image_url": "https:\/\/product-integrations-cdn.atl-paas.net\/jira-priority\/medium.png",
                        "alt_text": "Medium"
                    },
                    {
                        "type": "mrkdwn",
                        "text": "Priority: *Medium*",
                        "verbatim": false
                    }
                ]
            },
            {
                "type": "actions",
                "block_id": "no:issueFooterActions:10572::e4bf24926c8b11eeb723c9ce3608827f",
                "elements": [
                    {
                        "type": "button",
                        "action_id": "{\"issueId\":\"10572\",\"instanceId\":\"5c23e16f-eefd-3c64-9603-064f32c410c0\",\"projectId\":\"10002\",\"action\":\"transition\",\"nType\":\"ISSUE_ASSIGNED\",\"nPlace\":\"main\"}",
                        "text": {
                            "type": "plain_text",
                            "text": "Transition",
                            "emoji": true
                        },
                        "value": "transition"
                    },
                    {
                        "type": "static_select",
                        "action_id": "{\"issueId\":\"10572\",\"instanceId\":\"5c23e16f-eefd-3c64-9603-064f32c410c0\",\"projectId\":\"10002\",\"nType\":\"ISSUE_ASSIGNED\",\"nPlace\":\"menu\",\"actor\":\"U04TGBZ4XEX\"}",
                        "placeholder": {
                            "type": "plain_text",
                            "text": "More actions...",
                            "emoji": true
                        },
                        "options": [
                            {
                                "text": {
                                    "type": "plain_text",
                                    "text": "Watch",
                                    "emoji": true
                                },
                                "value": "watch"
                            },
                            {
                                "text": {
                                    "type": "plain_text",
                                    "text": "Comment",
                                    "emoji": true
                                },
                                "value": "comment"
                            },
                            {
                                "text": {
                                    "type": "plain_text",
                                    "text": "Assign",
                                    "emoji": true
                                },
                                "value": "assign"
                            },
                            {
                                "text": {
                                    "type": "plain_text",
                                    "text": "Why am I seeing this?",
                                    "emoji": true
                                },
                                "value": "why"
                            },
                            {
                                "text": {
                                    "type": "plain_text",
                                    "text": ":tada: Give kudos",
                                    "emoji": true
                                },
                                "value": "kudos"
                            }
                        ]
                    }
                ]
            }
        ],
        "team": "T04TGFGMK7C",
        "bot_profile": {
            "id": "B054V2LRMFX",
            "app_id": "A2RPP3NFR",
            "name": "Jira Cloud",
            "icons": {
                "image_36": "https:\/\/avatars.slack-edge.com\/2018-11-30\/493753869479_4b703f4119efe3d7d0ff_36.png",
                "image_48": "https:\/\/avatars.slack-edge.com\/2018-11-30\/493753869479_4b703f4119efe3d7d0ff_48.png",
                "image_72": "https:\/\/avatars.slack-edge.com\/2018-11-30\/493753869479_4b703f4119efe3d7d0ff_72.png"
            },
            "deleted": false,
            "updated": 1682467833,
            "team_id": "T04TGFGMK7C"
        }
    },
    {
        "bot_id": "B054V2LRMFX",
        "type": "message",
        "text": "@Jabelic[10\/28(土)不在] transitioned AT-527 FE: モーダルの所持品リスト追加ロジックと検索ロジック実装 from In Progress ⟶ Done",
        "user": "U055AKE99KK",
        "ts": "1697515507.890629",
        "app_id": "A2RPP3NFR",
        "blocks": [
            {
                "type": "section",
                "block_id": "no:ih:10549::5bf6d9706ca211eea1276d4aaaeb2233",
                "text": {
                    "type": "mrkdwn",
                    "text": "*<slack:\/\/user?team=T04TGFGMK7C&amp;id=U04T9TDB58W|@Jabelic[10\/28(土)不在]> transitioned a Task from `In Progress` ⟶ `Done`*\n*<https:\/\/chubachi-pt-2023.atlassian.net\/browse\/AT-527?atlOrigin=eyJpIjoiNDgyZTA5NzQzZDAzNDczZmJlMTU0MDliZTJiZGNlMGIiLCJwIjoiamlyYS1zbGFjay1pbnQifQ|AT-527 FE: モーダルの所持品リスト追加ロジックと検索ロジック実装>*\nこちらをUIより先にやったほうが良いかも。\nCSS(tailwind)は後追いでいい。最悪遅れても、DEMOできるし。",
                    "verbatim": false
                }
            },
            {
                "type": "context",
                "block_id": ":cx:10549::5bf6d9716ca211eea1276d4aaaeb2233",
                "elements": [
                    {
                        "type": "mrkdwn",
                        "text": "Status: *Done*",
                        "verbatim": false
                    },
                    {
                        "type": "image",
                        "image_url": "https:\/\/product-integrations-cdn.atl-paas.net\/jira-issuetype\/task.png",
                        "alt_text": "Task"
                    },
                    {
                        "type": "mrkdwn",
                        "text": "Type: *Task*",
                        "verbatim": false
                    },
                    {
                        "type": "image",
                        "image_url": "https:\/\/avatar-management--avatars.us-west-2.prod.public.atl-paas.net\/62d6d768657fc166e26036e9\/85cc1e3a-26ef-42d5-82ea-162c6ec56ac7\/48?d=https%3A%2F%2Fproduct-integrations-cdn.atl-paas.net%2Ficons%2Funknown-user.png",
                        "alt_text": "HibikiMizuno"
                    },
                    {
                        "type": "mrkdwn",
                        "text": "Assignee: *HibikiMizuno*",
                        "verbatim": false
                    },
                    {
                        "type": "image",
                        "image_url": "https:\/\/product-integrations-cdn.atl-paas.net\/jira-priority\/medium.png",
                        "alt_text": "Medium"
                    },
                    {
                        "type": "mrkdwn",
                        "text": "Priority: *Medium*",
                        "verbatim": false
                    }
                ]
            },
            {
                "type": "actions",
                "block_id": "no:issueFooterActions:10549::5bf6d9726ca211eea1276d4aaaeb2233",
                "elements": [
                    {
                        "type": "button",
                        "action_id": "{\"issueId\":\"10549\",\"instanceId\":\"5c23e16f-eefd-3c64-9603-064f32c410c0\",\"projectId\":\"10002\",\"action\":\"comment\",\"nType\":\"ISSUE_TRANSITIONED\",\"nPlace\":\"main\"}",
                        "text": {
                            "type": "plain_text",
                            "text": "Comment",
                            "emoji": true
                        },
                        "value": "comment"
                    },
                    {
                        "type": "static_select",
                        "action_id": "{\"issueId\":\"10549\",\"instanceId\":\"5c23e16f-eefd-3c64-9603-064f32c410c0\",\"projectId\":\"10002\",\"nType\":\"ISSUE_TRANSITIONED\",\"nPlace\":\"menu\",\"actor\":\"U04T9TDB58W\"}",
                        "placeholder": {
                            "type": "plain_text",
                            "text": "More actions...",
                            "emoji": true
                        },
                        "options": [
                            {
                                "text": {
                                    "type": "plain_text",
                                    "text": "Watch",
                                    "emoji": true
                                },
                                "value": "watch"
                            },
                            {
                                "text": {
                                    "type": "plain_text",
                                    "text": "Assign",
                                    "emoji": true
                                },
                                "value": "assign"
                            },
                            {
                                "text": {
                                    "type": "plain_text",
                                    "text": "Transition",
                                    "emoji": true
                                },
                                "value": "transition"
                            },
                            {
                                "text": {
                                    "type": "plain_text",
                                    "text": "Why am I seeing this?",
                                    "emoji": true
                                },
                                "value": "why"
                            },
                            {
                                "text": {
                                    "type": "plain_text",
                                    "text": ":tada: Give kudos",
                                    "emoji": true
                                },
                                "value": "kudos"
                            }
                        ]
                    }
                ]
            }
        ],
        "team": "T04TGFGMK7C",
        "bot_profile": {
            "id": "B054V2LRMFX",
            "app_id": "A2RPP3NFR",
            "name": "Jira Cloud",
            "icons": {
                "image_36": "https:\/\/avatars.slack-edge.com\/2018-11-30\/493753869479_4b703f4119efe3d7d0ff_36.png",
                "image_48": "https:\/\/avatars.slack-edge.com\/2018-11-30\/493753869479_4b703f4119efe3d7d0ff_48.png",
                "image_72": "https:\/\/avatars.slack-edge.com\/2018-11-30\/493753869479_4b703f4119efe3d7d0ff_72.png"
            },
            "deleted": false,
            "updated": 1682467833,
            "team_id": "T04TGFGMK7C"
        }
    },
    {
        "bot_id": "B054V2LRMFX",
        "type": "message",
        "text": "@Jabelic[10\/28(土)不在] transitioned AT-526 FE: モーダル上の商品の表示(UI) from In Progress ⟶ Done",
        "user": "U055AKE99KK",
        "ts": "1697515522.205759",
        "app_id": "A2RPP3NFR",
        "blocks": [
            {
                "type": "section",
                "block_id": "no:ih:10548::647cb4206ca211ee97f167398758dbb4",
                "text": {
                    "type": "mrkdwn",
                    "text": "*<slack:\/\/user?team=T04TGFGMK7C&amp;id=U04T9TDB58W|@Jabelic[10\/28(土)不在]> transitioned a Task from `In Progress` ⟶ `Done`*\n*<https:\/\/chubachi-pt-2023.atlassian.net\/browse\/AT-526?atlOrigin=eyJpIjoiYmMzYmRhNGQ1ZTM0NDU0Zjg1Mjc2N2ZiMWQ3MzJhNGMiLCJwIjoiamlyYS1zbGFjay1pbnQifQ|AT-526 FE: モーダル上の商品の表示(UI)>*\nhooksの方から先にやってください(AT-525)\nこのチケットではモーダル自体とモーダル上の商品の表示を行ってください\nページにbuttonを設置する必要はありません。storybook等を活用するなどして、実装を進めてください。",
                    "verbatim": false
                }
            },
            {
                "type": "context",
                "block_id": ":cx:10548::647cb4216ca211ee97f167398758dbb4",
                "elements": [
                    {
                        "type": "mrkdwn",
                        "text": "Status: *Done*",
                        "verbatim": false
                    },
                    {
                        "type": "image",
                        "image_url": "https:\/\/product-integrations-cdn.atl-paas.net\/jira-issuetype\/task.png",
                        "alt_text": "Task"
                    },
                    {
                        "type": "mrkdwn",
                        "text": "Type: *Task*",
                        "verbatim": false
                    },
                    {
                        "type": "image",
                        "image_url": "https:\/\/avatar-management--avatars.us-west-2.prod.public.atl-paas.net\/62d6d768657fc166e26036e9\/85cc1e3a-26ef-42d5-82ea-162c6ec56ac7\/48?d=https%3A%2F%2Fproduct-integrations-cdn.atl-paas.net%2Ficons%2Funknown-user.png",
                        "alt_text": "HibikiMizuno"
                    },
                    {
                        "type": "mrkdwn",
                        "text": "Assignee: *HibikiMizuno*",
                        "verbatim": false
                    },
                    {
                        "type": "image",
                        "image_url": "https:\/\/product-integrations-cdn.atl-paas.net\/jira-priority\/medium.png",
                        "alt_text": "Medium"
                    },
                    {
                        "type": "mrkdwn",
                        "text": "Priority: *Medium*",
                        "verbatim": false
                    }
                ]
            },
            {
                "type": "actions",
                "block_id": "no:issueFooterActions:10548::647cb4226ca211ee97f167398758dbb4",
                "elements": [
                    {
                        "type": "button",
                        "action_id": "{\"issueId\":\"10548\",\"instanceId\":\"5c23e16f-eefd-3c64-9603-064f32c410c0\",\"projectId\":\"10002\",\"action\":\"comment\",\"nType\":\"ISSUE_TRANSITIONED\",\"nPlace\":\"main\"}",
                        "text": {
                            "type": "plain_text",
                            "text": "Comment",
                            "emoji": true
                        },
                        "value": "comment"
                    },
                    {
                        "type": "static_select",
                        "action_id": "{\"issueId\":\"10548\",\"instanceId\":\"5c23e16f-eefd-3c64-9603-064f32c410c0\",\"projectId\":\"10002\",\"nType\":\"ISSUE_TRANSITIONED\",\"nPlace\":\"menu\",\"actor\":\"U04T9TDB58W\"}",
                        "placeholder": {
                            "type": "plain_text",
                            "text": "More actions...",
                            "emoji": true
                        },
                        "options": [
                            {
                                "text": {
                                    "type": "plain_text",
                                    "text": "Watch",
                                    "emoji": true
                                },
                                "value": "watch"
                            },
                            {
                                "text": {
                                    "type": "plain_text",
                                    "text": "Assign",
                                    "emoji": true
                                },
                                "value": "assign"
                            },
                            {
                                "text": {
                                    "type": "plain_text",
                                    "text": "Transition",
                                    "emoji": true
                                },
                                "value": "transition"
                            },
                            {
                                "text": {
                                    "type": "plain_text",
                                    "text": "Why am I seeing this?",
                                    "emoji": true
                                },
                                "value": "why"
                            },
                            {
                                "text": {
                                    "type": "plain_text",
                                    "text": ":tada: Give kudos",
                                    "emoji": true
                                },
                                "value": "kudos"
                            }
                        ]
                    }
                ]
            }
        ],
        "team": "T04TGFGMK7C",
        "bot_profile": {
            "id": "B054V2LRMFX",
            "app_id": "A2RPP3NFR",
            "name": "Jira Cloud",
            "icons": {
                "image_36": "https:\/\/avatars.slack-edge.com\/2018-11-30\/493753869479_4b703f4119efe3d7d0ff_36.png",
                "image_48": "https:\/\/avatars.slack-edge.com\/2018-11-30\/493753869479_4b703f4119efe3d7d0ff_48.png",
                "image_72": "https:\/\/avatars.slack-edge.com\/2018-11-30\/493753869479_4b703f4119efe3d7d0ff_72.png"
            },
            "deleted": false,
            "updated": 1682467833,
            "team_id": "T04TGFGMK7C"
        }
    },
    {
        "bot_id": "B054V2LRMFX",
        "type": "message",
        "text": "@Jabelic[10\/28(土)不在] transitioned AT-544 フロントエンド週次リリース from To Do ⟶ Done",
        "user": "U055AKE99KK",
        "ts": "1697515527.396549",
        "app_id": "A2RPP3NFR",
        "blocks": [
            {
                "type": "section",
                "block_id": "no:ih:10566::6797afc06ca211eebb7fad0bd87eecf0",
                "text": {
                    "type": "mrkdwn",
                    "text": "*<slack:\/\/user?team=T04TGFGMK7C&amp;id=U04T9TDB58W|@Jabelic[10\/28(土)不在]> transitioned a Task from `To Do` ⟶ `Done`*\n*<https:\/\/chubachi-pt-2023.atlassian.net\/browse\/AT-544?atlOrigin=eyJpIjoiMjE4NDQ5ZTgxMDc1NDA2ZWFjMGFhNmI0OWNhYjk5ZmQiLCJwIjoiamlyYS1zbGFjay1pbnQifQ|AT-544 フロントエンド週次リリース>*",
                    "verbatim": false
                }
            },
            {
                "type": "context",
                "block_id": ":cx:10566::6797afc16ca211eebb7fad0bd87eecf0",
                "elements": [
                    {
                        "type": "mrkdwn",
                        "text": "Status: *Done*",
                        "verbatim": false
                    },
                    {
                        "type": "image",
                        "image_url": "https:\/\/product-integrations-cdn.atl-paas.net\/jira-issuetype\/task.png",
                        "alt_text": "Task"
                    },
                    {
                        "type": "mrkdwn",
                        "text": "Type: *Task*",
                        "verbatim": false
                    },
                    {
                        "type": "image",
                        "image_url": "https:\/\/avatar-management--avatars.us-west-2.prod.public.atl-paas.net\/62d6d768657fc166e26036e9\/85cc1e3a-26ef-42d5-82ea-162c6ec56ac7\/48?d=https%3A%2F%2Fproduct-integrations-cdn.atl-paas.net%2Ficons%2Funknown-user.png",
                        "alt_text": "HibikiMizuno"
                    },
                    {
                        "type": "mrkdwn",
                        "text": "Assignee: *HibikiMizuno*",
                        "verbatim": false
                    },
                    {
                        "type": "image",
                        "image_url": "https:\/\/product-integrations-cdn.atl-paas.net\/jira-priority\/medium.png",
                        "alt_text": "Medium"
                    },
                    {
                        "type": "mrkdwn",
                        "text": "Priority: *Medium*",
                        "verbatim": false
                    }
                ]
            },
            {
                "type": "actions",
                "block_id": "no:issueFooterActions:10566::6797afc26ca211eebb7fad0bd87eecf0",
                "elements": [
                    {
                        "type": "button",
                        "action_id": "{\"issueId\":\"10566\",\"instanceId\":\"5c23e16f-eefd-3c64-9603-064f32c410c0\",\"projectId\":\"10002\",\"action\":\"comment\",\"nType\":\"ISSUE_TRANSITIONED\",\"nPlace\":\"main\"}",
                        "text": {
                            "type": "plain_text",
                            "text": "Comment",
                            "emoji": true
                        },
                        "value": "comment"
                    },
                    {
                        "type": "static_select",
                        "action_id": "{\"issueId\":\"10566\",\"instanceId\":\"5c23e16f-eefd-3c64-9603-064f32c410c0\",\"projectId\":\"10002\",\"nType\":\"ISSUE_TRANSITIONED\",\"nPlace\":\"menu\",\"actor\":\"U04T9TDB58W\"}",
                        "placeholder": {
                            "type": "plain_text",
                            "text": "More actions...",
                            "emoji": true
                        },
                        "options": [
                            {
                                "text": {
                                    "type": "plain_text",
                                    "text": "Watch",
                                    "emoji": true
                                },
                                "value": "watch"
                            },
                            {
                                "text": {
                                    "type": "plain_text",
                                    "text": "Assign",
                                    "emoji": true
                                },
                                "value": "assign"
                            },
                            {
                                "text": {
                                    "type": "plain_text",
                                    "text": "Transition",
                                    "emoji": true
                                },
                                "value": "transition"
                            },
                            {
                                "text": {
                                    "type": "plain_text",
                                    "text": "Why am I seeing this?",
                                    "emoji": true
                                },
                                "value": "why"
                            },
                            {
                                "text": {
                                    "type": "plain_text",
                                    "text": ":tada: Give kudos",
                                    "emoji": true
                                },
                                "value": "kudos"
                            }
                        ]
                    }
                ]
            }
        ],
        "team": "T04TGFGMK7C",
        "bot_profile": {
            "id": "B054V2LRMFX",
            "app_id": "A2RPP3NFR",
            "name": "Jira Cloud",
            "icons": {
                "image_36": "https:\/\/avatars.slack-edge.com\/2018-11-30\/493753869479_4b703f4119efe3d7d0ff_36.png",
                "image_48": "https:\/\/avatars.slack-edge.com\/2018-11-30\/493753869479_4b703f4119efe3d7d0ff_48.png",
                "image_72": "https:\/\/avatars.slack-edge.com\/2018-11-30\/493753869479_4b703f4119efe3d7d0ff_72.png"
            },
            "deleted": false,
            "updated": 1682467833,
            "team_id": "T04TGFGMK7C"
        }
    }
]