[
    {
        "client_msg_id": "C851BC0E-9B88-4EB1-B216-AB722580BCAD",
        "type": "message",
        "text": "20:30前開始します",
        "user": "U04U66DNCRE",
        "ts": "1690800951.008599",
        "blocks": [
            {
                "type": "rich_text",
                "block_id": "Zan8x",
                "elements": [
                    {
                        "type": "rich_text_section",
                        "elements": [
                            {
                                "type": "text",
                                "text": "20:30前開始します"
                            }
                        ]
                    }
                ]
            }
        ],
        "team": "T04TGFGMK7C",
        "user_team": "T04TGFGMK7C",
        "source_team": "T04TGFGMK7C",
        "user_profile": {
            "avatar_hash": "0e82c2c0bd34",
            "image_72": "https:\/\/avatars.slack-edge.com\/2023-04-25\/5161183917605_0e82c2c0bd34f978f1fd_72.jpg",
            "first_name": "Ohno",
            "real_name": "Ohno Hiroto",
            "display_name": "Ohno Hiroto",
            "team": "T04TGFGMK7C",
            "name": "a2206ho",
            "is_restricted": false,
            "is_ultra_restricted": false
        },
        "reactions": [
            {
                "name": "なかやまきんに君",
                "users": [
                    "U04T201950F"
                ],
                "count": 1
            }
        ]
    },
    {
        "client_msg_id": "962cdb04-dc54-4ac8-86a0-e918d4a2967f",
        "type": "message",
        "text": "リモート参加オケでよかった",
        "user": "U04TV4NASPK",
        "ts": "1690804068.914609",
        "blocks": [
            {
                "type": "rich_text",
                "block_id": "7D0Io",
                "elements": [
                    {
                        "type": "rich_text_section",
                        "elements": [
                            {
                                "type": "text",
                                "text": "リモート参加オケでよかった"
                            }
                        ]
                    }
                ]
            }
        ],
        "team": "T04TGFGMK7C",
        "user_team": "T04TGFGMK7C",
        "source_team": "T04TGFGMK7C",
        "user_profile": {
            "avatar_hash": "342942264635",
            "image_72": "https:\/\/avatars.slack-edge.com\/2023-03-11\/4927985433382_34294226463524804a2d_72.jpg",
            "first_name": "Nakayama",
            "real_name": "Nakayama Kenta",
            "display_name": "Nakayama",
            "team": "T04TGFGMK7C",
            "name": "a2231kn",
            "is_restricted": false,
            "is_ultra_restricted": false
        },
        "reactions": [
            {
                "name": "なかやまきんに君",
                "users": [
                    "U04U66DNCRE"
                ],
                "count": 1
            }
        ]
    },
    {
        "client_msg_id": "92b0b961-87e7-4cf0-a178-200cea8a9d2b",
        "type": "message",
        "text": "スプリント開発の説明資料作成されてないっぽかったからとりあえず作成してみた",
        "user": "U04U66DNCRE",
        "ts": "1690811529.056209",
        "blocks": [
            {
                "type": "rich_text",
                "block_id": "QNOAX",
                "elements": [
                    {
                        "type": "rich_text_section",
                        "elements": [
                            {
                                "type": "text",
                                "text": "スプリント開発の説明資料作成されてないっぽかったからとりあえず作成してみた"
                            }
                        ]
                    }
                ]
            }
        ],
        "team": "T04TGFGMK7C",
        "user_team": "T04TGFGMK7C",
        "source_team": "T04TGFGMK7C",
        "user_profile": {
            "avatar_hash": "0e82c2c0bd34",
            "image_72": "https:\/\/avatars.slack-edge.com\/2023-04-25\/5161183917605_0e82c2c0bd34f978f1fd_72.jpg",
            "first_name": "Ohno",
            "real_name": "Ohno Hiroto",
            "display_name": "Ohno Hiroto",
            "team": "T04TGFGMK7C",
            "name": "a2206ho",
            "is_restricted": false,
            "is_ultra_restricted": false
        }
    },
    {
        "client_msg_id": "f791bcd7-d704-407c-a894-d7e31c09fd08",
        "type": "message",
        "text": "なんとか担当部分のスライド作成できた。。(レビュー指摘で修正前提だけど",
        "user": "U04U66DNCRE",
        "ts": "1690815189.700179",
        "blocks": [
            {
                "type": "rich_text",
                "block_id": "+RAf",
                "elements": [
                    {
                        "type": "rich_text_section",
                        "elements": [
                            {
                                "type": "text",
                                "text": "なんとか担当部分のスライド作成できた。。(レビュー指摘で修正前提だけど"
                            }
                        ]
                    }
                ]
            }
        ],
        "team": "T04TGFGMK7C",
        "user_team": "T04TGFGMK7C",
        "source_team": "T04TGFGMK7C",
        "user_profile": {
            "avatar_hash": "0e82c2c0bd34",
            "image_72": "https:\/\/avatars.slack-edge.com\/2023-04-25\/5161183917605_0e82c2c0bd34f978f1fd_72.jpg",
            "first_name": "Ohno",
            "real_name": "Ohno Hiroto",
            "display_name": "Ohno Hiroto",
            "team": "T04TGFGMK7C",
            "name": "a2206ho",
            "is_restricted": false,
            "is_ultra_restricted": false
        },
        "reactions": [
            {
                "name": "raised_hands",
                "users": [
                    "U04T201950F",
                    "U04T9TDB58W"
                ],
                "count": 2
            }
        ]
    }
]