[
    {
        "client_msg_id": "d53785f5-92ad-4c9b-ab98-1d0a07c42a7a",
        "type": "message",
        "text": "シスプロ終戦のお知らせ",
        "user": "U04U66DNCRE",
        "ts": "1690616233.195349",
        "blocks": [
            {
                "type": "rich_text",
                "block_id": "oGjq",
                "elements": [
                    {
                        "type": "rich_text_section",
                        "elements": [
                            {
                                "type": "text",
                                "text": "シスプロ終戦のお知らせ"
                            }
                        ]
                    }
                ]
            }
        ],
        "team": "T04TGFGMK7C",
        "user_team": "T04TGFGMK7C",
        "source_team": "T04TGFGMK7C",
        "user_profile": {
            "avatar_hash": "0e82c2c0bd34",
            "image_72": "https:\/\/avatars.slack-edge.com\/2023-04-25\/5161183917605_0e82c2c0bd34f978f1fd_72.jpg",
            "first_name": "Ohno",
            "real_name": "Ohno Hiroto",
            "display_name": "Ohno Hiroto",
            "team": "T04TGFGMK7C",
            "name": "a2206ho",
            "is_restricted": false,
            "is_ultra_restricted": false
        },
        "reactions": [
            {
                "name": "panda_face",
                "users": [
                    "U04U66DSPEU"
                ],
                "count": 1
            },
            {
                "name": "raised_hands",
                "users": [
                    "U04T201950F"
                ],
                "count": 1
            },
            {
                "name": "facepunch",
                "users": [
                    "U04T9TDB58W"
                ],
                "count": 1
            },
            {
                "name": "tada",
                "users": [
                    "U04TGBZ4XEX"
                ],
                "count": 1
            }
        ]
    },
    {
        "client_msg_id": "9efb13bf-cbf9-4768-bbc5-bb4f03d4892e",
        "type": "message",
        "text": "草案が決まった後の動き方は一旦各自スライド作ってみて、\n発表時間的に厳しそうであれば優先度低いやつから削ってく感じかな。\nとりあえず、手を動かしてレビューするのを早めた方が良い気がする",
        "user": "U04U66DNCRE",
        "ts": "1690641026.939779",
        "blocks": [
            {
                "type": "rich_text",
                "block_id": "yLTw",
                "elements": [
                    {
                        "type": "rich_text_section",
                        "elements": [
                            {
                                "type": "text",
                                "text": "草案が決まった後の動き方は一旦各自スライド作ってみて、\n発表時間的に厳しそうであれば優先度低いやつから削ってく感じかな。\nとりあえず、手を動かしてレビューするのを早めた方が良い気がする"
                            }
                        ]
                    }
                ]
            }
        ],
        "team": "T04TGFGMK7C",
        "user_team": "T04TGFGMK7C",
        "source_team": "T04TGFGMK7C",
        "user_profile": {
            "avatar_hash": "0e82c2c0bd34",
            "image_72": "https:\/\/avatars.slack-edge.com\/2023-04-25\/5161183917605_0e82c2c0bd34f978f1fd_72.jpg",
            "first_name": "Ohno",
            "real_name": "Ohno Hiroto",
            "display_name": "Ohno Hiroto",
            "team": "T04TGFGMK7C",
            "name": "a2206ho",
            "is_restricted": false,
            "is_ultra_restricted": false
        }
    },
    {
        "client_msg_id": "33322a77-e183-4e6f-967b-abc197d6208e",
        "type": "message",
        "text": "すごい今更だけど、プログラミングの授業とか受ける時ってみんなどういう形で形でノートとかとってるんだろう。\nぜひ参考にしたい。",
        "user": "U04U66DNCRE",
        "ts": "1690679646.869779",
        "blocks": [
            {
                "type": "rich_text",
                "block_id": "Rb2",
                "elements": [
                    {
                        "type": "rich_text_section",
                        "elements": [
                            {
                                "type": "text",
                                "text": "すごい今更だけど、プログラミングの授業とか受ける時ってみんなどういう形で形でノートとかとってるんだろう。\nぜひ参考にしたい。"
                            }
                        ]
                    }
                ]
            }
        ],
        "team": "T04TGFGMK7C",
        "user_team": "T04TGFGMK7C",
        "source_team": "T04TGFGMK7C",
        "user_profile": {
            "avatar_hash": "0e82c2c0bd34",
            "image_72": "https:\/\/avatars.slack-edge.com\/2023-04-25\/5161183917605_0e82c2c0bd34f978f1fd_72.jpg",
            "first_name": "Ohno",
            "real_name": "Ohno Hiroto",
            "display_name": "Ohno Hiroto",
            "team": "T04TGFGMK7C",
            "name": "a2206ho",
            "is_restricted": false,
            "is_ultra_restricted": false
        }
    }
]