[
    {
        "type": "message",
        "text": "存在完全に忘れてたけど、これ決めないとまずいな\nそもそもリモートで発表の場合は早めに相談って書いてある",
        "files": [
            {
                "id": "F05KB944EGM",
                "created": 1690719460,
                "timestamp": 1690719460,
                "name": "image.png",
                "title": "image.png",
                "mimetype": "image\/png",
                "filetype": "png",
                "pretty_type": "PNG",
                "user": "U04U66DNCRE",
                "user_team": "T04TGFGMK7C",
                "editable": false,
                "size": 107252,
                "mode": "hosted",
                "is_external": false,
                "external_type": "",
                "is_public": true,
                "public_url_shared": false,
                "display_as_bot": false,
                "username": "",
                "url_private": "https:\/\/files.slack.com\/files-pri\/T04TGFGMK7C-F05KB944EGM\/image.png?t=xoxe-4934526733250-6368208843238-6387480588305-95888d873daabf54b325285fb536dbb2",
                "url_private_download": "https:\/\/files.slack.com\/files-pri\/T04TGFGMK7C-F05KB944EGM\/download\/image.png?t=xoxe-4934526733250-6368208843238-6387480588305-95888d873daabf54b325285fb536dbb2",
                "media_display_type": "unknown",
                "thumb_64": "https:\/\/files.slack.com\/files-tmb\/T04TGFGMK7C-F05KB944EGM-86f095bc8d\/image_64.png?t=xoxe-4934526733250-6368208843238-6387480588305-95888d873daabf54b325285fb536dbb2",
                "thumb_80": "https:\/\/files.slack.com\/files-tmb\/T04TGFGMK7C-F05KB944EGM-86f095bc8d\/image_80.png?t=xoxe-4934526733250-6368208843238-6387480588305-95888d873daabf54b325285fb536dbb2",
                "thumb_360": "https:\/\/files.slack.com\/files-tmb\/T04TGFGMK7C-F05KB944EGM-86f095bc8d\/image_360.png?t=xoxe-4934526733250-6368208843238-6387480588305-95888d873daabf54b325285fb536dbb2",
                "thumb_360_w": 360,
                "thumb_360_h": 210,
                "thumb_480": "https:\/\/files.slack.com\/files-tmb\/T04TGFGMK7C-F05KB944EGM-86f095bc8d\/image_480.png?t=xoxe-4934526733250-6368208843238-6387480588305-95888d873daabf54b325285fb536dbb2",
                "thumb_480_w": 480,
                "thumb_480_h": 280,
                "thumb_160": "https:\/\/files.slack.com\/files-tmb\/T04TGFGMK7C-F05KB944EGM-86f095bc8d\/image_160.png?t=xoxe-4934526733250-6368208843238-6387480588305-95888d873daabf54b325285fb536dbb2",
                "original_w": 648,
                "original_h": 378,
                "thumb_tiny": "AwAcADC+wXf15pQQo+8AKUrls8UjqAOgoAXcP7wo3c\/eH5VGBmnYX+8PzoAdu\/2h+VAPP3gfwpoUDuKcMZGCPwoAUsB1NI\/T0p1JjPegCMYBxnmlz14H5U\/aPU\/nRtHv+dACEjPUflQCNwwR+VGwe\/507FAH\/9k=",
                "permalink": "https:\/\/chubachi-pt-2023.slack.com\/files\/U04U66DNCRE\/F05KB944EGM\/image.png",
                "permalink_public": "https:\/\/slack-files.com\/T04TGFGMK7C-F05KB944EGM-d23485220f",
                "is_starred": false,
                "has_rich_preview": false,
                "file_access": "visible"
            }
        ],
        "upload": false,
        "user": "U04U66DNCRE",
        "display_as_bot": false,
        "ts": "1690719465.230279",
        "blocks": [
            {
                "type": "rich_text",
                "block_id": "FR5",
                "elements": [
                    {
                        "type": "rich_text_section",
                        "elements": [
                            {
                                "type": "text",
                                "text": "存在完全に忘れてたけど、これ決めないとまずいな\nそもそもリモートで発表の場合は早めに相談って書いてある"
                            }
                        ]
                    }
                ]
            }
        ],
        "client_msg_id": "f9bf7bd9-61c7-4f3e-b4ae-46763f935242"
    },
    {
        "client_msg_id": "214587ad-4440-47c4-82ed-cbdc6d5203b9",
        "type": "message",
        "text": "&gt;  1.3 Google Meet使⽤のルール \n&gt; ● Google Meetへの参加は，⾃宅または⾃習室などから⾏うこと．受講のための教室等は準備しない．PTごとにまとまって参加しないなどの希望がある場合は，PBL演習室等の活⽤ を検討されたい．\n",
        "user": "U04T9TDB58W",
        "ts": "1690719632.406009",
        "blocks": [
            {
                "type": "rich_text",
                "block_id": "mRK",
                "elements": [
                    {
                        "type": "rich_text_quote",
                        "elements": [
                            {
                                "type": "text",
                                "text": " 1.3 Google Meet使⽤のルール \n● Google Meetへの参加は，⾃宅または⾃習室などから⾏うこと．受講のための教室等は準備しない．PTごとにまとまって参加しないなどの希望がある場合は，PBL演習室等の活⽤ を検討されたい．"
                            }
                        ]
                    },
                    {
                        "type": "rich_text_section",
                        "elements": []
                    }
                ]
            }
        ],
        "team": "T04TGFGMK7C",
        "user_team": "T04TGFGMK7C",
        "source_team": "T04TGFGMK7C",
        "user_profile": {
            "avatar_hash": "183a619e0408",
            "image_72": "https:\/\/avatars.slack-edge.com\/2023-03-11\/4958815898464_183a619e0408c53031fd_72.jpg",
            "first_name": "Hibiki",
            "real_name": "Hibiki Mizuno",
            "display_name": "Jabelic スクラムマスター",
            "team": "T04TGFGMK7C",
            "name": "a2239hm",
            "is_restricted": false,
            "is_ultra_restricted": false
        }
    },
    {
        "client_msg_id": "e78d686e-5ecc-4fbf-8ba7-bc09a333d34a",
        "type": "message",
        "text": "だそうで。",
        "user": "U04T9TDB58W",
        "ts": "1690719642.995089",
        "blocks": [
            {
                "type": "rich_text",
                "block_id": "\/TACm",
                "elements": [
                    {
                        "type": "rich_text_section",
                        "elements": [
                            {
                                "type": "text",
                                "text": "だそうで。"
                            }
                        ]
                    }
                ]
            }
        ],
        "team": "T04TGFGMK7C",
        "user_team": "T04TGFGMK7C",
        "source_team": "T04TGFGMK7C",
        "user_profile": {
            "avatar_hash": "183a619e0408",
            "image_72": "https:\/\/avatars.slack-edge.com\/2023-03-11\/4958815898464_183a619e0408c53031fd_72.jpg",
            "first_name": "Hibiki",
            "real_name": "Hibiki Mizuno",
            "display_name": "Jabelic スクラムマスター",
            "team": "T04TGFGMK7C",
            "name": "a2239hm",
            "is_restricted": false,
            "is_ultra_restricted": false
        }
    },
    {
        "client_msg_id": "91deaaa6-9403-4ccc-83ae-1c1b3b4df4c6",
        "type": "message",
        "text": "これ読んだんですけど、要は全員リモートの場合は自宅or自習室から参加で、リモート・オンサイトが混在している場合はPBL演習室を利用して欲しいっていうことなんですかね。。？\nちょっとよく意図が読み取れていないです。。",
        "user": "U04U66DNCRE",
        "ts": "1690719946.257689",
        "blocks": [
            {
                "type": "rich_text",
                "block_id": "pqZO",
                "elements": [
                    {
                        "type": "rich_text_section",
                        "elements": [
                            {
                                "type": "text",
                                "text": "これ読んだんですけど、要は全員リモートの場合は自宅or自習室から参加で、リモート・オンサイトが混在している場合はPBL演習室を利用して欲しいっていうことなんですかね。。？\nちょっとよく意図が読み取れていないです。。"
                            }
                        ]
                    }
                ]
            }
        ],
        "team": "T04TGFGMK7C",
        "user_team": "T04TGFGMK7C",
        "source_team": "T04TGFGMK7C",
        "user_profile": {
            "avatar_hash": "0e82c2c0bd34",
            "image_72": "https:\/\/avatars.slack-edge.com\/2023-04-25\/5161183917605_0e82c2c0bd34f978f1fd_72.jpg",
            "first_name": "Ohno",
            "real_name": "Ohno Hiroto",
            "display_name": "Ohno Hiroto",
            "team": "T04TGFGMK7C",
            "name": "a2206ho",
            "is_restricted": false,
            "is_ultra_restricted": false
        }
    },
    {
        "client_msg_id": "d85d38e5-181d-4bc3-8463-791e8da47467",
        "type": "message",
        "text": "個人的にはカンペも読みやすいのでリモート希望ではあります",
        "user": "U04U66DNCRE",
        "ts": "1690720025.741249",
        "blocks": [
            {
                "type": "rich_text",
                "block_id": "3kAk1",
                "elements": [
                    {
                        "type": "rich_text_section",
                        "elements": [
                            {
                                "type": "text",
                                "text": "個人的にはカンペも読みやすいのでリモート希望ではあります"
                            }
                        ]
                    }
                ]
            }
        ],
        "team": "T04TGFGMK7C",
        "user_team": "T04TGFGMK7C",
        "source_team": "T04TGFGMK7C",
        "user_profile": {
            "avatar_hash": "0e82c2c0bd34",
            "image_72": "https:\/\/avatars.slack-edge.com\/2023-04-25\/5161183917605_0e82c2c0bd34f978f1fd_72.jpg",
            "first_name": "Ohno",
            "real_name": "Ohno Hiroto",
            "display_name": "Ohno Hiroto",
            "team": "T04TGFGMK7C",
            "name": "a2206ho",
            "is_restricted": false,
            "is_ultra_restricted": false
        },
        "reactions": [
            {
                "name": "agree",
                "users": [
                    "U04T9TDB58W"
                ],
                "count": 1
            }
        ]
    },
    {
        "client_msg_id": "5f6f7501-2802-43bf-8b12-ae54e41c27e8",
        "type": "message",
        "text": "この前カテゴリごとにまとめた課題がどのイベントに紐づくか見えづらかったので、\nNotionで整理してみたら当たり前ではあるけど、ほとんど「スプリント開始〜現在」までになったな。。",
        "user": "U04U66DNCRE",
        "ts": "1690720790.883879",
        "blocks": [
            {
                "type": "rich_text",
                "block_id": "RZJy",
                "elements": [
                    {
                        "type": "rich_text_section",
                        "elements": [
                            {
                                "type": "text",
                                "text": "この前カテゴリごとにまとめた課題がどのイベントに紐づくか見えづらかったので、\nNotionで整理してみたら当たり前ではあるけど、ほとんど「スプリント開始〜現在」までになったな。。"
                            }
                        ]
                    }
                ]
            }
        ],
        "team": "T04TGFGMK7C",
        "user_team": "T04TGFGMK7C",
        "source_team": "T04TGFGMK7C",
        "user_profile": {
            "avatar_hash": "0e82c2c0bd34",
            "image_72": "https:\/\/avatars.slack-edge.com\/2023-04-25\/5161183917605_0e82c2c0bd34f978f1fd_72.jpg",
            "first_name": "Ohno",
            "real_name": "Ohno Hiroto",
            "display_name": "Ohno Hiroto",
            "team": "T04TGFGMK7C",
            "name": "a2206ho",
            "is_restricted": false,
            "is_ultra_restricted": false
        }
    },
    {
        "client_msg_id": "c3a4875f-ef46-4667-a35c-9b5313722326",
        "type": "message",
        "text": "<https:\/\/www.notion.so\/de73215f0087475ea68317eb8d55c35e?pvs=4#045381d90d194cf0a0dc01c272380668>",
        "user": "U04U66DNCRE",
        "ts": "1690720805.735499",
        "blocks": [
            {
                "type": "rich_text",
                "block_id": "mXB23",
                "elements": [
                    {
                        "type": "rich_text_section",
                        "elements": [
                            {
                                "type": "link",
                                "url": "https:\/\/www.notion.so\/de73215f0087475ea68317eb8d55c35e?pvs=4#045381d90d194cf0a0dc01c272380668"
                            }
                        ]
                    }
                ]
            }
        ],
        "team": "T04TGFGMK7C",
        "user_team": "T04TGFGMK7C",
        "source_team": "T04TGFGMK7C",
        "user_profile": {
            "avatar_hash": "0e82c2c0bd34",
            "image_72": "https:\/\/avatars.slack-edge.com\/2023-04-25\/5161183917605_0e82c2c0bd34f978f1fd_72.jpg",
            "first_name": "Ohno",
            "real_name": "Ohno Hiroto",
            "display_name": "Ohno Hiroto",
            "team": "T04TGFGMK7C",
            "name": "a2206ho",
            "is_restricted": false,
            "is_ultra_restricted": false
        },
        "attachments": [
            {
                "id": 1,
                "footer_icon": "https:\/\/notion.so\/images\/logo-for-slack-integration.png",
                "ts": 1688809140,
                "color": "E8E7E4",
                "bot_id": "B0551QLP8AU",
                "app_unfurl_url": "https:\/\/www.notion.so\/de73215f0087475ea68317eb8d55c35e?pvs=4#045381d90d194cf0a0dc01c272380668",
                "is_app_unfurl": true,
                "app_id": "A049JV0H0KC",
                "fallback": ":triumph: 前期成果発表",
                "text": "KPT　→",
                "title": ":triumph: 前期成果発表",
                "title_link": "https:\/\/www.notion.so\/de73215f0087475ea68317eb8d55c35e?pvs=6&utm_content=de73215f-0087-475e-a683-17eb8d55c35e&utm_campaign=T04TGFGMK7C&n=slack&n=slack_link_unfurl#045381d90d194cf0a0dc01c272380668",
                "footer": "Created by 大野寛人"
            }
        ]
    },
    {
        "client_msg_id": "4be8840c-96be-4930-a8ef-c4086c134981",
        "type": "message",
        "text": "とりあえず、スクラム全般除いたスクラムイベント関連のスライド作ってみるか",
        "user": "U04U66DNCRE",
        "ts": "1690721489.641629",
        "blocks": [
            {
                "type": "rich_text",
                "block_id": "OJ1",
                "elements": [
                    {
                        "type": "rich_text_section",
                        "elements": [
                            {
                                "type": "text",
                                "text": "とりあえず、スクラム全般除いたスクラムイベント関連のスライド作ってみるか"
                            }
                        ]
                    }
                ]
            }
        ],
        "team": "T04TGFGMK7C",
        "user_team": "T04TGFGMK7C",
        "source_team": "T04TGFGMK7C",
        "user_profile": {
            "avatar_hash": "0e82c2c0bd34",
            "image_72": "https:\/\/avatars.slack-edge.com\/2023-04-25\/5161183917605_0e82c2c0bd34f978f1fd_72.jpg",
            "first_name": "Ohno",
            "real_name": "Ohno Hiroto",
            "display_name": "Ohno Hiroto",
            "team": "T04TGFGMK7C",
            "name": "a2206ho",
            "is_restricted": false,
            "is_ultra_restricted": false
        }
    }
]