[
    {
        "client_msg_id": "164d60a1-9db7-4165-806e-7f8e11ed619a",
        "type": "message",
        "text": "relativesのなかに入ってるデータのproductStatusは‘discontinued’になってますか？ <@U04TGBZ4XEX>",
        "user": "U04T9TDB58W",
        "ts": "1690705857.156819",
        "blocks": [
            {
                "type": "rich_text",
                "block_id": "ea2",
                "elements": [
                    {
                        "type": "rich_text_section",
                        "elements": [
                            {
                                "type": "text",
                                "text": "relativesのなかに入ってるデータのproductStatusは‘discontinued’になってますか？ "
                            },
                            {
                                "type": "user",
                                "user_id": "U04TGBZ4XEX"
                            }
                        ]
                    }
                ]
            }
        ],
        "team": "T04TGFGMK7C",
        "user_team": "T04TGFGMK7C",
        "source_team": "T04TGFGMK7C",
        "user_profile": {
            "avatar_hash": "183a619e0408",
            "image_72": "https:\/\/avatars.slack-edge.com\/2023-03-11\/4958815898464_183a619e0408c53031fd_72.jpg",
            "first_name": "Hibiki",
            "real_name": "Hibiki Mizuno",
            "display_name": "Jabelic スクラムマスター",
            "team": "T04TGFGMK7C",
            "name": "a2239hm",
            "is_restricted": false,
            "is_ultra_restricted": false
        },
        "edited": {
            "user": "U04T9TDB58W",
            "ts": "1690706364.000000"
        },
        "thread_ts": "1690705857.156819",
        "reply_count": 4,
        "reply_users_count": 2,
        "latest_reply": "1690708280.688889",
        "reply_users": [
            "U04TGBZ4XEX",
            "U04T9TDB58W"
        ],
        "replies": [
            {
                "user": "U04TGBZ4XEX",
                "ts": "1690707735.258759"
            },
            {
                "user": "U04T9TDB58W",
                "ts": "1690707786.258039"
            },
            {
                "user": "U04TGBZ4XEX",
                "ts": "1690708112.120549"
            },
            {
                "user": "U04TGBZ4XEX",
                "ts": "1690708280.688889"
            }
        ],
        "is_locked": false,
        "subscribed": false
    },
    {
        "client_msg_id": "2ea92399-d322-41b0-b0cc-9e04875debd3",
        "type": "message",
        "text": "<@U04T9TDB58W>\n必ずしもなっているとは限らないです\n...と言いますか今のところその部分に特に制約はつけていないです",
        "user": "U04TGBZ4XEX",
        "ts": "1690707735.258759",
        "blocks": [
            {
                "type": "rich_text",
                "block_id": "hQT",
                "elements": [
                    {
                        "type": "rich_text_section",
                        "elements": [
                            {
                                "type": "user",
                                "user_id": "U04T9TDB58W"
                            },
                            {
                                "type": "text",
                                "text": "\n必ずしもなっているとは限らないです\n...と言いますか今のところその部分に特に制約はつけていないです"
                            }
                        ]
                    }
                ]
            }
        ],
        "team": "T04TGFGMK7C",
        "user_team": "T04TGFGMK7C",
        "source_team": "T04TGFGMK7C",
        "user_profile": {
            "avatar_hash": "824241a82bdf",
            "image_72": "https:\/\/avatars.slack-edge.com\/2023-05-03\/5205694948836_824241a82bdf37206daa_72.jpg",
            "first_name": "satoshi.​hirata",
            "real_name": "satoshi.​hirata",
            "display_name": "satoshi.hirata",
            "team": "T04TGFGMK7C",
            "name": "a2236sh",
            "is_restricted": false,
            "is_ultra_restricted": false
        },
        "thread_ts": "1690705857.156819",
        "parent_user_id": "U04T9TDB58W",
        "reactions": [
            {
                "name": "eyes",
                "users": [
                    "U04T9TDB58W"
                ],
                "count": 1
            }
        ]
    },
    {
        "client_msg_id": "cdaacdaa-ad90-43af-a112-c65f807fdd75",
        "type": "message",
        "text": "あーなるほど, FEで制約かけたらまずいですかね？ 代替品候補として廃盤品が表示されたらまずいかなぁと思いました故 <@U04TGBZ4XEX>",
        "user": "U04T9TDB58W",
        "ts": "1690707786.258039",
        "blocks": [
            {
                "type": "rich_text",
                "block_id": "MJ7j0",
                "elements": [
                    {
                        "type": "rich_text_section",
                        "elements": [
                            {
                                "type": "text",
                                "text": "あーなるほど, FEで制約かけたらまずいですかね？ 代替品候補として廃盤品が表示されたらまずいかなぁと思いました故 "
                            },
                            {
                                "type": "user",
                                "user_id": "U04TGBZ4XEX"
                            }
                        ]
                    }
                ]
            }
        ],
        "team": "T04TGFGMK7C",
        "user_team": "T04TGFGMK7C",
        "source_team": "T04TGFGMK7C",
        "user_profile": {
            "avatar_hash": "183a619e0408",
            "image_72": "https:\/\/avatars.slack-edge.com\/2023-03-11\/4958815898464_183a619e0408c53031fd_72.jpg",
            "first_name": "Hibiki",
            "real_name": "Hibiki Mizuno",
            "display_name": "Jabelic スクラムマスター",
            "team": "T04TGFGMK7C",
            "name": "a2239hm",
            "is_restricted": false,
            "is_ultra_restricted": false
        },
        "edited": {
            "user": "U04T9TDB58W",
            "ts": "1690707839.000000"
        },
        "thread_ts": "1690705857.156819",
        "parent_user_id": "U04T9TDB58W",
        "reactions": [
            {
                "name": "woman-gesturing-ok",
                "users": [
                    "U04TGBZ4XEX"
                ],
                "count": 1
            },
            {
                "name": "pray",
                "users": [
                    "U04TGBZ4XEX"
                ],
                "count": 1
            }
        ]
    },
    {
        "client_msg_id": "a1bd50c6-f2cd-4e81-aec4-091c678bb5e6",
        "type": "message",
        "text": "<@U04T9TDB58W>\n一旦FEで制約かけてもらって大丈夫です！:pray:\nいずれはBE側で、代替品候補が廃盤品だったら最初から値を返さないなどのビジネスロジック入れて集約したいですね\nBEでデータの状態見てクライアント側で結果が異なると ?? となりそうなので",
        "user": "U04TGBZ4XEX",
        "ts": "1690708112.120549",
        "blocks": [
            {
                "type": "rich_text",
                "block_id": "JLoC",
                "elements": [
                    {
                        "type": "rich_text_section",
                        "elements": [
                            {
                                "type": "user",
                                "user_id": "U04T9TDB58W"
                            },
                            {
                                "type": "text",
                                "text": "\n一旦FEで制約かけてもらって大丈夫です！"
                            },
                            {
                                "type": "emoji",
                                "name": "pray",
                                "unicode": "1f64f"
                            },
                            {
                                "type": "text",
                                "text": "\nいずれはBE側で、代替品候補が廃盤品だったら最初から値を返さないなどのビジネスロジック入れて集約したいですね\nBEでデータの状態見てクライアント側で結果が異なると ?? となりそうなので"
                            }
                        ]
                    }
                ]
            }
        ],
        "team": "T04TGFGMK7C",
        "user_team": "T04TGFGMK7C",
        "source_team": "T04TGFGMK7C",
        "user_profile": {
            "avatar_hash": "824241a82bdf",
            "image_72": "https:\/\/avatars.slack-edge.com\/2023-05-03\/5205694948836_824241a82bdf37206daa_72.jpg",
            "first_name": "satoshi.​hirata",
            "real_name": "satoshi.​hirata",
            "display_name": "satoshi.hirata",
            "team": "T04TGFGMK7C",
            "name": "a2236sh",
            "is_restricted": false,
            "is_ultra_restricted": false
        },
        "edited": {
            "user": "U04TGBZ4XEX",
            "ts": "1690708126.000000"
        },
        "thread_ts": "1690705857.156819",
        "parent_user_id": "U04T9TDB58W",
        "reactions": [
            {
                "name": "+1",
                "users": [
                    "U04T9TDB58W"
                ],
                "count": 1
            }
        ]
    },
    {
        "client_msg_id": "8ca99d20-af1f-4dc1-a31f-dcfa73c6fd0c",
        "type": "message",
        "text": "ありがとうございます、忘れないうちにタスクだけ作っておきました\n<https:\/\/chubachi-pt-2023.atlassian.net\/browse\/AT-451>",
        "user": "U04TGBZ4XEX",
        "ts": "1690708280.688889",
        "blocks": [
            {
                "type": "rich_text",
                "block_id": "8thiH",
                "elements": [
                    {
                        "type": "rich_text_section",
                        "elements": [
                            {
                                "type": "text",
                                "text": "ありがとうございます、忘れないうちにタスクだけ作っておきました\n"
                            },
                            {
                                "type": "link",
                                "url": "https:\/\/chubachi-pt-2023.atlassian.net\/browse\/AT-451"
                            }
                        ]
                    }
                ]
            }
        ],
        "team": "T04TGFGMK7C",
        "user_team": "T04TGFGMK7C",
        "source_team": "T04TGFGMK7C",
        "user_profile": {
            "avatar_hash": "824241a82bdf",
            "image_72": "https:\/\/avatars.slack-edge.com\/2023-05-03\/5205694948836_824241a82bdf37206daa_72.jpg",
            "first_name": "satoshi.​hirata",
            "real_name": "satoshi.​hirata",
            "display_name": "satoshi.hirata",
            "team": "T04TGFGMK7C",
            "name": "a2236sh",
            "is_restricted": false,
            "is_ultra_restricted": false
        },
        "attachments": [
            {
                "id": 1,
                "blocks": [
                    {
                        "type": "section",
                        "block_id": "uf:ih:10473::0d985aa02eb911eea2e20b01f59d7e63",
                        "text": {
                            "type": "mrkdwn",
                            "text": "*<https:\/\/chubachi-pt-2023.atlassian.net\/browse\/AT-451?atlOrigin=eyJpIjoiZDU4ODJiYjUzMjNhNGM0MDhmYzNlOTliZTVlMTM3YTMiLCJwIjoiamlyYS1zbGFjay1pbnQifQ|AT-451 BE: 代替品候補として廃盤品が返る場合モデルの値を返さないように修正する>*",
                            "verbatim": false
                        }
                    },
                    {
                        "type": "context",
                        "block_id": "uf:cx:10473::0d9881b02eb911eea2e20b01f59d7e63",
                        "elements": [
                            {
                                "type": "mrkdwn",
                                "text": "Status: *To Do*",
                                "verbatim": false
                            },
                            {
                                "type": "image",
                                "image_url": "https:\/\/product-integrations-cdn.atl-paas.net\/jira-issuetype\/task.png",
                                "alt_text": "Task"
                            },
                            {
                                "type": "mrkdwn",
                                "text": "Type: *Task*",
                                "verbatim": false
                            },
                            {
                                "type": "image",
                                "image_url": "https:\/\/product-integrations-cdn.atl-paas.net\/icons\/unknown-user.png",
                                "alt_text": "Unassigned"
                            },
                            {
                                "type": "mrkdwn",
                                "text": "Assignee: *Unassigned*",
                                "verbatim": false
                            },
                            {
                                "type": "image",
                                "image_url": "https:\/\/product-integrations-cdn.atl-paas.net\/jira-priority\/medium.png",
                                "alt_text": "Medium"
                            },
                            {
                                "type": "mrkdwn",
                                "text": "Priority: *Medium*",
                                "verbatim": false
                            }
                        ]
                    },
                    {
                        "type": "actions",
                        "block_id": "uf:issueFooterActions:10473::0d985aa12eb911eea2e20b01f59d7e63",
                        "elements": [
                            {
                                "type": "button",
                                "action_id": "{\"issueId\":\"10473\",\"instanceId\":\"5c23e16f-eefd-3c64-9603-064f32c410c0\",\"projectId\":\"10002\",\"action\":\"watch\",\"nType\":\"ISSUE_UNFURL\",\"nPlace\":\"main\"}",
                                "text": {
                                    "type": "plain_text",
                                    "text": "Watch",
                                    "emoji": true
                                },
                                "value": "watch"
                            },
                            {
                                "type": "static_select",
                                "action_id": "{\"issueId\":\"10473\",\"instanceId\":\"5c23e16f-eefd-3c64-9603-064f32c410c0\",\"projectId\":\"10002\",\"nType\":\"ISSUE_UNFURL\",\"nPlace\":\"menu\"}",
                                "placeholder": {
                                    "type": "plain_text",
                                    "text": "More actions...",
                                    "emoji": true
                                },
                                "options": [
                                    {
                                        "text": {
                                            "type": "plain_text",
                                            "text": "Comment",
                                            "emoji": true
                                        },
                                        "value": "comment"
                                    },
                                    {
                                        "text": {
                                            "type": "plain_text",
                                            "text": "Assign",
                                            "emoji": true
                                        },
                                        "value": "assign"
                                    },
                                    {
                                        "text": {
                                            "type": "plain_text",
                                            "text": "Transition",
                                            "emoji": true
                                        },
                                        "value": "transition"
                                    },
                                    {
                                        "text": {
                                            "type": "plain_text",
                                            "text": "Why am I seeing this?",
                                            "emoji": true
                                        },
                                        "value": "why"
                                    },
                                    {
                                        "text": {
                                            "type": "plain_text",
                                            "text": "Receive updates in channel",
                                            "emoji": true
                                        },
                                        "value": "connect"
                                    }
                                ]
                            }
                        ]
                    }
                ],
                "color": "#2684FF",
                "fallback": "[no preview available]",
                "bot_id": "B054V2LRMFX",
                "app_unfurl_url": "https:\/\/chubachi-pt-2023.atlassian.net\/browse\/AT-451",
                "is_app_unfurl": true,
                "app_id": "A2RPP3NFR"
            }
        ],
        "thread_ts": "1690705857.156819",
        "parent_user_id": "U04T9TDB58W",
        "reactions": [
            {
                "name": "raised_hands",
                "users": [
                    "U04T9TDB58W"
                ],
                "count": 1
            }
        ]
    }
]