[
    {
        "client_msg_id": "a4c0cf97-b625-467f-a4d6-49e9ca8cdad1",
        "type": "message",
        "text": "2023\/10\/09(月)\nユーザ所持品リストエンドポイント実装 6h\nリリース作業 1h",
        "user": "U04TGBZ4XEX",
        "ts": "1696875192.222519",
        "blocks": [
            {
                "type": "rich_text",
                "block_id": "Do8+q",
                "elements": [
                    {
                        "type": "rich_text_section",
                        "elements": [
                            {
                                "type": "text",
                                "text": "2023\/10\/09(月)\nユーザ所持品リストエンドポイント実装 6h\nリリース作業 1h"
                            }
                        ]
                    }
                ]
            }
        ],
        "team": "T04TGFGMK7C",
        "user_team": "T04TGFGMK7C",
        "source_team": "T04TGFGMK7C",
        "user_profile": {
            "avatar_hash": "824241a82bdf",
            "image_72": "https:\/\/avatars.slack-edge.com\/2023-05-03\/5205694948836_824241a82bdf37206daa_72.jpg",
            "first_name": "satoshi.​hirata",
            "real_name": "satoshi.​hirata",
            "display_name": "satoshi.hirata",
            "team": "T04TGFGMK7C",
            "name": "a2236sh",
            "is_restricted": false,
            "is_ultra_restricted": false
        }
    }
]