[
    {
        "client_msg_id": "fc5a45cb-b29c-47ef-8952-d270f2f7824d",
        "type": "message",
        "text": "className='laptop:XXXX' のlaptopや、text-miniのminiの定義は、tailwind.config.js にある\n\n```\n  theme: {\n    fontSize: {\n      cardTitle: '22px',\n      mini: '0.5rem',\n      sm: '0.8rem',\n      ...```\n```    screens: {\n      tablet: '480px',\n      \/\/ =&gt; @media (min-width: 480px) { ... }\n      laptop: '1024px',\n      \/\/ =&gt; @media (min-width: 1024px) { ... }\n      desktop: '1280px',\n      \/\/ =&gt; @media (min-width: 1280px) { ... }\n    } ...```",
        "user": "U04U66DSPEU",
        "ts": "1697892238.761699",
        "blocks": [
            {
                "type": "rich_text",
                "block_id": "95L0s",
                "elements": [
                    {
                        "type": "rich_text_section",
                        "elements": [
                            {
                                "type": "text",
                                "text": "className='laptop:XXXX' のlaptopや、text-miniのminiの定義は、tailwind.config.js にある\n\n"
                            }
                        ]
                    },
                    {
                        "type": "rich_text_preformatted",
                        "elements": [
                            {
                                "type": "text",
                                "text": "\n  theme: {\n    fontSize: {\n      cardTitle: '22px',\n      mini: '0.5rem',\n      sm: '0.8rem',\n      ..."
                            }
                        ],
                        "border": 0
                    },
                    {
                        "type": "rich_text_section",
                        "elements": [
                            {
                                "type": "text",
                                "text": "\n"
                            }
                        ]
                    },
                    {
                        "type": "rich_text_preformatted",
                        "elements": [
                            {
                                "type": "text",
                                "text": "    screens: {\n      tablet: '480px',\n      \/\/ => @media (min-width: 480px) { ... }\n      laptop: '1024px',\n      \/\/ => @media (min-width: 1024px) { ... }\n      desktop: '1280px',\n      \/\/ => @media (min-width: 1280px) { ... }\n    } ..."
                            }
                        ],
                        "border": 0
                    }
                ]
            }
        ],
        "team": "T04TGFGMK7C",
        "user_team": "T04TGFGMK7C",
        "source_team": "T04TGFGMK7C",
        "user_profile": {
            "avatar_hash": "eded816e5002",
            "image_72": "https:\/\/avatars.slack-edge.com\/2023-04-25\/5164292307843_eded816e5002d89cd475_72.png",
            "first_name": "FABIAN",
            "real_name": "FABIAN M. FERNANDEZ",
            "display_name": "Fernandez",
            "team": "T04TGFGMK7C",
            "name": "a2237mf",
            "is_restricted": false,
            "is_ultra_restricted": false
        },
        "reactions": [
            {
                "name": "+1",
                "users": [
                    "U04TV4NASPK",
                    "U04T9TDB58W"
                ],
                "count": 2
            }
        ]
    }
]