[
    {
        "client_msg_id": "2e9f0759-0adf-4cb7-b27a-d4155a1fc868",
        "type": "message",
        "text": "<@U04TV4NASPK>\nHey Kenty, 千駄ヶ谷でおすすめのごはん屋さんか飲み屋教えて\n2人くらいで入れる雰囲気良いお店",
        "user": "U04T201950F",
        "ts": "1697088321.999499",
        "blocks": [
            {
                "type": "rich_text",
                "block_id": "VhWo\/",
                "elements": [
                    {
                        "type": "rich_text_section",
                        "elements": [
                            {
                                "type": "user",
                                "user_id": "U04TV4NASPK"
                            },
                            {
                                "type": "text",
                                "text": "\nHey Kenty, 千駄ヶ谷でおすすめのごはん屋さんか飲み屋教えて\n2人くらいで入れる雰囲気良いお店"
                            }
                        ]
                    }
                ]
            }
        ],
        "team": "T04TGFGMK7C",
        "user_team": "T04TGFGMK7C",
        "source_team": "T04TGFGMK7C",
        "user_profile": {
            "avatar_hash": "37195c285ebd",
            "image_72": "https:\/\/avatars.slack-edge.com\/2023-04-26\/5193192270752_37195c285ebdc8d65709_72.jpg",
            "first_name": "Dai",
            "real_name": "Dai Miyahara",
            "display_name": "Dai Miyahara",
            "team": "T04TGFGMK7C",
            "name": "a2240dm",
            "is_restricted": false,
            "is_ultra_restricted": false
        },
        "edited": {
            "user": "U04T201950F",
            "ts": "1697089007.000000"
        },
        "thread_ts": "1696375652.494589",
        "parent_user_id": "U04T201950F"
    }
]