[
    {
        "client_msg_id": "772b476e-0a96-4987-a5d7-7328145eb21d",
        "type": "message",
        "text": "<https:\/\/maps.app.goo.gl\/TsZpVinbnp29izwT6|https:\/\/maps.app.goo.gl\/TsZpVinbnp29izwT6>\n<https:\/\/maps.app.goo.gl\/7SiZFJwKLykkG21z8|https:\/\/maps.app.goo.gl\/7SiZFJwKLykkG21z8>\n<https:\/\/maps.app.goo.gl\/4acNFV2oAaFscXsLA|https:\/\/maps.app.goo.gl\/4acNFV2oAaFscXsLA>\n<https:\/\/maps.app.goo.gl\/k7jmJmsEsSrcbVeU9|https:\/\/maps.app.goo.gl\/k7jmJmsEsSrcbVeU9>\n<https:\/\/maps.app.goo.gl\/8ZpteTSSShZa812WA|https:\/\/maps.app.goo.gl\/8ZpteTSSShZa812WA>\n<https:\/\/maps.app.goo.gl\/UfDtjQtuDc6mRqe87|https:\/\/maps.app.goo.gl\/UfDtjQtuDc6mRqe87>",
        "user": "U04TV4NASPK",
        "ts": "1697095324.915129",
        "blocks": [
            {
                "type": "rich_text",
                "block_id": "c7fMt",
                "elements": [
                    {
                        "type": "rich_text_section",
                        "elements": [
                            {
                                "type": "link",
                                "url": "https:\/\/maps.app.goo.gl\/TsZpVinbnp29izwT6",
                                "text": "https:\/\/maps.app.goo.gl\/TsZpVinbnp29izwT6"
                            },
                            {
                                "type": "text",
                                "text": "\n"
                            },
                            {
                                "type": "link",
                                "url": "https:\/\/maps.app.goo.gl\/7SiZFJwKLykkG21z8",
                                "text": "https:\/\/maps.app.goo.gl\/7SiZFJwKLykkG21z8"
                            },
                            {
                                "type": "text",
                                "text": "\n"
                            },
                            {
                                "type": "link",
                                "url": "https:\/\/maps.app.goo.gl\/4acNFV2oAaFscXsLA",
                                "text": "https:\/\/maps.app.goo.gl\/4acNFV2oAaFscXsLA"
                            },
                            {
                                "type": "text",
                                "text": "\n"
                            },
                            {
                                "type": "link",
                                "url": "https:\/\/maps.app.goo.gl\/k7jmJmsEsSrcbVeU9",
                                "text": "https:\/\/maps.app.goo.gl\/k7jmJmsEsSrcbVeU9"
                            },
                            {
                                "type": "text",
                                "text": "\n"
                            },
                            {
                                "type": "link",
                                "url": "https:\/\/maps.app.goo.gl\/8ZpteTSSShZa812WA",
                                "text": "https:\/\/maps.app.goo.gl\/8ZpteTSSShZa812WA"
                            },
                            {
                                "type": "text",
                                "text": "\n"
                            },
                            {
                                "type": "link",
                                "url": "https:\/\/maps.app.goo.gl\/UfDtjQtuDc6mRqe87",
                                "text": "https:\/\/maps.app.goo.gl\/UfDtjQtuDc6mRqe87"
                            }
                        ]
                    }
                ]
            }
        ],
        "team": "T04TGFGMK7C",
        "user_team": "T04TGFGMK7C",
        "source_team": "T04TGFGMK7C",
        "user_profile": {
            "avatar_hash": "342942264635",
            "image_72": "https:\/\/avatars.slack-edge.com\/2023-03-11\/4927985433382_34294226463524804a2d_72.jpg",
            "first_name": "Nakayama",
            "real_name": "Nakayama Kenta",
            "display_name": "Nakayama",
            "team": "T04TGFGMK7C",
            "name": "a2231kn",
            "is_restricted": false,
            "is_ultra_restricted": false
        },
        "attachments": [
            {
                "from_url": "https:\/\/maps.app.goo.gl\/TsZpVinbnp29izwT6",
                "service_icon": "https:\/\/www.google.com\/favicon.ico",
                "thumb_url": "https:\/\/lh5.googleusercontent.com\/p\/AF1QipPTom3ET8WrUV1HwLT_AdQQ-Sg4LTRNjKSw1H9V",
                "thumb_width": 512,
                "thumb_height": 341,
                "id": 1,
                "original_url": "https:\/\/maps.app.goo.gl\/TsZpVinbnp29izwT6",
                "fallback": "Padloquet · 4 Chome-30-6 Sendagaya, Shibuya City, Tokyo 151-0051, Japan",
                "text": "★★★★★ · Wine bar",
                "title": "Padloquet · 4 Chome-30-6 Sendagaya, Shibuya City, Tokyo 151-0051, Japan",
                "title_link": "https:\/\/maps.app.goo.gl\/TsZpVinbnp29izwT6",
                "service_name": "google.com"
            },
            {
                "from_url": "https:\/\/maps.app.goo.gl\/7SiZFJwKLykkG21z8",
                "service_icon": "https:\/\/www.google.com\/favicon.ico",
                "thumb_url": "https:\/\/lh5.googleusercontent.com\/p\/AF1QipMK7sI-0Qs_3vAweg4UyNCIo27I_VZbKFd1B_Ba",
                "thumb_width": 384,
                "thumb_height": 512,
                "id": 2,
                "original_url": "https:\/\/maps.app.goo.gl\/7SiZFJwKLykkG21z8",
                "fallback": "IL VISCHIO · Japan, 〒151-0051 Tokyo, Shibuya City, Sendagaya, 4 Chome−27−12 みすずビル 2FB",
                "text": "★★★★★ · Wine store",
                "title": "IL VISCHIO · Japan, 〒151-0051 Tokyo, Shibuya City, Sendagaya, 4 Chome−27−12 みすずビル 2FB",
                "title_link": "https:\/\/maps.app.goo.gl\/7SiZFJwKLykkG21z8",
                "service_name": "google.com"
            },
            {
                "from_url": "https:\/\/maps.app.goo.gl\/4acNFV2oAaFscXsLA",
                "service_icon": "https:\/\/www.google.com\/favicon.ico",
                "thumb_url": "https:\/\/lh5.googleusercontent.com\/p\/AF1QipN7MD58Fjg8pl6M88uDfpVImoiK38rZCq0jh6Wl",
                "thumb_width": 384,
                "thumb_height": 512,
                "id": 3,
                "original_url": "https:\/\/maps.app.goo.gl\/4acNFV2oAaFscXsLA",
                "fallback": "vinmari · 4 Chome-3-7 Sendagaya, Shibuya City, Tokyo 151-0051, Japan",
                "text": "★★★★★ · Wine bar",
                "title": "vinmari · 4 Chome-3-7 Sendagaya, Shibuya City, Tokyo 151-0051, Japan",
                "title_link": "https:\/\/maps.app.goo.gl\/4acNFV2oAaFscXsLA",
                "service_name": "google.com"
            },
            {
                "from_url": "https:\/\/maps.app.goo.gl\/k7jmJmsEsSrcbVeU9",
                "service_icon": "https:\/\/www.google.com\/favicon.ico",
                "thumb_url": "https:\/\/lh5.googleusercontent.com\/p\/AF1QipPR2WUJk7aohsbvjjIPj6JTjGWSvJ_IJLVeRII0",
                "thumb_width": 512,
                "thumb_height": 341,
                "id": 4,
                "original_url": "https:\/\/maps.app.goo.gl\/k7jmJmsEsSrcbVeU9",
                "fallback": "Asatte Menu · Japan, 〒151-0051 Tokyo, Shibuya City, Sendagaya, 3 Chome−17−5 グエル・サカエ北参道１Ｆ",
                "text": "★★★★★ · Restaurant",
                "title": "Asatte Menu · Japan, 〒151-0051 Tokyo, Shibuya City, Sendagaya, 3 Chome−17−5 グエル・サカエ北参道１Ｆ",
                "title_link": "https:\/\/maps.app.goo.gl\/k7jmJmsEsSrcbVeU9",
                "service_name": "google.com"
            },
            {
                "from_url": "https:\/\/maps.app.goo.gl\/8ZpteTSSShZa812WA",
                "service_icon": "https:\/\/www.google.com\/favicon.ico",
                "thumb_url": "https:\/\/lh5.googleusercontent.com\/p\/AF1QipPJyoMuorDh4PbS-pbwuriw03YSq48T3Ve0o88",
                "thumb_width": 512,
                "thumb_height": 410,
                "id": 5,
                "original_url": "https:\/\/maps.app.goo.gl\/8ZpteTSSShZa812WA",
                "fallback": "Garari Sendagaya · 2 Chome-6-4 Sendagaya, Shibuya City, Tokyo 151-0051, Japan",
                "text": "★★★★☆ · Izakaya restaurant",
                "title": "Garari Sendagaya · 2 Chome-6-4 Sendagaya, Shibuya City, Tokyo 151-0051, Japan",
                "title_link": "https:\/\/maps.app.goo.gl\/8ZpteTSSShZa812WA",
                "service_name": "google.com"
            }
        ],
        "thread_ts": "1696375652.494589",
        "parent_user_id": "U04T201950F",
        "reactions": [
            {
                "name": "man-bowing",
                "users": [
                    "U04T201950F",
                    "U04TGBZ4XEX"
                ],
                "count": 2
            },
            {
                "name": "god",
                "users": [
                    "U04T201950F",
                    "U04TGBZ4XEX",
                    "U04T9TDB58W"
                ],
                "count": 3
            }
        ]
    }
]