[
    {
        "client_msg_id": "18e0542d-0814-4fa9-aef0-6247aa950e64",
        "type": "message",
        "text": "<https:\/\/maps.app.goo.gl\/k1cYnzEmLEBmbwa27>\n<https:\/\/maps.app.goo.gl\/GqzUmLzQNUCAzbrt6>",
        "user": "U04TV4NASPK",
        "ts": "1697453721.030789",
        "blocks": [
            {
                "type": "rich_text",
                "block_id": "mVA8J",
                "elements": [
                    {
                        "type": "rich_text_section",
                        "elements": [
                            {
                                "type": "link",
                                "url": "https:\/\/maps.app.goo.gl\/k1cYnzEmLEBmbwa27"
                            },
                            {
                                "type": "text",
                                "text": "\n"
                            },
                            {
                                "type": "link",
                                "url": "https:\/\/maps.app.goo.gl\/GqzUmLzQNUCAzbrt6"
                            }
                        ]
                    }
                ]
            }
        ],
        "team": "T04TGFGMK7C",
        "user_team": "T04TGFGMK7C",
        "source_team": "T04TGFGMK7C",
        "user_profile": {
            "avatar_hash": "342942264635",
            "image_72": "https:\/\/avatars.slack-edge.com\/2023-03-11\/4927985433382_34294226463524804a2d_72.jpg",
            "first_name": "Nakayama",
            "real_name": "Nakayama Kenta",
            "display_name": "Nakayama",
            "team": "T04TGFGMK7C",
            "name": "a2231kn",
            "is_restricted": false,
            "is_ultra_restricted": false
        },
        "attachments": [
            {
                "from_url": "https:\/\/maps.app.goo.gl\/k1cYnzEmLEBmbwa27",
                "service_icon": "https:\/\/www.google.com\/favicon.ico",
                "thumb_url": "https:\/\/lh5.googleusercontent.com\/p\/AF1QipNmFPAP4NA-0n0ZEz4UxHjaGwwNkAya5exZVOFx",
                "thumb_width": 512,
                "thumb_height": 288,
                "id": 1,
                "original_url": "https:\/\/maps.app.goo.gl\/k1cYnzEmLEBmbwa27",
                "fallback": "Yanaka Beer Hall · 2 Chome-15-6 Uenosakuragi, Taito City, Tokyo 110-0002, Japan",
                "text": "★★★★☆ · Beer hall",
                "title": "Yanaka Beer Hall · 2 Chome-15-6 Uenosakuragi, Taito City, Tokyo 110-0002, Japan",
                "title_link": "https:\/\/maps.app.goo.gl\/k1cYnzEmLEBmbwa27",
                "service_name": "google.com"
            },
            {
                "from_url": "https:\/\/maps.app.goo.gl\/GqzUmLzQNUCAzbrt6",
                "service_icon": "https:\/\/www.google.com\/favicon.ico",
                "thumb_url": "https:\/\/lh5.googleusercontent.com\/p\/AF1QipO5cxLrfOugTJvj3m3NWe2aKYa8fdqdWE586jiG",
                "thumb_width": 512,
                "thumb_height": 384,
                "id": 2,
                "original_url": "https:\/\/maps.app.goo.gl\/GqzUmLzQNUCAzbrt6",
                "fallback": "Hantei · 2 Chome-12-15 Nezu, Bunkyo City, Tokyo 113-0031, Japan",
                "text": "★★★★☆ · Kushiage and kushikatsu restaurant",
                "title": "Hantei · 2 Chome-12-15 Nezu, Bunkyo City, Tokyo 113-0031, Japan",
                "title_link": "https:\/\/maps.app.goo.gl\/GqzUmLzQNUCAzbrt6",
                "service_name": "google.com"
            }
        ],
        "thread_ts": "1696375652.494589",
        "parent_user_id": "U04T201950F",
        "reactions": [
            {
                "name": "god",
                "users": [
                    "U04TGBZ4XEX"
                ],
                "count": 1
            }
        ]
    }
]