[
{"id":"F05LTFB0BR8","created":1691492008,"name":"\u7121\u984c","title":"\u7121\u984c","mimetype":"application\/vnd.slack-docs","filetype":"quip","pretty_type":"Canvas","user":"USLACKBOT","editable":true,"size":18,"mode":"quip","is_public":true,"is_tombstoned":false,"public_url_shared":false,"date_delete":0,"url_private_download":"https:\/\/files.slack.com\/files-pri\/T04TGFGMK7C-F05LTFB0BR8\/download\/canvas?t=xoxe-4934526733250-6371883538245-6387447778801-5039a585954037f5d95452e64be2e165","shares":[{"team":"T04TGFGMK7C","channel":"C054R4216MB"}],"export_timestamp":1703085742},
{"id":"F062S3XN9B7","created":1698282868,"name":"________________UserProfile__table_name__user_profiles_","title":"\u30e6\u30fc\u30b6\u5c5e\u6027 UserProfile (table_name: user_profiles)","mimetype":"application\/vnd.slack-docs","filetype":"quip","pretty_type":"Canvas","user":"USLACKBOT","editable":true,"size":286,"mode":"quip","is_public":true,"is_tombstoned":false,"public_url_shared":false,"date_delete":0,"url_private_download":"https:\/\/files.slack.com\/files-pri\/T04TGFGMK7C-F062S3XN9B7\/download\/canvas?t=xoxe-4934526733250-6371883538245-6387447778801-5039a585954037f5d95452e64be2e165","shares":[{"team":"T04TGFGMK7C","channel":"C053RR7UABB"}],"export_timestamp":1703085743}
]