[
    {
        "bot_id": "B054V2LRMFX",
        "type": "message",
        "text": "Fernández transitioned AT-567 【UI修正】小さい画面サイズでヘッダーが崩れる不具合を修正 from In Progress ⟶ In Review",
        "user": "U055AKE99KK",
        "ts": "1698078881.864719",
        "app_id": "A2RPP3NFR",
        "blocks": [
            {
                "type": "section",
                "block_id": "no:ih:10589::110309f071c211ee919faf4f047a6ab8",
                "text": {
                    "type": "mrkdwn",
                    "text": "*Fernández transitioned a Task from `In Progress` ⟶ `In Review`*\n*<https:\/\/chubachi-pt-2023.atlassian.net\/browse\/AT-567?atlOrigin=eyJpIjoiZjgyMzZjMjgyZGY2NDUwN2JhMDZmOTQ4YWU1NzQ5YzciLCJwIjoiamlyYS1zbGFjay1pbnQifQ|AT-567 【UI修正】小さい画面サイズでヘッダーが崩れる不具合を修正>*\n0:07 辺りヘッダー部分が崩れます\n:camera:",
                    "verbatim": false
                }
            },
            {
                "type": "context",
                "block_id": ":cx:10589::110309f171c211ee919faf4f047a6ab8",
                "elements": [
                    {
                        "type": "mrkdwn",
                        "text": "Status: *In Review*",
                        "verbatim": false
                    },
                    {
                        "type": "image",
                        "image_url": "https:\/\/product-integrations-cdn.atl-paas.net\/jira-issuetype\/task.png",
                        "alt_text": "Task"
                    },
                    {
                        "type": "mrkdwn",
                        "text": "Type: *Task*",
                        "verbatim": false
                    },
                    {
                        "type": "image",
                        "image_url": "https:\/\/avatar-management--avatars.us-west-2.prod.public.atl-paas.net\/712020:744719ff-9f36-45ea-ad59-e50534df8206\/c61e7a11-605f-4bf5-96e9-a736e141a941\/48?d=https%3A%2F%2Fproduct-integrations-cdn.atl-paas.net%2Ficons%2Funknown-user.png",
                        "alt_text": "Fernández"
                    },
                    {
                        "type": "mrkdwn",
                        "text": "Assignee: *Fernández*",
                        "verbatim": false
                    },
                    {
                        "type": "image",
                        "image_url": "https:\/\/product-integrations-cdn.atl-paas.net\/jira-priority\/medium.png",
                        "alt_text": "Medium"
                    },
                    {
                        "type": "mrkdwn",
                        "text": "Priority: *Medium*",
                        "verbatim": false
                    }
                ]
            },
            {
                "type": "actions",
                "block_id": "no:issueFooterActions:10589::110309f271c211ee919faf4f047a6ab8",
                "elements": [
                    {
                        "type": "button",
                        "action_id": "{\"issueId\":\"10589\",\"instanceId\":\"5c23e16f-eefd-3c64-9603-064f32c410c0\",\"projectId\":\"10002\",\"action\":\"comment\",\"nType\":\"ISSUE_TRANSITIONED\",\"nPlace\":\"main\"}",
                        "text": {
                            "type": "plain_text",
                            "text": "Comment",
                            "emoji": true
                        },
                        "value": "comment"
                    },
                    {
                        "type": "static_select",
                        "action_id": "{\"issueId\":\"10589\",\"instanceId\":\"5c23e16f-eefd-3c64-9603-064f32c410c0\",\"projectId\":\"10002\",\"nType\":\"ISSUE_TRANSITIONED\",\"nPlace\":\"menu\"}",
                        "placeholder": {
                            "type": "plain_text",
                            "text": "More actions...",
                            "emoji": true
                        },
                        "options": [
                            {
                                "text": {
                                    "type": "plain_text",
                                    "text": "Watch",
                                    "emoji": true
                                },
                                "value": "watch"
                            },
                            {
                                "text": {
                                    "type": "plain_text",
                                    "text": "Assign",
                                    "emoji": true
                                },
                                "value": "assign"
                            },
                            {
                                "text": {
                                    "type": "plain_text",
                                    "text": "Transition",
                                    "emoji": true
                                },
                                "value": "transition"
                            },
                            {
                                "text": {
                                    "type": "plain_text",
                                    "text": "Why am I seeing this?",
                                    "emoji": true
                                },
                                "value": "why"
                            },
                            {
                                "text": {
                                    "type": "plain_text",
                                    "text": ":tada: Give kudos",
                                    "emoji": true
                                },
                                "value": "kudos"
                            }
                        ]
                    }
                ]
            }
        ],
        "team": "T04TGFGMK7C",
        "bot_profile": {
            "id": "B054V2LRMFX",
            "deleted": false,
            "name": "Jira Cloud",
            "updated": 1682467833,
            "app_id": "A2RPP3NFR",
            "icons": {
                "image_36": "https:\/\/avatars.slack-edge.com\/2018-11-30\/493753869479_4b703f4119efe3d7d0ff_36.png",
                "image_48": "https:\/\/avatars.slack-edge.com\/2018-11-30\/493753869479_4b703f4119efe3d7d0ff_48.png",
                "image_72": "https:\/\/avatars.slack-edge.com\/2018-11-30\/493753869479_4b703f4119efe3d7d0ff_72.png"
            },
            "team_id": "T04TGFGMK7C"
        }
    },
    {
        "bot_id": "B054V2LRMFX",
        "type": "message",
        "text": "@Jabelic[10\/28(土)不在] created an Epic AT-573 所持品リスト：ユーザーは自分の所持品（愛用品）リストの情報を編集・削除できる",
        "user": "U055AKE99KK",
        "ts": "1698080714.383269",
        "app_id": "A2RPP3NFR",
        "blocks": [
            {
                "type": "section",
                "block_id": "no:ih:10595::5548ed1071c611ee8f89c19fa409a07e",
                "text": {
                    "type": "mrkdwn",
                    "text": "*<slack:\/\/user?team=T04TGFGMK7C&amp;id=U04T9TDB58W|@Jabelic[10\/28(土)不在]> created an Epic*\n*<https:\/\/chubachi-pt-2023.atlassian.net\/browse\/AT-573?atlOrigin=eyJpIjoiZjRhYTgxNTBhN2ZkNDM5OTlhNDQ3MTQ5NTQwYjQ4NDMiLCJwIjoiamlyYS1zbGFjay1pbnQifQ|AT-573 所持品リスト：ユーザーは自分の所持品（愛用品）リストの情報を編集・削除できる>*",
                    "verbatim": false
                }
            },
            {
                "type": "context",
                "block_id": "no:cx:10595::5548ed1171c611ee8f89c19fa409a07e",
                "elements": [
                    {
                        "type": "mrkdwn",
                        "text": "Status: *To Do*",
                        "verbatim": false
                    },
                    {
                        "type": "image",
                        "image_url": "https:\/\/product-integrations-cdn.atl-paas.net\/jira-issuetype\/epic.png",
                        "alt_text": "Epic"
                    },
                    {
                        "type": "mrkdwn",
                        "text": "Type: *Epic*",
                        "verbatim": false
                    },
                    {
                        "type": "image",
                        "image_url": "https:\/\/product-integrations-cdn.atl-paas.net\/icons\/unknown-user.png",
                        "alt_text": "Unassigned"
                    },
                    {
                        "type": "mrkdwn",
                        "text": "Assignee: *Unassigned*",
                        "verbatim": false
                    },
                    {
                        "type": "image",
                        "image_url": "https:\/\/product-integrations-cdn.atl-paas.net\/jira-priority\/medium.png",
                        "alt_text": "Medium"
                    },
                    {
                        "type": "mrkdwn",
                        "text": "Priority: *Medium*",
                        "verbatim": false
                    }
                ]
            },
            {
                "type": "actions",
                "block_id": "no:issueFooterActions:10595::5548ed1271c611ee8f89c19fa409a07e",
                "elements": [
                    {
                        "type": "button",
                        "action_id": "{\"issueId\":\"10595\",\"instanceId\":\"5c23e16f-eefd-3c64-9603-064f32c410c0\",\"projectId\":\"10002\",\"action\":\"transition\",\"nType\":\"ISSUE_CREATED\",\"nPlace\":\"main\"}",
                        "text": {
                            "type": "plain_text",
                            "text": "Transition",
                            "emoji": true
                        },
                        "value": "transition"
                    },
                    {
                        "type": "static_select",
                        "action_id": "{\"issueId\":\"10595\",\"instanceId\":\"5c23e16f-eefd-3c64-9603-064f32c410c0\",\"projectId\":\"10002\",\"nType\":\"ISSUE_CREATED\",\"nPlace\":\"menu\",\"actor\":\"U04T9TDB58W\"}",
                        "placeholder": {
                            "type": "plain_text",
                            "text": "More actions...",
                            "emoji": true
                        },
                        "options": [
                            {
                                "text": {
                                    "type": "plain_text",
                                    "text": "Watch",
                                    "emoji": true
                                },
                                "value": "watch"
                            },
                            {
                                "text": {
                                    "type": "plain_text",
                                    "text": "Comment",
                                    "emoji": true
                                },
                                "value": "comment"
                            },
                            {
                                "text": {
                                    "type": "plain_text",
                                    "text": "Assign",
                                    "emoji": true
                                },
                                "value": "assign"
                            },
                            {
                                "text": {
                                    "type": "plain_text",
                                    "text": "Why am I seeing this?",
                                    "emoji": true
                                },
                                "value": "why"
                            },
                            {
                                "text": {
                                    "type": "plain_text",
                                    "text": ":tada: Give kudos",
                                    "emoji": true
                                },
                                "value": "kudos"
                            }
                        ]
                    }
                ]
            }
        ],
        "team": "T04TGFGMK7C",
        "bot_profile": {
            "id": "B054V2LRMFX",
            "app_id": "A2RPP3NFR",
            "name": "Jira Cloud",
            "icons": {
                "image_36": "https:\/\/avatars.slack-edge.com\/2018-11-30\/493753869479_4b703f4119efe3d7d0ff_36.png",
                "image_48": "https:\/\/avatars.slack-edge.com\/2018-11-30\/493753869479_4b703f4119efe3d7d0ff_48.png",
                "image_72": "https:\/\/avatars.slack-edge.com\/2018-11-30\/493753869479_4b703f4119efe3d7d0ff_72.png"
            },
            "deleted": false,
            "updated": 1682467833,
            "team_id": "T04TGFGMK7C"
        }
    },
    {
        "bot_id": "B054V2LRMFX",
        "type": "message",
        "text": "@Jabelic[10\/28(土)不在] created a Task AT-574 デザインカンプ",
        "user": "U055AKE99KK",
        "ts": "1698080726.927649",
        "app_id": "A2RPP3NFR",
        "blocks": [
            {
                "type": "section",
                "block_id": "no:ih:10596::5cc212b071c611eeb70ee3e76430283e",
                "text": {
                    "type": "mrkdwn",
                    "text": "*<slack:\/\/user?team=T04TGFGMK7C&amp;id=U04T9TDB58W|@Jabelic[10\/28(土)不在]> created a Task*\n*<https:\/\/chubachi-pt-2023.atlassian.net\/browse\/AT-574?atlOrigin=eyJpIjoiZTBlMzdmMGNiZGEzNDQ0YzhkMzZhZTdlNGIyY2UxMWIiLCJwIjoiamlyYS1zbGFjay1pbnQifQ|AT-574 デザインカンプ>*",
                    "verbatim": false
                }
            },
            {
                "type": "context",
                "block_id": "no:cx:10596::5cc212b171c611eeb70ee3e76430283e",
                "elements": [
                    {
                        "type": "mrkdwn",
                        "text": "Status: *To Do*",
                        "verbatim": false
                    },
                    {
                        "type": "image",
                        "image_url": "https:\/\/product-integrations-cdn.atl-paas.net\/jira-issuetype\/task.png",
                        "alt_text": "Task"
                    },
                    {
                        "type": "mrkdwn",
                        "text": "Type: *Task*",
                        "verbatim": false
                    },
                    {
                        "type": "image",
                        "image_url": "https:\/\/product-integrations-cdn.atl-paas.net\/icons\/unknown-user.png",
                        "alt_text": "Unassigned"
                    },
                    {
                        "type": "mrkdwn",
                        "text": "Assignee: *Unassigned*",
                        "verbatim": false
                    },
                    {
                        "type": "image",
                        "image_url": "https:\/\/product-integrations-cdn.atl-paas.net\/jira-priority\/medium.png",
                        "alt_text": "Medium"
                    },
                    {
                        "type": "mrkdwn",
                        "text": "Priority: *Medium*",
                        "verbatim": false
                    }
                ]
            },
            {
                "type": "actions",
                "block_id": "no:issueFooterActions:10596::5cc212b271c611eeb70ee3e76430283e",
                "elements": [
                    {
                        "type": "button",
                        "action_id": "{\"issueId\":\"10596\",\"instanceId\":\"5c23e16f-eefd-3c64-9603-064f32c410c0\",\"projectId\":\"10002\",\"action\":\"transition\",\"nType\":\"ISSUE_CREATED\",\"nPlace\":\"main\"}",
                        "text": {
                            "type": "plain_text",
                            "text": "Transition",
                            "emoji": true
                        },
                        "value": "transition"
                    },
                    {
                        "type": "static_select",
                        "action_id": "{\"issueId\":\"10596\",\"instanceId\":\"5c23e16f-eefd-3c64-9603-064f32c410c0\",\"projectId\":\"10002\",\"nType\":\"ISSUE_CREATED\",\"nPlace\":\"menu\",\"actor\":\"U04T9TDB58W\"}",
                        "placeholder": {
                            "type": "plain_text",
                            "text": "More actions...",
                            "emoji": true
                        },
                        "options": [
                            {
                                "text": {
                                    "type": "plain_text",
                                    "text": "Watch",
                                    "emoji": true
                                },
                                "value": "watch"
                            },
                            {
                                "text": {
                                    "type": "plain_text",
                                    "text": "Comment",
                                    "emoji": true
                                },
                                "value": "comment"
                            },
                            {
                                "text": {
                                    "type": "plain_text",
                                    "text": "Assign",
                                    "emoji": true
                                },
                                "value": "assign"
                            },
                            {
                                "text": {
                                    "type": "plain_text",
                                    "text": "Why am I seeing this?",
                                    "emoji": true
                                },
                                "value": "why"
                            },
                            {
                                "text": {
                                    "type": "plain_text",
                                    "text": ":tada: Give kudos",
                                    "emoji": true
                                },
                                "value": "kudos"
                            }
                        ]
                    }
                ]
            }
        ],
        "team": "T04TGFGMK7C",
        "bot_profile": {
            "id": "B054V2LRMFX",
            "app_id": "A2RPP3NFR",
            "name": "Jira Cloud",
            "icons": {
                "image_36": "https:\/\/avatars.slack-edge.com\/2018-11-30\/493753869479_4b703f4119efe3d7d0ff_36.png",
                "image_48": "https:\/\/avatars.slack-edge.com\/2018-11-30\/493753869479_4b703f4119efe3d7d0ff_48.png",
                "image_72": "https:\/\/avatars.slack-edge.com\/2018-11-30\/493753869479_4b703f4119efe3d7d0ff_72.png"
            },
            "deleted": false,
            "updated": 1682467833,
            "team_id": "T04TGFGMK7C"
        }
    },
    {
        "bot_id": "B054V2LRMFX",
        "type": "message",
        "text": "@Jabelic[10\/28(土)不在] transitioned AT-574 デザインカンプ from To Do ⟶ In Progress",
        "user": "U055AKE99KK",
        "ts": "1698087533.903379",
        "app_id": "A2RPP3NFR",
        "blocks": [
            {
                "type": "section",
                "block_id": "no:ih:10596::360807a071d611eea2b135f3e9bbb11a",
                "text": {
                    "type": "mrkdwn",
                    "text": "*<slack:\/\/user?team=T04TGFGMK7C&amp;id=U04T9TDB58W|@Jabelic[10\/28(土)不在]> transitioned a Task from `To Do` ⟶ `In Progress`*\n*<https:\/\/chubachi-pt-2023.atlassian.net\/browse\/AT-574?atlOrigin=eyJpIjoiYTJmYjU5OWM5MTkwNDg0N2I4NDg3YzQxMTgxYzk1NjMiLCJwIjoiamlyYS1zbGFjay1pbnQifQ|AT-574 デザインカンプ>*\nPC:<https:\/\/www.figma.com\/file\/e738Aj2UkL84XkKgPaB8y2\/%E3%82%A2%E3%83%88%E3%83%A2%E3%83%8E?type=design&amp;node-id=2512-6535&amp;mode=design&amp;t=vIsybVneinewISvh-4> \n:camera:\nmobile:<https:\/\/www.figma.com\/file\/e738Aj2UkL84XkKgPaB8y2\/%E3%82%A2%E3%83%88%E3%83%A2%E3%83%8E?type=design&amp;node-id=3772-9044&amp;mode=design&amp;t=vIsybVneinewISvh-4> \n:camera:",
                    "verbatim": false
                }
            },
            {
                "type": "context",
                "block_id": ":cx:10596::360807a171d611eea2b135f3e9bbb11a",
                "elements": [
                    {
                        "type": "mrkdwn",
                        "text": "Status: *In Progress*",
                        "verbatim": false
                    },
                    {
                        "type": "image",
                        "image_url": "https:\/\/product-integrations-cdn.atl-paas.net\/jira-issuetype\/task.png",
                        "alt_text": "Task"
                    },
                    {
                        "type": "mrkdwn",
                        "text": "Type: *Task*",
                        "verbatim": false
                    },
                    {
                        "type": "image",
                        "image_url": "https:\/\/product-integrations-cdn.atl-paas.net\/icons\/unknown-user.png",
                        "alt_text": "Unassigned"
                    },
                    {
                        "type": "mrkdwn",
                        "text": "Assignee: *Unassigned*",
                        "verbatim": false
                    },
                    {
                        "type": "image",
                        "image_url": "https:\/\/product-integrations-cdn.atl-paas.net\/jira-priority\/medium.png",
                        "alt_text": "Medium"
                    },
                    {
                        "type": "mrkdwn",
                        "text": "Priority: *Medium*",
                        "verbatim": false
                    }
                ]
            },
            {
                "type": "actions",
                "block_id": "no:issueFooterActions:10596::360807a271d611eea2b135f3e9bbb11a",
                "elements": [
                    {
                        "type": "button",
                        "action_id": "{\"issueId\":\"10596\",\"instanceId\":\"5c23e16f-eefd-3c64-9603-064f32c410c0\",\"projectId\":\"10002\",\"action\":\"comment\",\"nType\":\"ISSUE_TRANSITIONED\",\"nPlace\":\"main\"}",
                        "text": {
                            "type": "plain_text",
                            "text": "Comment",
                            "emoji": true
                        },
                        "value": "comment"
                    },
                    {
                        "type": "static_select",
                        "action_id": "{\"issueId\":\"10596\",\"instanceId\":\"5c23e16f-eefd-3c64-9603-064f32c410c0\",\"projectId\":\"10002\",\"nType\":\"ISSUE_TRANSITIONED\",\"nPlace\":\"menu\",\"actor\":\"U04T9TDB58W\"}",
                        "placeholder": {
                            "type": "plain_text",
                            "text": "More actions...",
                            "emoji": true
                        },
                        "options": [
                            {
                                "text": {
                                    "type": "plain_text",
                                    "text": "Watch",
                                    "emoji": true
                                },
                                "value": "watch"
                            },
                            {
                                "text": {
                                    "type": "plain_text",
                                    "text": "Assign",
                                    "emoji": true
                                },
                                "value": "assign"
                            },
                            {
                                "text": {
                                    "type": "plain_text",
                                    "text": "Transition",
                                    "emoji": true
                                },
                                "value": "transition"
                            },
                            {
                                "text": {
                                    "type": "plain_text",
                                    "text": "Why am I seeing this?",
                                    "emoji": true
                                },
                                "value": "why"
                            },
                            {
                                "text": {
                                    "type": "plain_text",
                                    "text": ":tada: Give kudos",
                                    "emoji": true
                                },
                                "value": "kudos"
                            }
                        ]
                    }
                ]
            }
        ],
        "team": "T04TGFGMK7C",
        "bot_profile": {
            "id": "B054V2LRMFX",
            "app_id": "A2RPP3NFR",
            "name": "Jira Cloud",
            "icons": {
                "image_36": "https:\/\/avatars.slack-edge.com\/2018-11-30\/493753869479_4b703f4119efe3d7d0ff_36.png",
                "image_48": "https:\/\/avatars.slack-edge.com\/2018-11-30\/493753869479_4b703f4119efe3d7d0ff_48.png",
                "image_72": "https:\/\/avatars.slack-edge.com\/2018-11-30\/493753869479_4b703f4119efe3d7d0ff_72.png"
            },
            "deleted": false,
            "updated": 1682467833,
            "team_id": "T04TGFGMK7C"
        }
    },
    {
        "bot_id": "B054V2LRMFX",
        "type": "message",
        "text": "@Jabelic[10\/28(土)不在] transitioned AT-574 デザインカンプ from In Progress ⟶ In Review",
        "user": "U055AKE99KK",
        "ts": "1698087537.178279",
        "app_id": "A2RPP3NFR",
        "blocks": [
            {
                "type": "section",
                "block_id": "no:ih:10596::37fb4c2071d611ee81c5ff852c6a2801",
                "text": {
                    "type": "mrkdwn",
                    "text": "*<slack:\/\/user?team=T04TGFGMK7C&amp;id=U04T9TDB58W|@Jabelic[10\/28(土)不在]> transitioned a Task from `In Progress` ⟶ `In Review`*\n*<https:\/\/chubachi-pt-2023.atlassian.net\/browse\/AT-574?atlOrigin=eyJpIjoiOGUyNzJmNmE2NDUwNDUzZGJlMTYyMzI3OThkMDc5YjIiLCJwIjoiamlyYS1zbGFjay1pbnQifQ|AT-574 デザインカンプ>*\nPC:<https:\/\/www.figma.com\/file\/e738Aj2UkL84XkKgPaB8y2\/%E3%82%A2%E3%83%88%E3%83%A2%E3%83%8E?type=design&amp;node-id=2512-6535&amp;mode=design&amp;t=vIsybVneinewISvh-4> \n:camera:\nmobile:<https:\/\/www.figma.com\/file\/e738Aj2UkL84XkKgPaB8y2\/%E3%82%A2%E3%83%88%E3%83%A2%E3%83%8E?type=design&amp;node-id=3772-9044&amp;mode=design&amp;t=vIsybVneinewISvh-4> \n:camera:",
                    "verbatim": false
                }
            },
            {
                "type": "context",
                "block_id": ":cx:10596::37fb4c2171d611ee81c5ff852c6a2801",
                "elements": [
                    {
                        "type": "mrkdwn",
                        "text": "Status: *In Review*",
                        "verbatim": false
                    },
                    {
                        "type": "image",
                        "image_url": "https:\/\/product-integrations-cdn.atl-paas.net\/jira-issuetype\/task.png",
                        "alt_text": "Task"
                    },
                    {
                        "type": "mrkdwn",
                        "text": "Type: *Task*",
                        "verbatim": false
                    },
                    {
                        "type": "image",
                        "image_url": "https:\/\/product-integrations-cdn.atl-paas.net\/icons\/unknown-user.png",
                        "alt_text": "Unassigned"
                    },
                    {
                        "type": "mrkdwn",
                        "text": "Assignee: *Unassigned*",
                        "verbatim": false
                    },
                    {
                        "type": "image",
                        "image_url": "https:\/\/product-integrations-cdn.atl-paas.net\/jira-priority\/medium.png",
                        "alt_text": "Medium"
                    },
                    {
                        "type": "mrkdwn",
                        "text": "Priority: *Medium*",
                        "verbatim": false
                    }
                ]
            },
            {
                "type": "actions",
                "block_id": "no:issueFooterActions:10596::37fb4c2271d611ee81c5ff852c6a2801",
                "elements": [
                    {
                        "type": "button",
                        "action_id": "{\"issueId\":\"10596\",\"instanceId\":\"5c23e16f-eefd-3c64-9603-064f32c410c0\",\"projectId\":\"10002\",\"action\":\"comment\",\"nType\":\"ISSUE_TRANSITIONED\",\"nPlace\":\"main\"}",
                        "text": {
                            "type": "plain_text",
                            "text": "Comment",
                            "emoji": true
                        },
                        "value": "comment"
                    },
                    {
                        "type": "static_select",
                        "action_id": "{\"issueId\":\"10596\",\"instanceId\":\"5c23e16f-eefd-3c64-9603-064f32c410c0\",\"projectId\":\"10002\",\"nType\":\"ISSUE_TRANSITIONED\",\"nPlace\":\"menu\",\"actor\":\"U04T9TDB58W\"}",
                        "placeholder": {
                            "type": "plain_text",
                            "text": "More actions...",
                            "emoji": true
                        },
                        "options": [
                            {
                                "text": {
                                    "type": "plain_text",
                                    "text": "Watch",
                                    "emoji": true
                                },
                                "value": "watch"
                            },
                            {
                                "text": {
                                    "type": "plain_text",
                                    "text": "Assign",
                                    "emoji": true
                                },
                                "value": "assign"
                            },
                            {
                                "text": {
                                    "type": "plain_text",
                                    "text": "Transition",
                                    "emoji": true
                                },
                                "value": "transition"
                            },
                            {
                                "text": {
                                    "type": "plain_text",
                                    "text": "Why am I seeing this?",
                                    "emoji": true
                                },
                                "value": "why"
                            },
                            {
                                "text": {
                                    "type": "plain_text",
                                    "text": ":tada: Give kudos",
                                    "emoji": true
                                },
                                "value": "kudos"
                            }
                        ]
                    }
                ]
            }
        ],
        "team": "T04TGFGMK7C",
        "bot_profile": {
            "id": "B054V2LRMFX",
            "app_id": "A2RPP3NFR",
            "name": "Jira Cloud",
            "icons": {
                "image_36": "https:\/\/avatars.slack-edge.com\/2018-11-30\/493753869479_4b703f4119efe3d7d0ff_36.png",
                "image_48": "https:\/\/avatars.slack-edge.com\/2018-11-30\/493753869479_4b703f4119efe3d7d0ff_48.png",
                "image_72": "https:\/\/avatars.slack-edge.com\/2018-11-30\/493753869479_4b703f4119efe3d7d0ff_72.png"
            },
            "deleted": false,
            "updated": 1682467833,
            "team_id": "T04TGFGMK7C"
        }
    },
    {
        "bot_id": "B054V2LRMFX",
        "type": "message",
        "text": "@satoshi.hirata commented on AT-550 BE: ユーザ本人以外リストを編集できないように認可処理を追加する",
        "user": "U055AKE99KK",
        "ts": "1698107717.832899",
        "app_id": "A2RPP3NFR",
        "blocks": [
            {
                "type": "section",
                "block_id": "no:ih:10572::3498b4d0720511ee8747112916c1fcd6",
                "text": {
                    "type": "mrkdwn",
                    "text": "*<slack:\/\/user?team=T04TGFGMK7C&amp;id=U04TGBZ4XEX|@satoshi.hirata> commented on a タスク in `To Do`*\n*<https:\/\/chubachi-pt-2023.atlassian.net\/browse\/AT-550?atlOrigin=eyJpIjoiMmY4ZDA1ODhmMmFjNDg3N2IzZWMwM2M5OGRiOGQ4YTgiLCJwIjoiamlyYS1zbGFjay1pbnQifQ&amp;focusedCommentId=10212&amp;page=com.atlassian.jira.plugin.system.issuetabpanels%3Acomment-tabpanel#comment-10212|AT-550 BE: ユーザ本人以外リストを編集できないように認可処理を追加する>*",
                    "verbatim": false
                }
            },
            {
                "type": "section",
                "block_id": "cn:nb:issue-commented-hook%3AsubscriptionHooks%3A1534139%3A63987e6af78d12c0f47112a9%3A10212::3498dbe0720511ee8747112916c1fcd6",
                "text": {
                    "type": "mrkdwn",
                    "text": "&gt;&gt;&gt;<https:\/\/chubachi-pt-2023.atlassian.net\/browse\/AT-506> の中で同時に対応しました。クローズします",
                    "verbatim": false
                }
            },
            {
                "type": "actions",
                "block_id": "no:issueFooterActions:10572::3498dbe1720511ee8747112916c1fcd6",
                "elements": [
                    {
                        "type": "button",
                        "action_id": "{\"issueId\":\"10572\",\"instanceId\":\"5c23e16f-eefd-3c64-9603-064f32c410c0\",\"projectId\":\"10002\",\"action\":\"comment\",\"nType\":\"ISSUE_COMMENTED\",\"nPlace\":\"main\"}",
                        "text": {
                            "type": "plain_text",
                            "text": "Comment",
                            "emoji": true
                        },
                        "value": "comment"
                    },
                    {
                        "type": "static_select",
                        "action_id": "{\"issueId\":\"10572\",\"instanceId\":\"5c23e16f-eefd-3c64-9603-064f32c410c0\",\"projectId\":\"10002\",\"nType\":\"ISSUE_COMMENTED\",\"nPlace\":\"menu\",\"actor\":\"U04TGBZ4XEX\"}",
                        "placeholder": {
                            "type": "plain_text",
                            "text": "More actions...",
                            "emoji": true
                        },
                        "options": [
                            {
                                "text": {
                                    "type": "plain_text",
                                    "text": "Watch",
                                    "emoji": true
                                },
                                "value": "watch"
                            },
                            {
                                "text": {
                                    "type": "plain_text",
                                    "text": "Assign",
                                    "emoji": true
                                },
                                "value": "assign"
                            },
                            {
                                "text": {
                                    "type": "plain_text",
                                    "text": "Transition",
                                    "emoji": true
                                },
                                "value": "transition"
                            },
                            {
                                "text": {
                                    "type": "plain_text",
                                    "text": "Why am I seeing this?",
                                    "emoji": true
                                },
                                "value": "why"
                            },
                            {
                                "text": {
                                    "type": "plain_text",
                                    "text": ":tada: Give kudos",
                                    "emoji": true
                                },
                                "value": "kudos"
                            }
                        ]
                    }
                ]
            }
        ],
        "team": "T04TGFGMK7C",
        "bot_profile": {
            "id": "B054V2LRMFX",
            "app_id": "A2RPP3NFR",
            "name": "Jira Cloud",
            "icons": {
                "image_36": "https:\/\/avatars.slack-edge.com\/2018-11-30\/493753869479_4b703f4119efe3d7d0ff_36.png",
                "image_48": "https:\/\/avatars.slack-edge.com\/2018-11-30\/493753869479_4b703f4119efe3d7d0ff_48.png",
                "image_72": "https:\/\/avatars.slack-edge.com\/2018-11-30\/493753869479_4b703f4119efe3d7d0ff_72.png"
            },
            "deleted": false,
            "updated": 1682467833,
            "team_id": "T04TGFGMK7C"
        }
    },
    {
        "bot_id": "B054V2LRMFX",
        "type": "message",
        "text": "@satoshi.hirata transitioned AT-550 BE: ユーザ本人以外リストを編集できないように認可処理を追加する from To Do ⟶ In Progress",
        "user": "U055AKE99KK",
        "ts": "1698107744.995189",
        "app_id": "A2RPP3NFR",
        "blocks": [
            {
                "type": "section",
                "block_id": "no:ih:10572::44c9c1a0720511ee8aba8d693588cfec",
                "text": {
                    "type": "mrkdwn",
                    "text": "*<slack:\/\/user?team=T04TGFGMK7C&amp;id=U04TGBZ4XEX|@satoshi.hirata> transitioned a Task from `To Do` ⟶ `In Progress`*\n*<https:\/\/chubachi-pt-2023.atlassian.net\/browse\/AT-550?atlOrigin=eyJpIjoiMzA5YzRkMmZiOTM4NGMwZjk3MjM1NTA2YTRjNmM2ZTciLCJwIjoiamlyYS1zbGFjay1pbnQifQ|AT-550 BE: ユーザ本人以外リストを編集できないように認可処理を追加する>*",
                    "verbatim": false
                }
            },
            {
                "type": "context",
                "block_id": ":cx:10572::44c9c1a1720511ee8aba8d693588cfec",
                "elements": [
                    {
                        "type": "mrkdwn",
                        "text": "Status: *In Progress*",
                        "verbatim": false
                    },
                    {
                        "type": "image",
                        "image_url": "https:\/\/product-integrations-cdn.atl-paas.net\/jira-issuetype\/task.png",
                        "alt_text": "Task"
                    },
                    {
                        "type": "mrkdwn",
                        "text": "Type: *Task*",
                        "verbatim": false
                    },
                    {
                        "type": "image",
                        "image_url": "https:\/\/avatar-management--avatars.us-west-2.prod.public.atl-paas.net\/63987e6af78d12c0f47112a9\/beb62d32-7489-4ee5-9ddf-7cda1fb42a9d\/48?d=https%3A%2F%2Fproduct-integrations-cdn.atl-paas.net%2Ficons%2Funknown-user.png",
                        "alt_text": "satoshi.hirata"
                    },
                    {
                        "type": "mrkdwn",
                        "text": "Assignee: *satoshi.hirata*",
                        "verbatim": false
                    },
                    {
                        "type": "image",
                        "image_url": "https:\/\/product-integrations-cdn.atl-paas.net\/jira-priority\/medium.png",
                        "alt_text": "Medium"
                    },
                    {
                        "type": "mrkdwn",
                        "text": "Priority: *Medium*",
                        "verbatim": false
                    }
                ]
            },
            {
                "type": "actions",
                "block_id": "no:issueFooterActions:10572::44c9c1a2720511ee8aba8d693588cfec",
                "elements": [
                    {
                        "type": "button",
                        "action_id": "{\"issueId\":\"10572\",\"instanceId\":\"5c23e16f-eefd-3c64-9603-064f32c410c0\",\"projectId\":\"10002\",\"action\":\"comment\",\"nType\":\"ISSUE_TRANSITIONED\",\"nPlace\":\"main\"}",
                        "text": {
                            "type": "plain_text",
                            "text": "Comment",
                            "emoji": true
                        },
                        "value": "comment"
                    },
                    {
                        "type": "static_select",
                        "action_id": "{\"issueId\":\"10572\",\"instanceId\":\"5c23e16f-eefd-3c64-9603-064f32c410c0\",\"projectId\":\"10002\",\"nType\":\"ISSUE_TRANSITIONED\",\"nPlace\":\"menu\",\"actor\":\"U04TGBZ4XEX\"}",
                        "placeholder": {
                            "type": "plain_text",
                            "text": "More actions...",
                            "emoji": true
                        },
                        "options": [
                            {
                                "text": {
                                    "type": "plain_text",
                                    "text": "Watch",
                                    "emoji": true
                                },
                                "value": "watch"
                            },
                            {
                                "text": {
                                    "type": "plain_text",
                                    "text": "Assign",
                                    "emoji": true
                                },
                                "value": "assign"
                            },
                            {
                                "text": {
                                    "type": "plain_text",
                                    "text": "Transition",
                                    "emoji": true
                                },
                                "value": "transition"
                            },
                            {
                                "text": {
                                    "type": "plain_text",
                                    "text": "Why am I seeing this?",
                                    "emoji": true
                                },
                                "value": "why"
                            },
                            {
                                "text": {
                                    "type": "plain_text",
                                    "text": ":tada: Give kudos",
                                    "emoji": true
                                },
                                "value": "kudos"
                            }
                        ]
                    }
                ]
            }
        ],
        "team": "T04TGFGMK7C",
        "bot_profile": {
            "id": "B054V2LRMFX",
            "app_id": "A2RPP3NFR",
            "name": "Jira Cloud",
            "icons": {
                "image_36": "https:\/\/avatars.slack-edge.com\/2018-11-30\/493753869479_4b703f4119efe3d7d0ff_36.png",
                "image_48": "https:\/\/avatars.slack-edge.com\/2018-11-30\/493753869479_4b703f4119efe3d7d0ff_48.png",
                "image_72": "https:\/\/avatars.slack-edge.com\/2018-11-30\/493753869479_4b703f4119efe3d7d0ff_72.png"
            },
            "deleted": false,
            "updated": 1682467833,
            "team_id": "T04TGFGMK7C"
        }
    },
    {
        "bot_id": "B054V2LRMFX",
        "type": "message",
        "text": "@satoshi.hirata transitioned AT-550 BE: ユーザ本人以外リストを編集できないように認可処理を追加する from In Progress ⟶ In Review",
        "user": "U055AKE99KK",
        "ts": "1698107746.702889",
        "app_id": "A2RPP3NFR",
        "blocks": [
            {
                "type": "section",
                "block_id": "no:ih:10572::45ce6060720511ee8747112916c1fcd6",
                "text": {
                    "type": "mrkdwn",
                    "text": "*<slack:\/\/user?team=T04TGFGMK7C&amp;id=U04TGBZ4XEX|@satoshi.hirata> transitioned a Task from `In Progress` ⟶ `In Review`*\n*<https:\/\/chubachi-pt-2023.atlassian.net\/browse\/AT-550?atlOrigin=eyJpIjoiYmIyNWE4OWM4ZmE3NDI5MjgzOWVjZTQ1Y2RlYjNiNzciLCJwIjoiamlyYS1zbGFjay1pbnQifQ|AT-550 BE: ユーザ本人以外リストを編集できないように認可処理を追加する>*",
                    "verbatim": false
                }
            },
            {
                "type": "context",
                "block_id": ":cx:10572::45ce6061720511ee8747112916c1fcd6",
                "elements": [
                    {
                        "type": "mrkdwn",
                        "text": "Status: *In Review*",
                        "verbatim": false
                    },
                    {
                        "type": "image",
                        "image_url": "https:\/\/product-integrations-cdn.atl-paas.net\/jira-issuetype\/task.png",
                        "alt_text": "Task"
                    },
                    {
                        "type": "mrkdwn",
                        "text": "Type: *Task*",
                        "verbatim": false
                    },
                    {
                        "type": "image",
                        "image_url": "https:\/\/avatar-management--avatars.us-west-2.prod.public.atl-paas.net\/63987e6af78d12c0f47112a9\/beb62d32-7489-4ee5-9ddf-7cda1fb42a9d\/48?d=https%3A%2F%2Fproduct-integrations-cdn.atl-paas.net%2Ficons%2Funknown-user.png",
                        "alt_text": "satoshi.hirata"
                    },
                    {
                        "type": "mrkdwn",
                        "text": "Assignee: *satoshi.hirata*",
                        "verbatim": false
                    },
                    {
                        "type": "image",
                        "image_url": "https:\/\/product-integrations-cdn.atl-paas.net\/jira-priority\/medium.png",
                        "alt_text": "Medium"
                    },
                    {
                        "type": "mrkdwn",
                        "text": "Priority: *Medium*",
                        "verbatim": false
                    }
                ]
            },
            {
                "type": "actions",
                "block_id": "no:issueFooterActions:10572::45ce6062720511ee8747112916c1fcd6",
                "elements": [
                    {
                        "type": "button",
                        "action_id": "{\"issueId\":\"10572\",\"instanceId\":\"5c23e16f-eefd-3c64-9603-064f32c410c0\",\"projectId\":\"10002\",\"action\":\"comment\",\"nType\":\"ISSUE_TRANSITIONED\",\"nPlace\":\"main\"}",
                        "text": {
                            "type": "plain_text",
                            "text": "Comment",
                            "emoji": true
                        },
                        "value": "comment"
                    },
                    {
                        "type": "static_select",
                        "action_id": "{\"issueId\":\"10572\",\"instanceId\":\"5c23e16f-eefd-3c64-9603-064f32c410c0\",\"projectId\":\"10002\",\"nType\":\"ISSUE_TRANSITIONED\",\"nPlace\":\"menu\",\"actor\":\"U04TGBZ4XEX\"}",
                        "placeholder": {
                            "type": "plain_text",
                            "text": "More actions...",
                            "emoji": true
                        },
                        "options": [
                            {
                                "text": {
                                    "type": "plain_text",
                                    "text": "Watch",
                                    "emoji": true
                                },
                                "value": "watch"
                            },
                            {
                                "text": {
                                    "type": "plain_text",
                                    "text": "Assign",
                                    "emoji": true
                                },
                                "value": "assign"
                            },
                            {
                                "text": {
                                    "type": "plain_text",
                                    "text": "Transition",
                                    "emoji": true
                                },
                                "value": "transition"
                            },
                            {
                                "text": {
                                    "type": "plain_text",
                                    "text": "Why am I seeing this?",
                                    "emoji": true
                                },
                                "value": "why"
                            },
                            {
                                "text": {
                                    "type": "plain_text",
                                    "text": ":tada: Give kudos",
                                    "emoji": true
                                },
                                "value": "kudos"
                            }
                        ]
                    }
                ]
            }
        ],
        "team": "T04TGFGMK7C",
        "bot_profile": {
            "id": "B054V2LRMFX",
            "app_id": "A2RPP3NFR",
            "name": "Jira Cloud",
            "icons": {
                "image_36": "https:\/\/avatars.slack-edge.com\/2018-11-30\/493753869479_4b703f4119efe3d7d0ff_36.png",
                "image_48": "https:\/\/avatars.slack-edge.com\/2018-11-30\/493753869479_4b703f4119efe3d7d0ff_48.png",
                "image_72": "https:\/\/avatars.slack-edge.com\/2018-11-30\/493753869479_4b703f4119efe3d7d0ff_72.png"
            },
            "deleted": false,
            "updated": 1682467833,
            "team_id": "T04TGFGMK7C"
        }
    },
    {
        "bot_id": "B054V2LRMFX",
        "type": "message",
        "text": "@satoshi.hirata transitioned AT-550 BE: ユーザ本人以外リストを編集できないように認可処理を追加する from In Review ⟶ Done",
        "user": "U055AKE99KK",
        "ts": "1698107748.178199",
        "app_id": "A2RPP3NFR",
        "blocks": [
            {
                "type": "section",
                "block_id": "no:ih:10572::46afe6c0720511eeb5d2a10aeb6d21cd",
                "text": {
                    "type": "mrkdwn",
                    "text": "*<slack:\/\/user?team=T04TGFGMK7C&amp;id=U04TGBZ4XEX|@satoshi.hirata> transitioned a Task from `In Review` ⟶ `Done`*\n*<https:\/\/chubachi-pt-2023.atlassian.net\/browse\/AT-550?atlOrigin=eyJpIjoiOTZmNTE0OTVhMjY0NDUyMzhiZjNhNzBiNmM3N2E2YjMiLCJwIjoiamlyYS1zbGFjay1pbnQifQ|AT-550 BE: ユーザ本人以外リストを編集できないように認可処理を追加する>*",
                    "verbatim": false
                }
            },
            {
                "type": "context",
                "block_id": ":cx:10572::46afe6c1720511eeb5d2a10aeb6d21cd",
                "elements": [
                    {
                        "type": "mrkdwn",
                        "text": "Status: *Done*",
                        "verbatim": false
                    },
                    {
                        "type": "image",
                        "image_url": "https:\/\/product-integrations-cdn.atl-paas.net\/jira-issuetype\/task.png",
                        "alt_text": "Task"
                    },
                    {
                        "type": "mrkdwn",
                        "text": "Type: *Task*",
                        "verbatim": false
                    },
                    {
                        "type": "image",
                        "image_url": "https:\/\/avatar-management--avatars.us-west-2.prod.public.atl-paas.net\/63987e6af78d12c0f47112a9\/beb62d32-7489-4ee5-9ddf-7cda1fb42a9d\/48?d=https%3A%2F%2Fproduct-integrations-cdn.atl-paas.net%2Ficons%2Funknown-user.png",
                        "alt_text": "satoshi.hirata"
                    },
                    {
                        "type": "mrkdwn",
                        "text": "Assignee: *satoshi.hirata*",
                        "verbatim": false
                    },
                    {
                        "type": "image",
                        "image_url": "https:\/\/product-integrations-cdn.atl-paas.net\/jira-priority\/medium.png",
                        "alt_text": "Medium"
                    },
                    {
                        "type": "mrkdwn",
                        "text": "Priority: *Medium*",
                        "verbatim": false
                    }
                ]
            },
            {
                "type": "actions",
                "block_id": "no:issueFooterActions:10572::46afe6c2720511eeb5d2a10aeb6d21cd",
                "elements": [
                    {
                        "type": "button",
                        "action_id": "{\"issueId\":\"10572\",\"instanceId\":\"5c23e16f-eefd-3c64-9603-064f32c410c0\",\"projectId\":\"10002\",\"action\":\"comment\",\"nType\":\"ISSUE_TRANSITIONED\",\"nPlace\":\"main\"}",
                        "text": {
                            "type": "plain_text",
                            "text": "Comment",
                            "emoji": true
                        },
                        "value": "comment"
                    },
                    {
                        "type": "static_select",
                        "action_id": "{\"issueId\":\"10572\",\"instanceId\":\"5c23e16f-eefd-3c64-9603-064f32c410c0\",\"projectId\":\"10002\",\"nType\":\"ISSUE_TRANSITIONED\",\"nPlace\":\"menu\",\"actor\":\"U04TGBZ4XEX\"}",
                        "placeholder": {
                            "type": "plain_text",
                            "text": "More actions...",
                            "emoji": true
                        },
                        "options": [
                            {
                                "text": {
                                    "type": "plain_text",
                                    "text": "Watch",
                                    "emoji": true
                                },
                                "value": "watch"
                            },
                            {
                                "text": {
                                    "type": "plain_text",
                                    "text": "Assign",
                                    "emoji": true
                                },
                                "value": "assign"
                            },
                            {
                                "text": {
                                    "type": "plain_text",
                                    "text": "Transition",
                                    "emoji": true
                                },
                                "value": "transition"
                            },
                            {
                                "text": {
                                    "type": "plain_text",
                                    "text": "Why am I seeing this?",
                                    "emoji": true
                                },
                                "value": "why"
                            },
                            {
                                "text": {
                                    "type": "plain_text",
                                    "text": ":tada: Give kudos",
                                    "emoji": true
                                },
                                "value": "kudos"
                            }
                        ]
                    }
                ]
            }
        ],
        "team": "T04TGFGMK7C",
        "bot_profile": {
            "id": "B054V2LRMFX",
            "app_id": "A2RPP3NFR",
            "name": "Jira Cloud",
            "icons": {
                "image_36": "https:\/\/avatars.slack-edge.com\/2018-11-30\/493753869479_4b703f4119efe3d7d0ff_36.png",
                "image_48": "https:\/\/avatars.slack-edge.com\/2018-11-30\/493753869479_4b703f4119efe3d7d0ff_48.png",
                "image_72": "https:\/\/avatars.slack-edge.com\/2018-11-30\/493753869479_4b703f4119efe3d7d0ff_72.png"
            },
            "deleted": false,
            "updated": 1682467833,
            "team_id": "T04TGFGMK7C"
        }
    }
]