[
    {
        "client_msg_id": "71f54ec5-e6b8-4966-bbbf-43d8cce93388",
        "type": "message",
        "text": "<https:\/\/github.com\/chubachi-pt-2023\/atomono-api\/pull\/102\/commits> なんか僕の環境おかしくない？commitが辺に入っちゃう",
        "user": "U04T9TDB58W",
        "ts": "1698843672.776899",
        "blocks": [
            {
                "type": "rich_text",
                "block_id": "pgB80",
                "elements": [
                    {
                        "type": "rich_text_section",
                        "elements": [
                            {
                                "type": "link",
                                "url": "https:\/\/github.com\/chubachi-pt-2023\/atomono-api\/pull\/102\/commits"
                            },
                            {
                                "type": "text",
                                "text": " なんか僕の環境おかしくない？commitが辺に入っちゃう"
                            }
                        ]
                    }
                ]
            }
        ],
        "team": "T04TGFGMK7C",
        "user_team": "T04TGFGMK7C",
        "source_team": "T04TGFGMK7C",
        "user_profile": {
            "avatar_hash": "183a619e0408",
            "image_72": "https:\/\/avatars.slack-edge.com\/2023-03-11\/4958815898464_183a619e0408c53031fd_72.jpg",
            "first_name": "Hibiki",
            "real_name": "Hibiki Mizuno",
            "display_name": "Jabelic スクラムマスター",
            "team": "T04TGFGMK7C",
            "name": "a2239hm",
            "is_restricted": false,
            "is_ultra_restricted": false
        },
        "reactions": [
            {
                "name": "no_mouth",
                "users": [
                    "U04TGBZ4XEX"
                ],
                "count": 1
            }
        ]
    },
    {
        "client_msg_id": "3d8d7733-9f9b-4e66-b49b-eb3e72882a21",
        "type": "message",
        "text": "pullのオプション？",
        "user": "U04T9TDB58W",
        "ts": "1698843682.852289",
        "blocks": [
            {
                "type": "rich_text",
                "block_id": "EkAcT",
                "elements": [
                    {
                        "type": "rich_text_section",
                        "elements": [
                            {
                                "type": "text",
                                "text": "pullのオプション？"
                            }
                        ]
                    }
                ]
            }
        ],
        "team": "T04TGFGMK7C",
        "user_team": "T04TGFGMK7C",
        "source_team": "T04TGFGMK7C",
        "user_profile": {
            "avatar_hash": "183a619e0408",
            "image_72": "https:\/\/avatars.slack-edge.com\/2023-03-11\/4958815898464_183a619e0408c53031fd_72.jpg",
            "first_name": "Hibiki",
            "real_name": "Hibiki Mizuno",
            "display_name": "Jabelic スクラムマスター",
            "team": "T04TGFGMK7C",
            "name": "a2239hm",
            "is_restricted": false,
            "is_ultra_restricted": false
        },
        "edited": {
            "user": "U04T9TDB58W",
            "ts": "1698843699.000000"
        }
    },
    {
        "client_msg_id": "2bdc827c-6433-4b23-9982-4fa44fe3aaaa",
        "type": "message",
        "text": "直した\ngit reset  origin\/develop --hard",
        "user": "U04T9TDB58W",
        "ts": "1698843833.029319",
        "blocks": [
            {
                "type": "rich_text",
                "block_id": "+sqWa",
                "elements": [
                    {
                        "type": "rich_text_section",
                        "elements": [
                            {
                                "type": "text",
                                "text": "直した\ngit reset  origin\/develop --hard"
                            }
                        ]
                    }
                ]
            }
        ],
        "team": "T04TGFGMK7C",
        "user_team": "T04TGFGMK7C",
        "source_team": "T04TGFGMK7C",
        "user_profile": {
            "avatar_hash": "183a619e0408",
            "image_72": "https:\/\/avatars.slack-edge.com\/2023-03-11\/4958815898464_183a619e0408c53031fd_72.jpg",
            "first_name": "Hibiki",
            "real_name": "Hibiki Mizuno",
            "display_name": "Jabelic スクラムマスター",
            "team": "T04TGFGMK7C",
            "name": "a2239hm",
            "is_restricted": false,
            "is_ultra_restricted": false
        },
        "edited": {
            "user": "U04T9TDB58W",
            "ts": "1698843839.000000"
        },
        "reactions": [
            {
                "name": "rotating_light",
                "users": [
                    "U04U66DSPEU"
                ],
                "count": 1
            }
        ]
    },
    {
        "client_msg_id": "a4256b73-853f-4974-af4b-a8b0bd921f62",
        "type": "message",
        "text": "明日レビューします <https:\/\/github.com\/chubachi-pt-2023\/atomono-front\/pulls>",
        "user": "U04T9TDB58W",
        "ts": "1698860671.455779",
        "blocks": [
            {
                "type": "rich_text",
                "block_id": "jbCpl",
                "elements": [
                    {
                        "type": "rich_text_section",
                        "elements": [
                            {
                                "type": "text",
                                "text": "明日レビューします "
                            },
                            {
                                "type": "link",
                                "url": "https:\/\/github.com\/chubachi-pt-2023\/atomono-front\/pulls"
                            }
                        ]
                    }
                ]
            }
        ],
        "team": "T04TGFGMK7C",
        "user_team": "T04TGFGMK7C",
        "source_team": "T04TGFGMK7C",
        "user_profile": {
            "avatar_hash": "183a619e0408",
            "image_72": "https:\/\/avatars.slack-edge.com\/2023-03-11\/4958815898464_183a619e0408c53031fd_72.jpg",
            "first_name": "Hibiki",
            "real_name": "Hibiki Mizuno",
            "display_name": "Jabelic スクラムマスター",
            "team": "T04TGFGMK7C",
            "name": "a2239hm",
            "is_restricted": false,
            "is_ultra_restricted": false
        },
        "reactions": [
            {
                "name": "otsukaresamadesu",
                "users": [
                    "U04U66DSPEU"
                ],
                "count": 1
            }
        ]
    }
]