[
    {
        "client_msg_id": "4a86c344-e2f9-4b17-8eab-76ae882200d3",
        "type": "message",
        "text": "特に614のチケット手つけてない。\n水野さんやるなら自分はこっちやるわ\n<https:\/\/chubachi-pt-2023.atlassian.net\/browse\/AT-599>",
        "user": "U04TV4NASPK",
        "ts": "1699168167.442009",
        "blocks": [
            {
                "type": "rich_text",
                "block_id": "FCk+G",
                "elements": [
                    {
                        "type": "rich_text_section",
                        "elements": [
                            {
                                "type": "text",
                                "text": "特に614のチケット手つけてない。\n水野さんやるなら自分はこっちやるわ\n"
                            },
                            {
                                "type": "link",
                                "url": "https:\/\/chubachi-pt-2023.atlassian.net\/browse\/AT-599"
                            }
                        ]
                    }
                ]
            }
        ],
        "team": "T04TGFGMK7C",
        "user_team": "T04TGFGMK7C",
        "source_team": "T04TGFGMK7C",
        "user_profile": {
            "avatar_hash": "342942264635",
            "image_72": "https:\/\/avatars.slack-edge.com\/2023-03-11\/4927985433382_34294226463524804a2d_72.jpg",
            "first_name": "Nakayama",
            "real_name": "Nakayama Kenta",
            "display_name": "Nakayama",
            "team": "T04TGFGMK7C",
            "name": "a2231kn",
            "is_restricted": false,
            "is_ultra_restricted": false
        },
        "edited": {
            "user": "U04TV4NASPK",
            "ts": "1699168203.000000"
        },
        "attachments": [
            {
                "id": 1,
                "blocks": [
                    {
                        "type": "section",
                        "block_id": "uf:ih:10630::42dc88b07baa11eea7fdb3da46d9a6e0",
                        "text": {
                            "type": "mrkdwn",
                            "text": "*<https:\/\/chubachi-pt-2023.atlassian.net\/browse\/AT-599?atlOrigin=eyJpIjoiMzNlZmUzY2I2ZDJjNDA2NmEwZGMwZWU5MThlNjkyNGMiLCJwIjoiamlyYS1zbGFjay1pbnQifQ|AT-599 ユーザーが商品を検索時にフィルタリングできること>*",
                            "verbatim": false
                        }
                    },
                    {
                        "type": "context",
                        "block_id": "uf:cx:10630::42dcafc07baa11eea7fdb3da46d9a6e0",
                        "elements": [
                            {
                                "type": "mrkdwn",
                                "text": "Status: *To Do*",
                                "verbatim": false
                            },
                            {
                                "type": "image",
                                "image_url": "https:\/\/product-integrations-cdn.atl-paas.net\/jira-issuetype\/epic.png",
                                "alt_text": "Epic"
                            },
                            {
                                "type": "mrkdwn",
                                "text": "Type: *Epic*",
                                "verbatim": false
                            },
                            {
                                "type": "image",
                                "image_url": "https:\/\/product-integrations-cdn.atl-paas.net\/icons\/unknown-user.png",
                                "alt_text": "Unassigned"
                            },
                            {
                                "type": "mrkdwn",
                                "text": "Assignee: *Unassigned*",
                                "verbatim": false
                            },
                            {
                                "type": "image",
                                "image_url": "https:\/\/product-integrations-cdn.atl-paas.net\/jira-priority\/medium.png",
                                "alt_text": "Medium"
                            },
                            {
                                "type": "mrkdwn",
                                "text": "Priority: *Medium*",
                                "verbatim": false
                            }
                        ]
                    },
                    {
                        "type": "actions",
                        "block_id": "uf:issueFooterActions:10630::42dc88b17baa11eea7fdb3da46d9a6e0",
                        "elements": [
                            {
                                "type": "button",
                                "action_id": "{\"issueId\":\"10630\",\"instanceId\":\"5c23e16f-eefd-3c64-9603-064f32c410c0\",\"projectId\":\"10002\",\"action\":\"watch\",\"nType\":\"ISSUE_UNFURL\",\"nPlace\":\"main\"}",
                                "text": {
                                    "type": "plain_text",
                                    "text": "Watch",
                                    "emoji": true
                                },
                                "value": "watch"
                            },
                            {
                                "type": "static_select",
                                "action_id": "{\"issueId\":\"10630\",\"instanceId\":\"5c23e16f-eefd-3c64-9603-064f32c410c0\",\"projectId\":\"10002\",\"nType\":\"ISSUE_UNFURL\",\"nPlace\":\"menu\"}",
                                "placeholder": {
                                    "type": "plain_text",
                                    "text": "More actions...",
                                    "emoji": true
                                },
                                "options": [
                                    {
                                        "text": {
                                            "type": "plain_text",
                                            "text": "Comment",
                                            "emoji": true
                                        },
                                        "value": "comment"
                                    },
                                    {
                                        "text": {
                                            "type": "plain_text",
                                            "text": "Assign",
                                            "emoji": true
                                        },
                                        "value": "assign"
                                    },
                                    {
                                        "text": {
                                            "type": "plain_text",
                                            "text": "Transition",
                                            "emoji": true
                                        },
                                        "value": "transition"
                                    },
                                    {
                                        "text": {
                                            "type": "plain_text",
                                            "text": "Why am I seeing this?",
                                            "emoji": true
                                        },
                                        "value": "why"
                                    },
                                    {
                                        "text": {
                                            "type": "plain_text",
                                            "text": "Receive updates in channel",
                                            "emoji": true
                                        },
                                        "value": "connect"
                                    }
                                ]
                            }
                        ]
                    }
                ],
                "color": "#2684FF",
                "fallback": "[no preview available]",
                "bot_id": "B054V2LRMFX",
                "app_unfurl_url": "https:\/\/chubachi-pt-2023.atlassian.net\/browse\/AT-599",
                "is_app_unfurl": true,
                "app_id": "A2RPP3NFR"
            }
        ],
        "thread_ts": "1699159795.792919",
        "parent_user_id": "U04T9TDB58W",
        "reactions": [
            {
                "name": "+1",
                "users": [
                    "U04T9TDB58W"
                ],
                "count": 1
            }
        ]
    },
    {
        "client_msg_id": "2a1f5db7-a345-4641-bb63-acf659d62111",
        "type": "message",
        "text": "プロフィールページ作らないとなー",
        "user": "U04T9TDB58W",
        "ts": "1699180585.579029",
        "blocks": [
            {
                "type": "rich_text",
                "block_id": "FmSG\/",
                "elements": [
                    {
                        "type": "rich_text_section",
                        "elements": [
                            {
                                "type": "text",
                                "text": "プロフィールページ作らないとなー"
                            }
                        ]
                    }
                ]
            }
        ],
        "team": "T04TGFGMK7C",
        "user_team": "T04TGFGMK7C",
        "source_team": "T04TGFGMK7C",
        "user_profile": {
            "avatar_hash": "183a619e0408",
            "image_72": "https:\/\/avatars.slack-edge.com\/2023-03-11\/4958815898464_183a619e0408c53031fd_72.jpg",
            "first_name": "Hibiki",
            "real_name": "Hibiki Mizuno",
            "display_name": "Jabelic スクラムマスター",
            "team": "T04TGFGMK7C",
            "name": "a2239hm",
            "is_restricted": false,
            "is_ultra_restricted": false
        }
    },
    {
        "client_msg_id": "405f0c6b-7a7d-4d67-b7ea-7f54ba750a46",
        "type": "message",
        "text": "やば、ぎりぎりだ",
        "user": "U04T9TDB58W",
        "ts": "1699185443.546929",
        "blocks": [
            {
                "type": "rich_text",
                "block_id": "a0AZw",
                "elements": [
                    {
                        "type": "rich_text_section",
                        "elements": [
                            {
                                "type": "text",
                                "text": "やば、ぎりぎりだ"
                            }
                        ]
                    }
                ]
            }
        ],
        "team": "T04TGFGMK7C",
        "user_team": "T04TGFGMK7C",
        "source_team": "T04TGFGMK7C",
        "user_profile": {
            "avatar_hash": "183a619e0408",
            "image_72": "https:\/\/avatars.slack-edge.com\/2023-03-11\/4958815898464_183a619e0408c53031fd_72.jpg",
            "first_name": "Hibiki",
            "real_name": "Hibiki Mizuno",
            "display_name": "Jabelic スクラムマスター",
            "team": "T04TGFGMK7C",
            "name": "a2239hm",
            "is_restricted": false,
            "is_ultra_restricted": false
        }
    },
    {
        "client_msg_id": "931b65a6-6d96-4972-9a48-b77d31d4a154",
        "type": "message",
        "text": "編集, 404が帰ってくる…",
        "user": "U04T9TDB58W",
        "ts": "1699194882.847619",
        "blocks": [
            {
                "type": "rich_text",
                "block_id": "+VSv1",
                "elements": [
                    {
                        "type": "rich_text_section",
                        "elements": [
                            {
                                "type": "text",
                                "text": "編集, 404が帰ってくる…"
                            }
                        ]
                    }
                ]
            }
        ],
        "team": "T04TGFGMK7C",
        "user_team": "T04TGFGMK7C",
        "source_team": "T04TGFGMK7C",
        "user_profile": {
            "avatar_hash": "183a619e0408",
            "image_72": "https:\/\/avatars.slack-edge.com\/2023-03-11\/4958815898464_183a619e0408c53031fd_72.jpg",
            "first_name": "Hibiki",
            "real_name": "Hibiki Mizuno",
            "display_name": "Jabelic スクラムマスター",
            "team": "T04TGFGMK7C",
            "name": "a2239hm",
            "is_restricted": false,
            "is_ultra_restricted": false
        }
    },
    {
        "client_msg_id": "c776a6e3-f5c1-48ee-8825-1485af844f2f",
        "type": "message",
        "text": "`PATCH <https:\/\/atomono-api-dev.herokuapp.com\/api\/v1\/users\/1\/products\/23> 404 (Not Found)`",
        "user": "U04T9TDB58W",
        "ts": "1699195349.397129",
        "blocks": [
            {
                "type": "rich_text",
                "block_id": "rQDZn",
                "elements": [
                    {
                        "type": "rich_text_section",
                        "elements": [
                            {
                                "type": "text",
                                "text": "PATCH ",
                                "style": {
                                    "code": true
                                }
                            },
                            {
                                "type": "link",
                                "url": "https:\/\/atomono-api-dev.herokuapp.com\/api\/v1\/users\/1\/products\/23",
                                "style": {
                                    "code": true
                                }
                            },
                            {
                                "type": "text",
                                "text": " 404 (Not Found)",
                                "style": {
                                    "code": true
                                }
                            }
                        ]
                    }
                ]
            }
        ],
        "team": "T04TGFGMK7C",
        "user_team": "T04TGFGMK7C",
        "source_team": "T04TGFGMK7C",
        "user_profile": {
            "avatar_hash": "183a619e0408",
            "image_72": "https:\/\/avatars.slack-edge.com\/2023-03-11\/4958815898464_183a619e0408c53031fd_72.jpg",
            "first_name": "Hibiki",
            "real_name": "Hibiki Mizuno",
            "display_name": "Jabelic スクラムマスター",
            "team": "T04TGFGMK7C",
            "name": "a2239hm",
            "is_restricted": false,
            "is_ultra_restricted": false
        }
    },
    {
        "client_msg_id": "7ce58f7c-8cf3-456a-b5ec-aab757a0908e",
        "type": "message",
        "text": "あー間違えてる",
        "user": "U04T9TDB58W",
        "ts": "1699195440.614239",
        "blocks": [
            {
                "type": "rich_text",
                "block_id": "uJagt",
                "elements": [
                    {
                        "type": "rich_text_section",
                        "elements": [
                            {
                                "type": "text",
                                "text": "あー間違えてる"
                            }
                        ]
                    }
                ]
            }
        ],
        "team": "T04TGFGMK7C",
        "user_team": "T04TGFGMK7C",
        "source_team": "T04TGFGMK7C",
        "user_profile": {
            "avatar_hash": "183a619e0408",
            "image_72": "https:\/\/avatars.slack-edge.com\/2023-03-11\/4958815898464_183a619e0408c53031fd_72.jpg",
            "first_name": "Hibiki",
            "real_name": "Hibiki Mizuno",
            "display_name": "Jabelic スクラムマスター",
            "team": "T04TGFGMK7C",
            "name": "a2239hm",
            "is_restricted": false,
            "is_ultra_restricted": false
        }
    },
    {
        "client_msg_id": "ff276d87-3f0f-4d70-a877-60b3f12806e3",
        "type": "message",
        "text": "いや、localだと通るなぁ",
        "user": "U04T9TDB58W",
        "ts": "1699195903.559569",
        "blocks": [
            {
                "type": "rich_text",
                "block_id": "Se8qT",
                "elements": [
                    {
                        "type": "rich_text_section",
                        "elements": [
                            {
                                "type": "text",
                                "text": "いや、localだと通るなぁ"
                            }
                        ]
                    }
                ]
            }
        ],
        "team": "T04TGFGMK7C",
        "user_team": "T04TGFGMK7C",
        "source_team": "T04TGFGMK7C",
        "user_profile": {
            "avatar_hash": "183a619e0408",
            "image_72": "https:\/\/avatars.slack-edge.com\/2023-03-11\/4958815898464_183a619e0408c53031fd_72.jpg",
            "first_name": "Hibiki",
            "real_name": "Hibiki Mizuno",
            "display_name": "Jabelic スクラムマスター",
            "team": "T04TGFGMK7C",
            "name": "a2239hm",
            "is_restricted": false,
            "is_ultra_restricted": false
        }
    },
    {
        "client_msg_id": "8f0afa9d-4a1b-4f2b-b37b-452b9882ed8c",
        "type": "message",
        "text": "<@U04TGBZ4XEX> これちょっとわかりますか？repeatsとregisteredAtをPATCHリクエストを送って編集しようとしているのですが、404が帰ってきてしまいます",
        "user": "U04T9TDB58W",
        "ts": "1699195950.061599",
        "blocks": [
            {
                "type": "rich_text",
                "block_id": "PQBtj",
                "elements": [
                    {
                        "type": "rich_text_section",
                        "elements": [
                            {
                                "type": "user",
                                "user_id": "U04TGBZ4XEX"
                            },
                            {
                                "type": "text",
                                "text": " これちょっとわかりますか？repeatsとregisteredAtをPATCHリクエストを送って編集しようとしているのですが、404が帰ってきてしまいます"
                            }
                        ]
                    }
                ]
            }
        ],
        "team": "T04TGFGMK7C",
        "user_team": "T04TGFGMK7C",
        "source_team": "T04TGFGMK7C",
        "user_profile": {
            "avatar_hash": "183a619e0408",
            "image_72": "https:\/\/avatars.slack-edge.com\/2023-03-11\/4958815898464_183a619e0408c53031fd_72.jpg",
            "first_name": "Hibiki",
            "real_name": "Hibiki Mizuno",
            "display_name": "Jabelic スクラムマスター",
            "team": "T04TGFGMK7C",
            "name": "a2239hm",
            "is_restricted": false,
            "is_ultra_restricted": false
        },
        "thread_ts": "1699195950.061599",
        "reply_count": 6,
        "reply_users_count": 2,
        "latest_reply": "1699201279.855299",
        "reply_users": [
            "U04T9TDB58W",
            "U04TGBZ4XEX"
        ],
        "replies": [
            {
                "user": "U04T9TDB58W",
                "ts": "1699196225.521659"
            },
            {
                "user": "U04TGBZ4XEX",
                "ts": "1699198351.136549"
            },
            {
                "user": "U04TGBZ4XEX",
                "ts": "1699198954.314689"
            },
            {
                "user": "U04TGBZ4XEX",
                "ts": "1699200575.792349"
            },
            {
                "user": "U04T9TDB58W",
                "ts": "1699201156.895739"
            },
            {
                "user": "U04TGBZ4XEX",
                "ts": "1699201279.855299"
            }
        ],
        "is_locked": false,
        "subscribed": false,
        "reactions": [
            {
                "name": "eyes",
                "users": [
                    "U04TGBZ4XEX"
                ],
                "count": 1
            }
        ]
    },
    {
        "client_msg_id": "44966ed4-9dbc-4906-b1aa-eb5244168d7a",
        "type": "message",
        "text": "localでは\n画像がNo Imageでない場合は404が帰ってきて、そうでない場合はちゃんと編集できてるっぽい",
        "user": "U04T9TDB58W",
        "ts": "1699196225.521659",
        "blocks": [
            {
                "type": "rich_text",
                "block_id": "9XCJM",
                "elements": [
                    {
                        "type": "rich_text_section",
                        "elements": [
                            {
                                "type": "text",
                                "text": "localでは\n画像がNo Imageでない場合は404が帰ってきて、そうでない場合はちゃんと編集できてるっぽい"
                            }
                        ]
                    }
                ]
            }
        ],
        "team": "T04TGFGMK7C",
        "user_team": "T04TGFGMK7C",
        "source_team": "T04TGFGMK7C",
        "user_profile": {
            "avatar_hash": "183a619e0408",
            "image_72": "https:\/\/avatars.slack-edge.com\/2023-03-11\/4958815898464_183a619e0408c53031fd_72.jpg",
            "first_name": "Hibiki",
            "real_name": "Hibiki Mizuno",
            "display_name": "Jabelic スクラムマスター",
            "team": "T04TGFGMK7C",
            "name": "a2239hm",
            "is_restricted": false,
            "is_ultra_restricted": false
        },
        "edited": {
            "user": "U04T9TDB58W",
            "ts": "1699196304.000000"
        },
        "thread_ts": "1699195950.061599",
        "parent_user_id": "U04T9TDB58W",
        "reactions": [
            {
                "name": "astonished",
                "users": [
                    "U04U66DSPEU"
                ],
                "count": 1
            }
        ]
    },
    {
        "client_msg_id": "8285d7f9-20be-4cce-83a0-1a5a001138b8",
        "type": "message",
        "text": "`ActiveRecord::RecordNotFound (Couldn't find Users::Product with 'id'=39):`",
        "user": "U04T9TDB58W",
        "ts": "1699196868.288339",
        "blocks": [
            {
                "type": "rich_text",
                "block_id": "nKsBv",
                "elements": [
                    {
                        "type": "rich_text_section",
                        "elements": [
                            {
                                "type": "text",
                                "text": "ActiveRecord::RecordNotFound (Couldn't find Users::Product with 'id'=39):",
                                "style": {
                                    "code": true
                                }
                            }
                        ]
                    }
                ]
            }
        ],
        "team": "T04TGFGMK7C",
        "user_team": "T04TGFGMK7C",
        "source_team": "T04TGFGMK7C",
        "user_profile": {
            "avatar_hash": "183a619e0408",
            "image_72": "https:\/\/avatars.slack-edge.com\/2023-03-11\/4958815898464_183a619e0408c53031fd_72.jpg",
            "first_name": "Hibiki",
            "real_name": "Hibiki Mizuno",
            "display_name": "Jabelic スクラムマスター",
            "team": "T04TGFGMK7C",
            "name": "a2239hm",
            "is_restricted": false,
            "is_ultra_restricted": false
        }
    },
    {
        "client_msg_id": "3b366422-6055-4d09-8a02-c4e3828189e2",
        "type": "message",
        "text": "なるほど",
        "user": "U04T9TDB58W",
        "ts": "1699196882.609399",
        "blocks": [
            {
                "type": "rich_text",
                "block_id": "BpA+l",
                "elements": [
                    {
                        "type": "rich_text_section",
                        "elements": [
                            {
                                "type": "text",
                                "text": "なるほど"
                            }
                        ]
                    }
                ]
            }
        ],
        "team": "T04TGFGMK7C",
        "user_team": "T04TGFGMK7C",
        "source_team": "T04TGFGMK7C",
        "user_profile": {
            "avatar_hash": "183a619e0408",
            "image_72": "https:\/\/avatars.slack-edge.com\/2023-03-11\/4958815898464_183a619e0408c53031fd_72.jpg",
            "first_name": "Hibiki",
            "real_name": "Hibiki Mizuno",
            "display_name": "Jabelic スクラムマスター",
            "team": "T04TGFGMK7C",
            "name": "a2239hm",
            "is_restricted": false,
            "is_ultra_restricted": false
        }
    },
    {
        "client_msg_id": "d0ec729d-7f8b-4e39-8a26-ae00d56c418f",
        "type": "message",
        "text": "productId間違えてるかな",
        "user": "U04T9TDB58W",
        "ts": "1699196897.978549",
        "blocks": [
            {
                "type": "rich_text",
                "block_id": "o5hEs",
                "elements": [
                    {
                        "type": "rich_text_section",
                        "elements": [
                            {
                                "type": "text",
                                "text": "productId間違えてるかな"
                            }
                        ]
                    }
                ]
            }
        ],
        "team": "T04TGFGMK7C",
        "user_team": "T04TGFGMK7C",
        "source_team": "T04TGFGMK7C",
        "user_profile": {
            "avatar_hash": "183a619e0408",
            "image_72": "https:\/\/avatars.slack-edge.com\/2023-03-11\/4958815898464_183a619e0408c53031fd_72.jpg",
            "first_name": "Hibiki",
            "real_name": "Hibiki Mizuno",
            "display_name": "Jabelic スクラムマスター",
            "team": "T04TGFGMK7C",
            "name": "a2239hm",
            "is_restricted": false,
            "is_ultra_restricted": false
        }
    },
    {
        "client_msg_id": "75a02274-28d6-45f5-bbac-5a8cb55133e7",
        "type": "message",
        "text": "<@U04T9TDB58W> 見ます。herokuをdebugモードにします:pray:",
        "user": "U04TGBZ4XEX",
        "ts": "1699198351.136549",
        "blocks": [
            {
                "type": "rich_text",
                "block_id": "GMsFx",
                "elements": [
                    {
                        "type": "rich_text_section",
                        "elements": [
                            {
                                "type": "user",
                                "user_id": "U04T9TDB58W"
                            },
                            {
                                "type": "text",
                                "text": " 見ます。herokuをdebugモードにします"
                            },
                            {
                                "type": "emoji",
                                "name": "pray",
                                "unicode": "1f64f"
                            }
                        ]
                    }
                ]
            }
        ],
        "team": "T04TGFGMK7C",
        "user_team": "T04TGFGMK7C",
        "source_team": "T04TGFGMK7C",
        "user_profile": {
            "avatar_hash": "824241a82bdf",
            "image_72": "https:\/\/avatars.slack-edge.com\/2023-05-03\/5205694948836_824241a82bdf37206daa_72.jpg",
            "first_name": "satoshi.​hirata",
            "real_name": "satoshi.​hirata",
            "display_name": "satoshi.hirata",
            "team": "T04TGFGMK7C",
            "name": "a2236sh",
            "is_restricted": false,
            "is_ultra_restricted": false
        },
        "edited": {
            "user": "U04TGBZ4XEX",
            "ts": "1699200626.000000"
        },
        "thread_ts": "1699195950.061599",
        "parent_user_id": "U04T9TDB58W",
        "reactions": [
            {
                "name": "raised_hands",
                "users": [
                    "U04T9TDB58W"
                ],
                "count": 1
            },
            {
                "name": "pray",
                "users": [
                    "U04TGBZ4XEX"
                ],
                "count": 1
            }
        ]
    },
    {
        "client_msg_id": "106cc847-c865-456b-83c6-c0959e04489c",
        "type": "message",
        "text": "<@U04T9TDB58W>\nわかりました、すみませんproductIdとuserProductIdで取り違えてます\n修正してリリースします",
        "user": "U04TGBZ4XEX",
        "ts": "1699198954.314689",
        "blocks": [
            {
                "type": "rich_text",
                "block_id": "D+vm7",
                "elements": [
                    {
                        "type": "rich_text_section",
                        "elements": [
                            {
                                "type": "user",
                                "user_id": "U04T9TDB58W"
                            },
                            {
                                "type": "text",
                                "text": "\nわかりました、すみませんproductIdとuserProductIdで取り違えてます\n修正してリリースします"
                            }
                        ]
                    }
                ]
            }
        ],
        "team": "T04TGFGMK7C",
        "user_team": "T04TGFGMK7C",
        "source_team": "T04TGFGMK7C",
        "user_profile": {
            "avatar_hash": "824241a82bdf",
            "image_72": "https:\/\/avatars.slack-edge.com\/2023-05-03\/5205694948836_824241a82bdf37206daa_72.jpg",
            "first_name": "satoshi.​hirata",
            "real_name": "satoshi.​hirata",
            "display_name": "satoshi.hirata",
            "team": "T04TGFGMK7C",
            "name": "a2236sh",
            "is_restricted": false,
            "is_ultra_restricted": false
        },
        "thread_ts": "1699195950.061599",
        "parent_user_id": "U04T9TDB58W",
        "reactions": [
            {
                "name": "raised_hands",
                "users": [
                    "U04T9TDB58W"
                ],
                "count": 1
            },
            {
                "name": "azasu",
                "users": [
                    "U04T9TDB58W"
                ],
                "count": 1
            }
        ]
    },
    {
        "client_msg_id": "9271f0cc-1371-4f37-ba95-04dc99d71289",
        "type": "message",
        "text": "<https:\/\/github.com\/chubachi-pt-2023\/atomono-front\/pull\/99> とりあえずマージしましtあ",
        "user": "U04T9TDB58W",
        "ts": "1699200315.098799",
        "blocks": [
            {
                "type": "rich_text",
                "block_id": "LbC0d",
                "elements": [
                    {
                        "type": "rich_text_section",
                        "elements": [
                            {
                                "type": "link",
                                "url": "https:\/\/github.com\/chubachi-pt-2023\/atomono-front\/pull\/99"
                            },
                            {
                                "type": "text",
                                "text": " とりあえずマージしましtあ"
                            }
                        ]
                    }
                ]
            }
        ],
        "team": "T04TGFGMK7C",
        "user_team": "T04TGFGMK7C",
        "source_team": "T04TGFGMK7C",
        "user_profile": {
            "avatar_hash": "183a619e0408",
            "image_72": "https:\/\/avatars.slack-edge.com\/2023-03-11\/4958815898464_183a619e0408c53031fd_72.jpg",
            "first_name": "Hibiki",
            "real_name": "Hibiki Mizuno",
            "display_name": "Jabelic スクラムマスター",
            "team": "T04TGFGMK7C",
            "name": "a2239hm",
            "is_restricted": false,
            "is_ultra_restricted": false
        }
    },
    {
        "client_msg_id": "7ecbe5a9-c429-494f-aee3-82a0277f4f88",
        "type": "message",
        "text": "<@U04T9TDB58W> 修正版をherokuにデプロイしました:pray:\nこちらの手元でも動作確認済です、お手すきの際に一度ご確認いただけますでしょうか:bow:",
        "user": "U04TGBZ4XEX",
        "ts": "1699200575.792349",
        "blocks": [
            {
                "type": "rich_text",
                "block_id": "992Ia",
                "elements": [
                    {
                        "type": "rich_text_section",
                        "elements": [
                            {
                                "type": "user",
                                "user_id": "U04T9TDB58W"
                            },
                            {
                                "type": "text",
                                "text": " 修正版をherokuにデプロイしました"
                            },
                            {
                                "type": "emoji",
                                "name": "pray",
                                "unicode": "1f64f"
                            },
                            {
                                "type": "text",
                                "text": "\nこちらの手元でも動作確認済です、お手すきの際に一度ご確認いただけますでしょうか"
                            },
                            {
                                "type": "emoji",
                                "name": "bow",
                                "unicode": "1f647"
                            }
                        ]
                    }
                ]
            }
        ],
        "team": "T04TGFGMK7C",
        "user_team": "T04TGFGMK7C",
        "source_team": "T04TGFGMK7C",
        "user_profile": {
            "avatar_hash": "824241a82bdf",
            "image_72": "https:\/\/avatars.slack-edge.com\/2023-05-03\/5205694948836_824241a82bdf37206daa_72.jpg",
            "first_name": "satoshi.​hirata",
            "real_name": "satoshi.​hirata",
            "display_name": "satoshi.hirata",
            "team": "T04TGFGMK7C",
            "name": "a2236sh",
            "is_restricted": false,
            "is_ultra_restricted": false
        },
        "thread_ts": "1699195950.061599",
        "parent_user_id": "U04T9TDB58W",
        "reactions": [
            {
                "name": "raised_hands",
                "users": [
                    "U04T9TDB58W"
                ],
                "count": 1
            }
        ]
    },
    {
        "client_msg_id": "a1a2dc53-a13b-41ad-94fa-c44cf3606a3b",
        "type": "message",
        "text": "<@U04TGBZ4XEX>\n治ってます！！ :pray::pray:",
        "user": "U04T9TDB58W",
        "ts": "1699201156.895739",
        "blocks": [
            {
                "type": "rich_text",
                "block_id": "SBpmE",
                "elements": [
                    {
                        "type": "rich_text_section",
                        "elements": [
                            {
                                "type": "user",
                                "user_id": "U04TGBZ4XEX"
                            },
                            {
                                "type": "text",
                                "text": "\n治ってます！！ "
                            },
                            {
                                "type": "emoji",
                                "name": "pray",
                                "unicode": "1f64f"
                            },
                            {
                                "type": "emoji",
                                "name": "pray",
                                "unicode": "1f64f"
                            }
                        ]
                    }
                ]
            }
        ],
        "team": "T04TGFGMK7C",
        "user_team": "T04TGFGMK7C",
        "source_team": "T04TGFGMK7C",
        "user_profile": {
            "avatar_hash": "183a619e0408",
            "image_72": "https:\/\/avatars.slack-edge.com\/2023-03-11\/4958815898464_183a619e0408c53031fd_72.jpg",
            "first_name": "Hibiki",
            "real_name": "Hibiki Mizuno",
            "display_name": "Jabelic スクラムマスター",
            "team": "T04TGFGMK7C",
            "name": "a2239hm",
            "is_restricted": false,
            "is_ultra_restricted": false
        },
        "thread_ts": "1699195950.061599",
        "parent_user_id": "U04T9TDB58W",
        "reactions": [
            {
                "name": "bow",
                "users": [
                    "U04TGBZ4XEX"
                ],
                "count": 1
            }
        ]
    },
    {
        "client_msg_id": "dd979a62-50e2-4775-9981-f628f3072de2",
        "type": "message",
        "text": "<@U04T9TDB58W> お手数おかけしました、メンションありがとうございました:pray:",
        "user": "U04TGBZ4XEX",
        "ts": "1699201279.855299",
        "blocks": [
            {
                "type": "rich_text",
                "block_id": "hFk61",
                "elements": [
                    {
                        "type": "rich_text_section",
                        "elements": [
                            {
                                "type": "user",
                                "user_id": "U04T9TDB58W"
                            },
                            {
                                "type": "text",
                                "text": " お手数おかけしました、メンションありがとうございました"
                            },
                            {
                                "type": "emoji",
                                "name": "pray",
                                "unicode": "1f64f"
                            }
                        ]
                    }
                ]
            }
        ],
        "team": "T04TGFGMK7C",
        "user_team": "T04TGFGMK7C",
        "source_team": "T04TGFGMK7C",
        "user_profile": {
            "avatar_hash": "824241a82bdf",
            "image_72": "https:\/\/avatars.slack-edge.com\/2023-05-03\/5205694948836_824241a82bdf37206daa_72.jpg",
            "first_name": "satoshi.​hirata",
            "real_name": "satoshi.​hirata",
            "display_name": "satoshi.hirata",
            "team": "T04TGFGMK7C",
            "name": "a2236sh",
            "is_restricted": false,
            "is_ultra_restricted": false
        },
        "edited": {
            "user": "U04TGBZ4XEX",
            "ts": "1699201294.000000"
        },
        "thread_ts": "1699195950.061599",
        "parent_user_id": "U04T9TDB58W",
        "reactions": [
            {
                "name": "pray",
                "users": [
                    "U04T9TDB58W"
                ],
                "count": 1
            }
        ]
    },
    {
        "client_msg_id": "0e2b4105-fc01-4f6f-8472-076b6f553a56",
        "type": "message",
        "text": "機能実装落ち着いたらbug bashしたいな",
        "user": "U04T9TDB58W",
        "ts": "1699209743.028199",
        "blocks": [
            {
                "type": "rich_text",
                "block_id": "YBMyo",
                "elements": [
                    {
                        "type": "rich_text_section",
                        "elements": [
                            {
                                "type": "text",
                                "text": "機能実装落ち着いたらbug bashしたいな"
                            }
                        ]
                    }
                ]
            }
        ],
        "team": "T04TGFGMK7C",
        "user_team": "T04TGFGMK7C",
        "source_team": "T04TGFGMK7C",
        "user_profile": {
            "avatar_hash": "183a619e0408",
            "image_72": "https:\/\/avatars.slack-edge.com\/2023-03-11\/4958815898464_183a619e0408c53031fd_72.jpg",
            "first_name": "Hibiki",
            "real_name": "Hibiki Mizuno",
            "display_name": "Jabelic スクラムマスター",
            "team": "T04TGFGMK7C",
            "name": "a2239hm",
            "is_restricted": false,
            "is_ultra_restricted": false
        },
        "edited": {
            "user": "U04T9TDB58W",
            "ts": "1699209749.000000"
        },
        "thread_ts": "1699209743.028199",
        "reply_count": 1,
        "reply_users_count": 1,
        "latest_reply": "1699209781.401149",
        "reply_users": [
            "U04T9TDB58W"
        ],
        "replies": [
            {
                "user": "U04T9TDB58W",
                "ts": "1699209781.401149"
            }
        ],
        "is_locked": false,
        "subscribed": false,
        "reactions": [
            {
                "name": "eyes",
                "users": [
                    "U04TGBZ4XEX"
                ],
                "count": 1
            }
        ]
    },
    {
        "client_msg_id": "0e77519d-1e36-40b8-ac3e-121204522b9e",
        "type": "message",
        "text": "<https:\/\/tech.asken.inc\/entry\/2023\/09\/26\/170000>",
        "user": "U04T9TDB58W",
        "ts": "1699209781.401149",
        "blocks": [
            {
                "type": "rich_text",
                "block_id": "\/wmV2",
                "elements": [
                    {
                        "type": "rich_text_section",
                        "elements": [
                            {
                                "type": "link",
                                "url": "https:\/\/tech.asken.inc\/entry\/2023\/09\/26\/170000"
                            }
                        ]
                    }
                ]
            }
        ],
        "team": "T04TGFGMK7C",
        "user_team": "T04TGFGMK7C",
        "source_team": "T04TGFGMK7C",
        "user_profile": {
            "avatar_hash": "183a619e0408",
            "image_72": "https:\/\/avatars.slack-edge.com\/2023-03-11\/4958815898464_183a619e0408c53031fd_72.jpg",
            "first_name": "Hibiki",
            "real_name": "Hibiki Mizuno",
            "display_name": "Jabelic スクラムマスター",
            "team": "T04TGFGMK7C",
            "name": "a2239hm",
            "is_restricted": false,
            "is_ultra_restricted": false
        },
        "attachments": [
            {
                "from_url": "https:\/\/tech.asken.inc\/entry\/2023\/09\/26\/170000",
                "ts": 1695715200,
                "image_url": "https:\/\/cdn-ak.f.st-hatena.com\/images\/fotolife\/t\/techaskeninc\/20230911\/20230911114608.png",
                "image_width": 1200,
                "image_height": 576,
                "image_bytes": 804861,
                "service_icon": "https:\/\/tech.asken.inc\/icon\/touch",
                "id": 1,
                "original_url": "https:\/\/tech.asken.inc\/entry\/2023\/09\/26\/170000",
                "fallback": "asken テックブログ: Bug Bash（バグ バッシュ）を社内のイベントで開催しました。 - asken テックブログ",
                "text": "はじめに こんにちは。モバイルエンジニアの大澤です。 今回は、私とAndroidエンジニア兼品質保証を担当している高津で企画して開催した「Bug Bash（バグ バッシュ）」についての話です。 Bug Bash（バグ バッシュ）とは チームメンバー全員で、指定期間内にバグを見つけ出すイベントです。テストケースは用意せず、各自が思いつく限りの方法で操作してバグを検出します。 目的 品質向上 多数のバグを発見できるので、その後のプロセスとして優先度の高いバグから修正できます。 コラボレーション チームメンバー全員で参加するため、チーム内のコラボレーションを促進します。 チーム全体で問題解決に取り組…",
                "title": "Bug Bash（バグ バッシュ）を社内のイベントで開催しました。 - asken テックブログ",
                "title_link": "https:\/\/tech.asken.inc\/entry\/2023\/09\/26\/170000",
                "service_name": "asken テックブログ"
            }
        ],
        "thread_ts": "1699209743.028199",
        "parent_user_id": "U04T9TDB58W"
    },
    {
        "client_msg_id": "ae83dbaf-8f10-44ed-880f-750e83d0c017",
        "type": "message",
        "text": "TODO: <https:\/\/chubachi-pt-2023.slack.com\/archives\/C053APL7NNT\/p1699255988096049>",
        "user": "U04T9TDB58W",
        "ts": "1699257569.542929",
        "blocks": [
            {
                "type": "rich_text",
                "block_id": "zZScp",
                "elements": [
                    {
                        "type": "rich_text_section",
                        "elements": [
                            {
                                "type": "text",
                                "text": "TODO: "
                            },
                            {
                                "type": "link",
                                "url": "https:\/\/chubachi-pt-2023.slack.com\/archives\/C053APL7NNT\/p1699255988096049"
                            }
                        ]
                    }
                ]
            }
        ],
        "team": "T04TGFGMK7C",
        "user_team": "T04TGFGMK7C",
        "source_team": "T04TGFGMK7C",
        "user_profile": {
            "avatar_hash": "183a619e0408",
            "image_72": "https:\/\/avatars.slack-edge.com\/2023-03-11\/4958815898464_183a619e0408c53031fd_72.jpg",
            "first_name": "Hibiki",
            "real_name": "Hibiki Mizuno",
            "display_name": "Jabelic スクラムマスター",
            "team": "T04TGFGMK7C",
            "name": "a2239hm",
            "is_restricted": false,
            "is_ultra_restricted": false
        },
        "attachments": [
            {
                "from_url": "https:\/\/chubachi-pt-2023.slack.com\/archives\/C053APL7NNT\/p1699255988096049",
                "ts": "1699255988.096049",
                "author_id": "U04TDHFKJ85",
                "channel_id": "C053APL7NNT",
                "channel_team": "T04TGFGMK7C",
                "is_msg_unfurl": true,
                "message_blocks": [
                    {
                        "team": "T04TGFGMK7C",
                        "channel": "C053APL7NNT",
                        "ts": "1699255988.096049",
                        "message": {
                            "blocks": [
                                {
                                    "type": "rich_text",
                                    "block_id": "0qbVe",
                                    "elements": [
                                        {
                                            "type": "rich_text_section",
                                            "elements": [
                                                {
                                                    "type": "broadcast",
                                                    "range": "channel"
                                                },
                                                {
                                                    "type": "text",
                                                    "text": "\nお疲れ様です。今月からスクラムマスターになるのでよろしくお願いいたします。1点依頼と2点確認させてください"
                                                },
                                                {
                                                    "type": "emoji",
                                                    "name": "woman-bowing",
                                                    "unicode": "1f647-200d-2640-fe0f"
                                                },
                                                {
                                                    "type": "text",
                                                    "text": "\n＜依頼（全員）＞\n・今週のアウトプット内容を各自でJIRチケットと紐づけて記載をお願いします。\n"
                                                },
                                                {
                                                    "type": "link",
                                                    "url": "https:\/\/www.notion.so\/11-7-ca079d3def084baba9c6ad7784c17b4a?pvs=4"
                                                },
                                                {
                                                    "type": "text",
                                                    "text": "\n＜確認①（全員）＞\n今週のスプリントゴールは以下だと思っています。\n・ログインログアウトのリリース\n・所持品リストの編集削除\nこちらは、今週のアウトプットの共有で共有できそうでしょうか？他にも今週のアウトプット共有で共有できそうなものがあれば教えてください。\n＜確認➁（中山さん）＞\n"
                                                },
                                                {
                                                    "type": "user",
                                                    "user_id": "U04TV4NASPK"
                                                },
                                                {
                                                    "type": "text",
                                                    "text": "\n先月から振り返り手法を色々試してきたと思うのですが、今週の振り返りからどの振り返り手法を行いますか？それとも、どの振り返り手法を行うかを明日決めるんでしたっけ？よろしくお願いいたします"
                                                },
                                                {
                                                    "type": "emoji",
                                                    "name": "woman-bowing",
                                                    "unicode": "1f647-200d-2640-fe0f"
                                                }
                                            ]
                                        }
                                    ]
                                }
                            ]
                        }
                    }
                ],
                "id": 1,
                "original_url": "https:\/\/chubachi-pt-2023.slack.com\/archives\/C053APL7NNT\/p1699255988096049",
                "fallback": "[November 5th, 2023 11:33 PM] a2216ms: <!channel>\nお疲れ様です。今月からスクラムマスターになるのでよろしくお願いいたします。1点依頼と2点確認させてください:woman-bowing:\n＜依頼（全員）＞\n・今週のアウトプット内容を各自でJIRチケットと紐づけて記載をお願いします。\n<https:\/\/www.notion.so\/11-7-ca079d3def084baba9c6ad7784c17b4a?pvs=4>\n＜確認①（全員）＞\n今週のスプリントゴールは以下だと思っています。\n・ログインログアウトのリリース\n・所持品リストの編集削除\nこちらは、今週のアウトプットの共有で共有できそうでしょうか？他にも今週のアウトプット共有で共有できそうなものがあれば教えてください。\n＜確認➁（中山さん）＞\n<@U04TV4NASPK>\n先月から振り返り手法を色々試してきたと思うのですが、今週の振り返りからどの振り返り手法を行いますか？それとも、どの振り返り手法を行うかを明日決めるんでしたっけ？よろしくお願いいたします:woman-bowing:",
                "text": "<!channel>\nお疲れ様です。今月からスクラムマスターになるのでよろしくお願いいたします。1点依頼と2点確認させてください:woman-bowing:\n＜依頼（全員）＞\n・今週のアウトプット内容を各自でJIRチケットと紐づけて記載をお願いします。\n<https:\/\/www.notion.so\/11-7-ca079d3def084baba9c6ad7784c17b4a?pvs=4>\n＜確認①（全員）＞\n今週のスプリントゴールは以下だと思っています。\n・ログインログアウトのリリース\n・所持品リストの編集削除\nこちらは、今週のアウトプットの共有で共有できそうでしょうか？他にも今週のアウトプット共有で共有できそうなものがあれば教えてください。\n＜確認➁（中山さん）＞\n<@U04TV4NASPK>\n先月から振り返り手法を色々試してきたと思うのですが、今週の振り返りからどの振り返り手法を行いますか？それとも、どの振り返り手法を行うかを明日決めるんでしたっけ？よろしくお願いいたします:woman-bowing:",
                "author_name": "鈴木真希",
                "author_link": "https:\/\/chubachi-pt-2023.slack.com\/team\/U04TDHFKJ85",
                "author_icon": "https:\/\/avatars.slack-edge.com\/2023-04-25\/5158348926726_4f9ceaf45fefba755a9b_48.jpg",
                "author_subname": "鈴木真希",
                "mrkdwn_in": [
                    "text"
                ],
                "footer": "Slack の会話"
            }
        ]
    }
]