[
    {
        "client_msg_id": "652bcba8-e928-4a79-94d6-c7dd936f23fd",
        "type": "message",
        "text": "みんな実体に比べて、スライドに入力されてるパラメータの値が低すぎな気がする",
        "user": "U04TV4NASPK",
        "ts": "1690695603.204549",
        "blocks": [
            {
                "type": "rich_text",
                "block_id": "PPF3H",
                "elements": [
                    {
                        "type": "rich_text_section",
                        "elements": [
                            {
                                "type": "text",
                                "text": "みんな実体に比べて、スライドに入力されてるパラメータの値が低すぎな気がする"
                            }
                        ]
                    }
                ]
            }
        ],
        "team": "T04TGFGMK7C",
        "user_team": "T04TGFGMK7C",
        "source_team": "T04TGFGMK7C",
        "user_profile": {
            "avatar_hash": "342942264635",
            "image_72": "https:\/\/avatars.slack-edge.com\/2023-03-11\/4927985433382_34294226463524804a2d_72.jpg",
            "first_name": "Nakayama",
            "real_name": "Nakayama Kenta",
            "display_name": "Nakayama",
            "team": "T04TGFGMK7C",
            "name": "a2231kn",
            "is_restricted": false,
            "is_ultra_restricted": false
        },
        "edited": {
            "user": "U04TV4NASPK",
            "ts": "1690695630.000000"
        }
    }
]