[
    {
        "client_msg_id": "5e0e1d85-8da1-4c7c-90d6-afd5380111a7",
        "type": "message",
        "text": "カローセル動いたが画像位置崩れたな",
        "user": "U04TV4NASPK",
        "ts": "1690713530.948599",
        "blocks": [
            {
                "type": "rich_text",
                "block_id": "jlfwO",
                "elements": [
                    {
                        "type": "rich_text_section",
                        "elements": [
                            {
                                "type": "text",
                                "text": "カローセル動いたが画像位置崩れたな"
                            }
                        ]
                    }
                ]
            }
        ],
        "team": "T04TGFGMK7C",
        "user_team": "T04TGFGMK7C",
        "source_team": "T04TGFGMK7C",
        "user_profile": {
            "avatar_hash": "342942264635",
            "image_72": "https:\/\/avatars.slack-edge.com\/2023-03-11\/4927985433382_34294226463524804a2d_72.jpg",
            "first_name": "Nakayama",
            "real_name": "Nakayama Kenta",
            "display_name": "Nakayama",
            "team": "T04TGFGMK7C",
            "name": "a2231kn",
            "is_restricted": false,
            "is_ultra_restricted": false
        }
    }
]