[
    {
        "client_msg_id": "28063e97-0189-4ede-b934-2b702f27a45f",
        "type": "message",
        "text": "next.js のドキュメント　shu uesugiさん出てきてびびった。vercelと関連あるのかな。",
        "user": "U04TV4NASPK",
        "ts": "1690297260.834329",
        "blocks": [
            {
                "type": "rich_text",
                "block_id": "EA6",
                "elements": [
                    {
                        "type": "rich_text_section",
                        "elements": [
                            {
                                "type": "text",
                                "text": "next.js のドキュメント　shu uesugiさん出てきてびびった。vercelと関連あるのかな。"
                            }
                        ]
                    }
                ]
            }
        ],
        "team": "T04TGFGMK7C",
        "user_team": "T04TGFGMK7C",
        "source_team": "T04TGFGMK7C",
        "user_profile": {
            "avatar_hash": "342942264635",
            "image_72": "https:\/\/avatars.slack-edge.com\/2023-03-11\/4927985433382_34294226463524804a2d_72.jpg",
            "first_name": "Nakayama",
            "real_name": "Nakayama Kenta",
            "display_name": "Nakayama",
            "team": "T04TGFGMK7C",
            "name": "a2231kn",
            "is_restricted": false,
            "is_ultra_restricted": false
        }
    }
]