[
    {
        "client_msg_id": "ce2eb1f4-d9cc-4bf3-bc52-cdc2f81f2ef2",
        "type": "message",
        "text": "2023\/10\/26(木)\n個人面談 0.5h\nユーザの所持品リスト内、商品を削除するAPIリリース準備 0.5\nユーザの所持品リスト内、商品を削除するAPIリリース 1h",
        "user": "U04TGBZ4XEX",
        "ts": "1698629347.564579",
        "blocks": [
            {
                "type": "rich_text",
                "block_id": "rvaWM",
                "elements": [
                    {
                        "type": "rich_text_section",
                        "elements": [
                            {
                                "type": "text",
                                "text": "2023\/10\/26(木)\n個人面談 0.5h\nユーザの所持品リスト内、商品を削除するAPIリリース準備 0.5\nユーザの所持品リスト内、商品を削除するAPIリリース 1h"
                            }
                        ]
                    }
                ]
            }
        ],
        "team": "T04TGFGMK7C",
        "user_team": "T04TGFGMK7C",
        "source_team": "T04TGFGMK7C",
        "user_profile": {
            "avatar_hash": "824241a82bdf",
            "image_72": "https:\/\/avatars.slack-edge.com\/2023-05-03\/5205694948836_824241a82bdf37206daa_72.jpg",
            "first_name": "satoshi.​hirata",
            "real_name": "satoshi.​hirata",
            "display_name": "satoshi.hirata",
            "team": "T04TGFGMK7C",
            "name": "a2236sh",
            "is_restricted": false,
            "is_ultra_restricted": false
        }
    },
    {
        "client_msg_id": "43a7ad67-475a-43f4-a27c-deb5fce5dbab",
        "type": "message",
        "text": "2023\/10\/27(金)\nマンスリーレビュー 1h\n(振り返り会) 0.5 h",
        "user": "U04TGBZ4XEX",
        "ts": "1698629376.982409",
        "blocks": [
            {
                "type": "rich_text",
                "block_id": "w7BEX",
                "elements": [
                    {
                        "type": "rich_text_section",
                        "elements": [
                            {
                                "type": "text",
                                "text": "2023\/10\/27(金)\nマンスリーレビュー 1h\n(振り返り会) 0.5 h"
                            }
                        ]
                    }
                ]
            }
        ],
        "team": "T04TGFGMK7C",
        "user_team": "T04TGFGMK7C",
        "source_team": "T04TGFGMK7C",
        "user_profile": {
            "avatar_hash": "824241a82bdf",
            "image_72": "https:\/\/avatars.slack-edge.com\/2023-05-03\/5205694948836_824241a82bdf37206daa_72.jpg",
            "first_name": "satoshi.​hirata",
            "real_name": "satoshi.​hirata",
            "display_name": "satoshi.hirata",
            "team": "T04TGFGMK7C",
            "name": "a2236sh",
            "is_restricted": false,
            "is_ultra_restricted": false
        }
    },
    {
        "client_msg_id": "a91d65ed-4f6f-4891-811b-a10b78ca38b3",
        "type": "message",
        "text": "2023\/10\/28(土)\n中間進捗共有会 0.5h",
        "user": "U04TGBZ4XEX",
        "ts": "1698629398.705639",
        "blocks": [
            {
                "type": "rich_text",
                "block_id": "ZRmqZ",
                "elements": [
                    {
                        "type": "rich_text_section",
                        "elements": [
                            {
                                "type": "text",
                                "text": "2023\/10\/28(土)\n中間進捗共有会 0.5h"
                            }
                        ]
                    }
                ]
            }
        ],
        "team": "T04TGFGMK7C",
        "user_team": "T04TGFGMK7C",
        "source_team": "T04TGFGMK7C",
        "user_profile": {
            "avatar_hash": "824241a82bdf",
            "image_72": "https:\/\/avatars.slack-edge.com\/2023-05-03\/5205694948836_824241a82bdf37206daa_72.jpg",
            "first_name": "satoshi.​hirata",
            "real_name": "satoshi.​hirata",
            "display_name": "satoshi.hirata",
            "team": "T04TGFGMK7C",
            "name": "a2236sh",
            "is_restricted": false,
            "is_ultra_restricted": false
        }
    },
    {
        "client_msg_id": "8d43fb35-f8c8-44fa-add7-011ce791abfd",
        "type": "message",
        "text": "2023\/10\/29(日)\nログイン周り対応と画像取得箇所の調査 1h",
        "user": "U04TGBZ4XEX",
        "ts": "1698629418.705739",
        "blocks": [
            {
                "type": "rich_text",
                "block_id": "z0+ac",
                "elements": [
                    {
                        "type": "rich_text_section",
                        "elements": [
                            {
                                "type": "text",
                                "text": "2023\/10\/29(日)\nログイン周り対応と画像取得箇所の調査 1h"
                            }
                        ]
                    }
                ]
            }
        ],
        "team": "T04TGFGMK7C",
        "user_team": "T04TGFGMK7C",
        "source_team": "T04TGFGMK7C",
        "user_profile": {
            "avatar_hash": "824241a82bdf",
            "image_72": "https:\/\/avatars.slack-edge.com\/2023-05-03\/5205694948836_824241a82bdf37206daa_72.jpg",
            "first_name": "satoshi.​hirata",
            "real_name": "satoshi.​hirata",
            "display_name": "satoshi.hirata",
            "team": "T04TGFGMK7C",
            "name": "a2236sh",
            "is_restricted": false,
            "is_ultra_restricted": false
        }
    }
]