[
    {
        "client_msg_id": "f84b864e-3fa3-49b3-8bcd-999b6acc3225",
        "type": "message",
        "text": "【質問】\nお疲れ様です。初歩的な質問になりますが、Gitの使い方についてわからないことがあるので質問させてください。\n中山さんのAT-469で作成したコードを参考に、AT-565の作業を行いたいのですが、developmentブランチを最新化（git fetchしてgitpull）しても、うまく取り込むことができませんでした。どのようにしたら、中山さんのプルリクしているAT-469で作成したコードを取り込むことができるでしょうか？\nよろしくお願いいたします:bow:今日はもう寝るので明日また作業します。",
        "user": "U04TDHFKJ85",
        "ts": "1697811753.193889",
        "blocks": [
            {
                "type": "rich_text",
                "block_id": "pgbMc",
                "elements": [
                    {
                        "type": "rich_text_section",
                        "elements": [
                            {
                                "type": "text",
                                "text": "【質問】\nお疲れ様です。初歩的な質問になりますが、Gitの使い方についてわからないことがあるので質問させてください。\n中山さんのAT-469で作成したコードを参考に、AT-565の作業を行いたいのですが、developmentブランチを最新化（git fetchしてgitpull）しても、うまく取り込むことができませんでした。どのようにしたら、中山さんのプルリクしているAT-469で作成したコードを取り込むことができるでしょうか？\nよろしくお願いいたします"
                            },
                            {
                                "type": "emoji",
                                "name": "bow",
                                "unicode": "1f647"
                            },
                            {
                                "type": "text",
                                "text": "今日はもう寝るので明日また作業します。"
                            }
                        ]
                    }
                ]
            }
        ],
        "team": "T04TGFGMK7C",
        "user_team": "T04TGFGMK7C",
        "source_team": "T04TGFGMK7C",
        "user_profile": {
            "avatar_hash": "4f9ceaf45fef",
            "image_72": "https:\/\/avatars.slack-edge.com\/2023-04-25\/5158348926726_4f9ceaf45fefba755a9b_72.jpg",
            "first_name": "鈴木真希",
            "real_name": "鈴木真希",
            "display_name": "",
            "team": "T04TGFGMK7C",
            "name": "a2216ms",
            "is_restricted": false,
            "is_ultra_restricted": false
        },
        "thread_ts": "1697811753.193889",
        "reply_count": 4,
        "reply_users_count": 2,
        "latest_reply": "1697852074.321029",
        "reply_users": [
            "U04U66DSPEU",
            "U04TDHFKJ85"
        ],
        "replies": [
            {
                "user": "U04U66DSPEU",
                "ts": "1697814597.558259"
            },
            {
                "user": "U04TDHFKJ85",
                "ts": "1697849290.705189"
            },
            {
                "user": "U04U66DSPEU",
                "ts": "1697851298.945059"
            },
            {
                "user": "U04TDHFKJ85",
                "ts": "1697852074.321029"
            }
        ],
        "is_locked": false,
        "subscribed": false
    },
    {
        "client_msg_id": "6adcd172-9272-4f68-90e3-49dd9be59169",
        "type": "message",
        "text": "PRの元ブランチを（<https:\/\/github.com\/chubachi-pt-2023\/atomono-front\/tree\/feat\/discontinued_responsive|feat\/discontinued_responsive>）をローカルでベースとして使うことでしょうか。\ngit checkout <https:\/\/github.com\/chubachi-pt-2023\/atomono-front\/tree\/feat\/discontinued_responsive|feat\/discontinued_responsive>でそのブランチをローカルに取り込むことができます。そしてその状態で git checkout -b xxxxx で新ブランチを作成するとができます。\nただ、PRを見ると、まだいくつかの修正箇所が残ってるらしいので、その箇所だけに気をつけましょう。",
        "user": "U04U66DSPEU",
        "ts": "1697814597.558259",
        "blocks": [
            {
                "type": "rich_text",
                "block_id": "7s0Em",
                "elements": [
                    {
                        "type": "rich_text_section",
                        "elements": [
                            {
                                "type": "text",
                                "text": "PRの元ブランチを（"
                            },
                            {
                                "type": "link",
                                "url": "https:\/\/github.com\/chubachi-pt-2023\/atomono-front\/tree\/feat\/discontinued_responsive",
                                "text": "feat\/discontinued_responsive"
                            },
                            {
                                "type": "text",
                                "text": "）をローカルでベースとして使うことでしょうか。\ngit checkout "
                            },
                            {
                                "type": "link",
                                "url": "https:\/\/github.com\/chubachi-pt-2023\/atomono-front\/tree\/feat\/discontinued_responsive",
                                "text": "feat\/discontinued_responsive"
                            },
                            {
                                "type": "text",
                                "text": "でそのブランチをローカルに取り込むことができます。そしてその状態で git checkout -b xxxxx で新ブランチを作成するとができます。\nただ、PRを見ると、まだいくつかの修正箇所が残ってるらしいので、その箇所だけに気をつけましょう。"
                            }
                        ]
                    }
                ]
            }
        ],
        "team": "T04TGFGMK7C",
        "user_team": "T04TGFGMK7C",
        "source_team": "T04TGFGMK7C",
        "user_profile": {
            "avatar_hash": "eded816e5002",
            "image_72": "https:\/\/avatars.slack-edge.com\/2023-04-25\/5164292307843_eded816e5002d89cd475_72.png",
            "first_name": "FABIAN",
            "real_name": "FABIAN M. FERNANDEZ",
            "display_name": "Fernandez",
            "team": "T04TGFGMK7C",
            "name": "a2237mf",
            "is_restricted": false,
            "is_ultra_restricted": false
        },
        "thread_ts": "1697811753.193889",
        "parent_user_id": "U04TDHFKJ85",
        "reactions": [
            {
                "name": "+1",
                "users": [
                    "U04TV4NASPK"
                ],
                "count": 1
            }
        ]
    },
    {
        "client_msg_id": "66870f7e-d583-4ca6-8a8f-0657263a5f3e",
        "type": "message",
        "text": "<@U04U66DSPEU>\nありがとうございます！はい、おっしゃる通りで自分のローカル環境でPRの元ブランチを使用したく・・:woman-bowing:\nちなみにその方法でやる場合、AT-565のブランチ（feature\/AT-565\/substitute-responsive）をすでに作成してしまったのですが、git branch -D feature\/AT-565\/substitute-responsiveで一回作成したブランチを削除してから、新たにブランチをローカルにとりこんで、新ブランチを作成する流れでしょうか？",
        "user": "U04TDHFKJ85",
        "ts": "1697849290.705189",
        "blocks": [
            {
                "type": "rich_text",
                "block_id": "gkxLt",
                "elements": [
                    {
                        "type": "rich_text_section",
                        "elements": [
                            {
                                "type": "user",
                                "user_id": "U04U66DSPEU"
                            },
                            {
                                "type": "text",
                                "text": "\nありがとうございます！はい、おっしゃる通りで自分のローカル環境でPRの元ブランチを使用したく・・"
                            },
                            {
                                "type": "emoji",
                                "name": "woman-bowing",
                                "unicode": "1f647-200d-2640-fe0f"
                            },
                            {
                                "type": "text",
                                "text": "\nちなみにその方法でやる場合、AT-565のブランチ（feature\/AT-565\/substitute-responsive）をすでに作成してしまったのですが、git branch -D feature\/AT-565\/substitute-responsiveで一回作成したブランチを削除してから、新たにブランチをローカルにとりこんで、新ブランチを作成する流れでしょうか？"
                            }
                        ]
                    }
                ]
            }
        ],
        "team": "T04TGFGMK7C",
        "user_team": "T04TGFGMK7C",
        "source_team": "T04TGFGMK7C",
        "user_profile": {
            "avatar_hash": "4f9ceaf45fef",
            "image_72": "https:\/\/avatars.slack-edge.com\/2023-04-25\/5158348926726_4f9ceaf45fefba755a9b_72.jpg",
            "first_name": "鈴木真希",
            "real_name": "鈴木真希",
            "display_name": "",
            "team": "T04TGFGMK7C",
            "name": "a2216ms",
            "is_restricted": false,
            "is_ultra_restricted": false
        },
        "edited": {
            "user": "U04TDHFKJ85",
            "ts": "1697849637.000000"
        },
        "thread_ts": "1697811753.193889",
        "parent_user_id": "U04TDHFKJ85"
    },
    {
        "client_msg_id": "4dfa48b6-38dd-4976-88cb-16ba27eb39cd",
        "type": "message",
        "text": "そうですね、一旦ローカルのfeature\/AT-565\/substitute-responsiveと、もしすでにpushされている場合リモートからも削除するひつようがあります。\n\nもう一つの方法は、feature\/AT-565\/substitute-responsiveのベースブランチを変更することです\n\ngit checkout feature\/AT-565\/substitute-responsive\ngit rebase <https:\/\/github.com\/chubachi-pt-2023\/atomono-front\/tree\/feat\/discontinued_responsive|feat\/discontinued_responsive>\n\nそうすると、<https:\/\/github.com\/chubachi-pt-2023\/atomono-front\/tree\/feat\/discontinued_responsive|feat\/discontinued_responsive>がベースになります\nベースを変えた後はgit push -f でリモートに反映できます",
        "user": "U04U66DSPEU",
        "ts": "1697851298.945059",
        "blocks": [
            {
                "type": "rich_text",
                "block_id": "mfQaq",
                "elements": [
                    {
                        "type": "rich_text_section",
                        "elements": [
                            {
                                "type": "text",
                                "text": "そうですね、一旦ローカルのfeature\/AT-565\/substitute-responsiveと、もしすでにpushされている場合リモートからも削除するひつようがあります。\n\nもう一つの方法は、feature\/AT-565\/substitute-responsiveのベースブランチを変更することです\n\ngit checkout feature\/AT-565\/substitute-responsive\ngit rebase "
                            },
                            {
                                "type": "link",
                                "url": "https:\/\/github.com\/chubachi-pt-2023\/atomono-front\/tree\/feat\/discontinued_responsive",
                                "text": "feat\/discontinued_responsive"
                            },
                            {
                                "type": "text",
                                "text": "\n\nそうすると、"
                            },
                            {
                                "type": "link",
                                "url": "https:\/\/github.com\/chubachi-pt-2023\/atomono-front\/tree\/feat\/discontinued_responsive",
                                "text": "feat\/discontinued_responsive"
                            },
                            {
                                "type": "text",
                                "text": "がベースになります\nベースを変えた後はgit push -f でリモートに反映できます"
                            }
                        ]
                    }
                ]
            }
        ],
        "team": "T04TGFGMK7C",
        "user_team": "T04TGFGMK7C",
        "source_team": "T04TGFGMK7C",
        "user_profile": {
            "avatar_hash": "eded816e5002",
            "image_72": "https:\/\/avatars.slack-edge.com\/2023-04-25\/5164292307843_eded816e5002d89cd475_72.png",
            "first_name": "FABIAN",
            "real_name": "FABIAN M. FERNANDEZ",
            "display_name": "Fernandez",
            "team": "T04TGFGMK7C",
            "name": "a2237mf",
            "is_restricted": false,
            "is_ultra_restricted": false
        },
        "thread_ts": "1697811753.193889",
        "parent_user_id": "U04TDHFKJ85"
    },
    {
        "client_msg_id": "0799e2fe-cbab-4b49-a94b-ec17e36cee4a",
        "type": "message",
        "text": "<@U04U66DSPEU>\nありがとうございます！作業の時、やってみます！もし上記の作業していてまたエラーなどありましたら、相談させてください:woman-bowing:",
        "user": "U04TDHFKJ85",
        "ts": "1697852074.321029",
        "blocks": [
            {
                "type": "rich_text",
                "block_id": "2nHjZ",
                "elements": [
                    {
                        "type": "rich_text_section",
                        "elements": [
                            {
                                "type": "user",
                                "user_id": "U04U66DSPEU"
                            },
                            {
                                "type": "text",
                                "text": "\nありがとうございます！作業の時、やってみます！もし上記の作業していてまたエラーなどありましたら、相談させてください"
                            },
                            {
                                "type": "emoji",
                                "name": "woman-bowing",
                                "unicode": "1f647-200d-2640-fe0f"
                            }
                        ]
                    }
                ]
            }
        ],
        "team": "T04TGFGMK7C",
        "user_team": "T04TGFGMK7C",
        "source_team": "T04TGFGMK7C",
        "user_profile": {
            "avatar_hash": "4f9ceaf45fef",
            "image_72": "https:\/\/avatars.slack-edge.com\/2023-04-25\/5158348926726_4f9ceaf45fefba755a9b_72.jpg",
            "first_name": "鈴木真希",
            "real_name": "鈴木真希",
            "display_name": "",
            "team": "T04TGFGMK7C",
            "name": "a2216ms",
            "is_restricted": false,
            "is_ultra_restricted": false
        },
        "thread_ts": "1697811753.193889",
        "parent_user_id": "U04TDHFKJ85",
        "reactions": [
            {
                "name": "raised_hands",
                "users": [
                    "U04U66DSPEU"
                ],
                "count": 1
            }
        ]
    }
]