[
    {
        "client_msg_id": "478ad7c3-f774-4017-8a1f-c9861f3f2c54",
        "type": "message",
        "text": "<@U04T9TDB58W> <@U04TV4NASPK>\nお疲れ様です。\nモーダル画面のレスポンシブ対応について自分の認識が合っているか確認したいです。\nモーダル画面は以下のファイルで定義されていて、レスポンシブ対応する際に以下のファイルのMobile版を作成する認識です。\n\/Users\/hiroto\/aiit-pbl\/atomono-front\/app\/userProduct\/__fragments__\/AddUserProductModal.tsx\nただ、このAddUserProductModal.tsxファイルはいくつかのcomponentをimportし、作成されていると思うのですが、\nこのAddUserProductModal.tsxのMobile版ファイルを作成する場合、\nimportしているファイルのmobile版ファイルも作成しなければならない認識で合ってますでしょうか？\n(例えば、AddUserProductModal.tsxではSearchForm.tsxをimportしているかと思いますが、このSearchForm.tsxのMobile版ファイルの作成も必要)",
        "user": "U04U66DNCRE",
        "ts": "1698551992.455519",
        "blocks": [
            {
                "type": "rich_text",
                "block_id": "a7rav",
                "elements": [
                    {
                        "type": "rich_text_section",
                        "elements": [
                            {
                                "type": "user",
                                "user_id": "U04T9TDB58W"
                            },
                            {
                                "type": "text",
                                "text": " "
                            },
                            {
                                "type": "user",
                                "user_id": "U04TV4NASPK"
                            },
                            {
                                "type": "text",
                                "text": "\nお疲れ様です。\nモーダル画面のレスポンシブ対応について自分の認識が合っているか確認したいです。\nモーダル画面は以下のファイルで定義されていて、レスポンシブ対応する際に以下のファイルのMobile版を作成する認識です。\n\/Users\/hiroto\/aiit-pbl\/atomono-front\/app\/userProduct\/__fragments__\/AddUserProductModal.tsx\nただ、このAddUserProductModal.tsxファイルはいくつかのcomponentをimportし、作成されていると思うのですが、\nこのAddUserProductModal.tsxのMobile版ファイルを作成する場合、\nimportしているファイルのmobile版ファイルも作成しなければならない認識で合ってますでしょうか？\n(例えば、AddUserProductModal.tsxではSearchForm.tsxをimportしているかと思いますが、このSearchForm.tsxのMobile版ファイルの作成も必要)"
                            }
                        ]
                    }
                ]
            }
        ],
        "team": "T04TGFGMK7C",
        "user_team": "T04TGFGMK7C",
        "source_team": "T04TGFGMK7C",
        "user_profile": {
            "avatar_hash": "0e82c2c0bd34",
            "image_72": "https:\/\/avatars.slack-edge.com\/2023-04-25\/5161183917605_0e82c2c0bd34f978f1fd_72.jpg",
            "first_name": "Ohno",
            "real_name": "Ohno Hiroto",
            "display_name": "Ohno Hiroto",
            "team": "T04TGFGMK7C",
            "name": "a2206ho",
            "is_restricted": false,
            "is_ultra_restricted": false
        },
        "thread_ts": "1698551992.455519",
        "reply_count": 4,
        "reply_users_count": 3,
        "latest_reply": "1698554461.847259",
        "reply_users": [
            "U04TV4NASPK",
            "U04T9TDB58W",
            "U04U66DNCRE"
        ],
        "replies": [
            {
                "user": "U04TV4NASPK",
                "ts": "1698553364.805039"
            },
            {
                "user": "U04T9TDB58W",
                "ts": "1698553667.005569"
            },
            {
                "user": "U04U66DNCRE",
                "ts": "1698554349.198939"
            },
            {
                "user": "U04U66DNCRE",
                "ts": "1698554461.847259"
            }
        ],
        "is_locked": false,
        "subscribed": false,
        "reactions": [
            {
                "name": "eyes",
                "users": [
                    "U04T9TDB58W"
                ],
                "count": 1
            }
        ]
    },
    {
        "client_msg_id": "0b7a3db2-7a5f-4c09-997d-155c929d80ea",
        "type": "message",
        "text": "14時からならハドルできる",
        "user": "U04TV4NASPK",
        "ts": "1698553364.805039",
        "blocks": [
            {
                "type": "rich_text",
                "block_id": "HudeY",
                "elements": [
                    {
                        "type": "rich_text_section",
                        "elements": [
                            {
                                "type": "text",
                                "text": "14時からならハドルできる"
                            }
                        ]
                    }
                ]
            }
        ],
        "team": "T04TGFGMK7C",
        "user_team": "T04TGFGMK7C",
        "source_team": "T04TGFGMK7C",
        "user_profile": {
            "avatar_hash": "342942264635",
            "image_72": "https:\/\/avatars.slack-edge.com\/2023-03-11\/4927985433382_34294226463524804a2d_72.jpg",
            "first_name": "Nakayama",
            "real_name": "Nakayama Kenta",
            "display_name": "Nakayama",
            "team": "T04TGFGMK7C",
            "name": "a2231kn",
            "is_restricted": false,
            "is_ultra_restricted": false
        },
        "thread_ts": "1698551992.455519",
        "parent_user_id": "U04U66DNCRE"
    },
    {
        "client_msg_id": "1bb99cec-e4a7-4238-9d46-aef732f96ce2",
        "type": "message",
        "text": "<@U04U66DNCRE>\n> レスポンシブ対応する際に以下のファイルのMobile版を作成する認識です。\nそうとは限りません。一部改変するだけでも良い場合があると思います。JavaScriptでレスポンシブかどうかを分けているわけではないので、2つ(pc, mobile)コンポーネントを作った場合、そのどちらも読み込まれることになりますから、パフォーマンス的には良くない(無駄が多い)ということになります。\n\n> importしているファイルのmobile版ファイルも作成しなければならない認識で合ってますでしょうか？\nそうとは限らない。modalContainerとかはそのまま使えそうな感じです。",
        "user": "U04T9TDB58W",
        "ts": "1698553667.005569",
        "blocks": [
            {
                "type": "rich_text",
                "block_id": "wWiNd",
                "elements": [
                    {
                        "type": "rich_text_section",
                        "elements": [
                            {
                                "type": "user",
                                "user_id": "U04U66DNCRE"
                            },
                            {
                                "type": "text",
                                "text": "\n"
                            }
                        ]
                    },
                    {
                        "type": "rich_text_quote",
                        "elements": [
                            {
                                "type": "text",
                                "text": "レスポンシブ対応する際に以下のファイルのMobile版を作成する認識です。"
                            }
                        ]
                    },
                    {
                        "type": "rich_text_section",
                        "elements": [
                            {
                                "type": "text",
                                "text": "そうとは限りません。一部改変するだけでも良い場合があると思います。JavaScriptでレスポンシブかどうかを分けているわけではないので、2つ(pc, mobile)コンポーネントを作った場合、そのどちらも読み込まれることになりますから、パフォーマンス的には良くない(無駄が多い)ということになります。\n\n"
                            }
                        ]
                    },
                    {
                        "type": "rich_text_quote",
                        "elements": [
                            {
                                "type": "text",
                                "text": "importしているファイルのmobile版ファイルも作成しなければならない認識で合ってますでしょうか？"
                            }
                        ]
                    },
                    {
                        "type": "rich_text_section",
                        "elements": [
                            {
                                "type": "text",
                                "text": "そうとは限らない。modalContainerとかはそのまま使えそうな感じです。"
                            }
                        ]
                    }
                ]
            }
        ],
        "team": "T04TGFGMK7C",
        "user_team": "T04TGFGMK7C",
        "source_team": "T04TGFGMK7C",
        "user_profile": {
            "avatar_hash": "183a619e0408",
            "image_72": "https:\/\/avatars.slack-edge.com\/2023-03-11\/4958815898464_183a619e0408c53031fd_72.jpg",
            "first_name": "Hibiki",
            "real_name": "Hibiki Mizuno",
            "display_name": "Jabelic スクラムマスター",
            "team": "T04TGFGMK7C",
            "name": "a2239hm",
            "is_restricted": false,
            "is_ultra_restricted": false
        },
        "edited": {
            "user": "U04T9TDB58W",
            "ts": "1698553675.000000"
        },
        "thread_ts": "1698551992.455519",
        "parent_user_id": "U04U66DNCRE"
    },
    {
        "client_msg_id": "8057fc9b-1be4-4717-b24e-184fe9ea3bb6",
        "type": "message",
        "text": "<@U04TV4NASPK>\nちょっと今周りがうるさいので、今ハドルは厳しいです。。",
        "user": "U04U66DNCRE",
        "ts": "1698554349.198939",
        "blocks": [
            {
                "type": "rich_text",
                "block_id": "CPyOe",
                "elements": [
                    {
                        "type": "rich_text_section",
                        "elements": [
                            {
                                "type": "user",
                                "user_id": "U04TV4NASPK"
                            },
                            {
                                "type": "text",
                                "text": "\nちょっと今周りがうるさいので、今ハドルは厳しいです。。"
                            }
                        ]
                    }
                ]
            }
        ],
        "team": "T04TGFGMK7C",
        "user_team": "T04TGFGMK7C",
        "source_team": "T04TGFGMK7C",
        "user_profile": {
            "avatar_hash": "0e82c2c0bd34",
            "image_72": "https:\/\/avatars.slack-edge.com\/2023-04-25\/5161183917605_0e82c2c0bd34f978f1fd_72.jpg",
            "first_name": "Ohno",
            "real_name": "Ohno Hiroto",
            "display_name": "Ohno Hiroto",
            "team": "T04TGFGMK7C",
            "name": "a2206ho",
            "is_restricted": false,
            "is_ultra_restricted": false
        },
        "thread_ts": "1698551992.455519",
        "parent_user_id": "U04U66DNCRE",
        "reactions": [
            {
                "name": "+1",
                "users": [
                    "U04TV4NASPK"
                ],
                "count": 1
            }
        ]
    },
    {
        "client_msg_id": "f1769c20-41fa-4104-8aed-b13a8be2ef4c",
        "type": "message",
        "text": "<@U04T9TDB58W>\n了解です！\nありがとうございます:man-bowing:",
        "user": "U04U66DNCRE",
        "ts": "1698554461.847259",
        "blocks": [
            {
                "type": "rich_text",
                "block_id": "75VLC",
                "elements": [
                    {
                        "type": "rich_text_section",
                        "elements": [
                            {
                                "type": "user",
                                "user_id": "U04T9TDB58W"
                            },
                            {
                                "type": "text",
                                "text": "\n了解です！\nありがとうございます"
                            },
                            {
                                "type": "emoji",
                                "name": "man-bowing",
                                "unicode": "1f647-200d-2642-fe0f"
                            }
                        ]
                    }
                ]
            }
        ],
        "team": "T04TGFGMK7C",
        "user_team": "T04TGFGMK7C",
        "source_team": "T04TGFGMK7C",
        "user_profile": {
            "avatar_hash": "0e82c2c0bd34",
            "image_72": "https:\/\/avatars.slack-edge.com\/2023-04-25\/5161183917605_0e82c2c0bd34f978f1fd_72.jpg",
            "first_name": "Ohno",
            "real_name": "Ohno Hiroto",
            "display_name": "Ohno Hiroto",
            "team": "T04TGFGMK7C",
            "name": "a2206ho",
            "is_restricted": false,
            "is_ultra_restricted": false
        },
        "thread_ts": "1698551992.455519",
        "parent_user_id": "U04U66DNCRE"
    }
]