[
    {
        "bot_id": "B059VDWGJ78",
        "type": "message",
        "text": "",
        "user": "U05ARP37D96",
        "ts": "1698614175.712069",
        "app_id": "A01BP7R4KNY",
        "team": "T04TGFGMK7C",
        "bot_profile": {
            "id": "B059VDWGJ78",
            "app_id": "A01BP7R4KNY",
            "name": "GitHub",
            "icons": {
                "image_36": "https:\/\/avatars.slack-edge.com\/2020-11-25\/1527503386626_319578f21381f9641cd8_36.png",
                "image_48": "https:\/\/avatars.slack-edge.com\/2020-11-25\/1527503386626_319578f21381f9641cd8_48.png",
                "image_72": "https:\/\/avatars.slack-edge.com\/2020-11-25\/1527503386626_319578f21381f9641cd8_72.png"
            },
            "deleted": false,
            "updated": 1685444374,
            "team_id": "T04TGFGMK7C"
        },
        "edited": {
            "user": "B059VDWGJ78",
            "ts": "1698619422.000000"
        },
        "attachments": [
            {
                "id": 1,
                "footer_icon": "https:\/\/slack.github.com\/static\/img\/favicon-neutral.png",
                "ts": 1698614173,
                "color": "6f42c1",
                "fallback": "[chubachi-pt-2023\/atomono-api] Pull request opened by dependabot[bot]",
                "text": "Bumps <https:\/\/github.com\/activerecord-hackery\/ransack|ransack> from 4.1.0 to 4.1.1.\n\nRelease notes\n\n_Sourced from <https:\/\/github.com\/activerecord-hackery\/ransack\/releases|ransack's releases>._\n\n&gt; *4.1.1*\n&gt; *:bug: Bug Fixes*\n&gt; \n&gt; • Fix using ransack against edge Rails by <https:\/\/github.com\/tvongaza|`@​tvongaza`> in <https:\/\/redirect.github.com\/activerecord-hackery\/ransack\/pull\/1445|activerecord-hackery\/ransack#1445>\n&gt; \n&gt; *New Contributors*\n&gt; \n&gt; • <https:\/\/github.com\/tvongaza|`@​tvongaza`> made their first contribution in <https:\/\/redirect.github.com\/activerecord-hackery\/ransack\/pull\/1445|activerecord-hackery\/ransack#1445>\n&gt; \n&gt; *Full Changelog*: <https:\/\/github.com\/activerecord-hackery\/ransack\/compare\/v4.1.0...4.1.1|activerecord-hackery\/ransack@v4.1.0...4.1.1>\n\nChangelog\n\n_Sourced from <https:\/\/github.com\/activerecord-hackery\/ransack\/blob\/main\/CHANGELOG.md|ransack's changelog>._\n\n&gt; *Change Log*\n&gt; *Unreleased*\n\nCommits\n\n• <https:\/\/github.com\/activerecord-hackery\/ransack\/commit\/14495bb111ae69e74368f958671655e84d4b8d3a|`14495bb`> Add missing changelog header and fix section levels\n• <https:\/\/github.com\/activerecord-hackery\/ransack\/commit\/f96ffbce4825f3a2b21ae0b2d449fa010feb7408|`f96ffbc`> Version 4.1.1\n• <https:\/\/github.com\/activerecord-hackery\/ransack\/commit\/fb6027d805997a7856a5b4b67d98c35afd46f8e5|`fb6027d`> Simplify active record extension loading (<https:\/\/redirect.github.com\/activerecord-hackery\/ransack\/issues\/1445|#1445>)\n• See full diff in <https:\/\/github.com\/activerecord-hackery\/ransack\/compare\/v4.1.0...4.1.1|compare view>\n\n  \n\n<https:\/\/docs.github.com\/en\/github\/managing-security-vulnerabilities\/about-dependabot-security-updates#about-compatibility-scores|Dependabot compatibility score>\n\nDependabot will resolve any conflicts with this PR as long as you don't alter it yourself. You can also trigger a rebase manually by commenting `@dependabot rebase`.\n\n* * *\n\nDependabot commands and options  \n\nYou can trigger Dependabot actions by commenting on this PR:\n\n• `@dependabot rebase` will rebase this PR\n• `@dependabot recreate` will recreate this PR, overwriting any edits that have been made to it\n• `@dependabot merge` will merge this PR after your CI passes on it\n• `@dependabot squash and merge` will squash and merge this PR after your CI passes on it\n• `@dependabot cancel merge` will cancel a previously requested merge and block automerging\n• `@dependabot reopen` will reopen this PR if it is closed\n• `@dependabot close` will close this PR and stop Dependabot recreating it. You can achieve the same result by closing it manually\n• `@dependabot show &lt;dependency name&gt; ignore conditions` will show all of the ignore conditions of the specified dependency\n• `@dependabot ignore this major version` will close this PR and stop Dependabot creating any more for this major version (unless you reopen the PR or upgrade to it yourself)\n• `@dependabot ignore this minor version` will close this PR and stop Dependabot creating any more for this minor version (unless you reopen the PR or upgrade to it yourself)\n• `@dependabot ignore this dependency` will close this PR and stop Dependabot creating any more for this dependency (unless you reopen the PR or upgrade to it yourself)",
                "pretext": "Pull request opened by <https:\/\/github.com\/apps\/dependabot|dependabot[bot]>",
                "title": "<https:\/\/github.com\/chubachi-pt-2023\/atomono-api\/pull\/100|#100 build(deps): bump ransack from 4.1.0 to 4.1.1>",
                "callback_id": "pr-opened-interaction",
                "footer": "<https:\/\/github.com\/chubachi-pt-2023\/atomono-api|chubachi-pt-2023\/atomono-api>",
                "fields": [
                    {
                        "value": "dependencies",
                        "title": "Labels",
                        "short": true
                    }
                ],
                "mrkdwn_in": [
                    "text"
                ],
                "actions": [
                    {
                        "id": "1",
                        "name": "comment",
                        "text": "Comment",
                        "type": "button",
                        "value": "{&amp;amp;quot;selectedOrg&amp;amp;quot;:&amp;amp;quot;chubachi-pt-2023&amp;amp;quot;,&amp;amp;quot;selectedOrgId&amp;amp;quot;:132067701,&amp;amp;quot;selectedRepo&amp;amp;quot;:&amp;amp;quot;atomono-api&amp;amp;quot;,&amp;amp;quot;selectedRepoId&amp;amp;quot;:633841661,&amp;amp;quot;number&amp;amp;quot;:100,&amp;amp;quot;htmlUrl&amp;amp;quot;:&amp;amp;quot;https:\/\/github.com\/chubachi-pt-2023\/atomono-api\/pull\/100&amp;amp;quot;,&amp;amp;quot;title&amp;amp;quot;:&amp;amp;quot;build(deps): bump ransack from 4.1.0 to 4.1.1&amp;amp;quot;}",
                        "style": ""
                    }
                ]
            },
            {
                "id": 2,
                "color": "28a745",
                "fallback": "All checks have passed",
                "text": ":white_check_mark: All checks have passed",
                "footer": "3\/3 successful checks"
            }
        ]
    },
    {
        "bot_id": "B059VDWGJ78",
        "type": "message",
        "text": "",
        "user": "U05ARP37D96",
        "ts": "1698614186.075979",
        "app_id": "A01BP7R4KNY",
        "team": "T04TGFGMK7C",
        "bot_profile": {
            "id": "B059VDWGJ78",
            "app_id": "A01BP7R4KNY",
            "name": "GitHub",
            "icons": {
                "image_36": "https:\/\/avatars.slack-edge.com\/2020-11-25\/1527503386626_319578f21381f9641cd8_36.png",
                "image_48": "https:\/\/avatars.slack-edge.com\/2020-11-25\/1527503386626_319578f21381f9641cd8_48.png",
                "image_72": "https:\/\/avatars.slack-edge.com\/2020-11-25\/1527503386626_319578f21381f9641cd8_72.png"
            },
            "deleted": false,
            "updated": 1685444374,
            "team_id": "T04TGFGMK7C"
        },
        "edited": {
            "user": "B059VDWGJ78",
            "ts": "1698619430.000000"
        },
        "attachments": [
            {
                "id": 1,
                "footer_icon": "https:\/\/slack.github.com\/static\/img\/favicon-neutral.png",
                "ts": 1698614183,
                "color": "6f42c1",
                "fallback": "[chubachi-pt-2023\/atomono-api] Pull request opened by dependabot[bot]",
                "text": "Bumps <https:\/\/github.com\/rubocop\/rubocop-rails|rubocop-rails> from 2.22.0 to 2.22.1.\n\nRelease notes\n\n_Sourced from <https:\/\/github.com\/rubocop\/rubocop-rails\/releases|rubocop-rails's releases>._\n\n&gt; *RuboCop Rails 2.22.1*\n&gt; *Bug fixes*\n&gt; \n&gt; • <https:\/\/redirect.github.com\/rubocop\/rubocop-rails\/issues\/1168|#1168>: Fix a false positive for `Rails\/DuplicateAssociation` when using duplicate `belongs_to` associations of same class without other arguments. (<https:\/\/github.com\/koic|`@​koic`>)\n\nChangelog\n\n_Sourced from <https:\/\/github.com\/rubocop\/rubocop-rails\/blob\/master\/CHANGELOG.md|rubocop-rails's changelog>._\n\n&gt; *2.22.1 (2023-10-28)*\n&gt; *Bug fixes*\n&gt; \n&gt; • <https:\/\/redirect.github.com\/rubocop\/rubocop-rails\/issues\/1145|#1145>: Fix a false positive for `Rails\/DuplicateAssociation` when using duplicate `belongs_to` associations of same class without other arguments. ([<https:\/\/github.com\/koic|`@​koic`>][])\n\nCommits\n\n• <https:\/\/github.com\/rubocop\/rubocop-rails\/commit\/722878a378983bc9746c89abd7e8a86d79b1985e|`722878a`> Cut 2.22.1\n• <https:\/\/github.com\/rubocop\/rubocop-rails\/commit\/066b4c4c9739b11433cc94a51915f5a8870002a9|`066b4c4`> Update Changelog\n• <https:\/\/github.com\/rubocop\/rubocop-rails\/commit\/a721338205c325ca588507bd6d6168d0f38e7a69|`a721338`> Merge pull request <https:\/\/redirect.github.com\/rubocop\/rubocop-rails\/issues\/1170|#1170> from koic\/fix_a_false_positive_for_rails_duplicate_a...\n• <https:\/\/github.com\/rubocop\/rubocop-rails\/commit\/c777a99b1b62db95705ba4e17fe63e932696d225|`c777a99`> [Fix <https:\/\/redirect.github.com\/rubocop\/rubocop-rails\/issues\/1145|#1145>] Fix a false positive for `Rails\/DuplicateAssociation`\n• <https:\/\/github.com\/rubocop\/rubocop-rails\/commit\/6a6051410292c5afe9fb0be8c8c6964df86bc51c|`6a60514`> Merge pull request <https:\/\/redirect.github.com\/rubocop\/rubocop-rails\/issues\/1169|#1169> from biow0lf\/fix-typo\n• <https:\/\/github.com\/rubocop\/rubocop-rails\/commit\/f9cf07629654355ddd25b5417535d7a5eea33b15|`f9cf076`> Fix typos\n• <https:\/\/github.com\/rubocop\/rubocop-rails\/commit\/27ec2108985525163e69221f49e19824380b51f8|`27ec210`> Switch back docs version to master\n• See full diff in <https:\/\/github.com\/rubocop\/rubocop-rails\/compare\/v2.22.0...v2.22.1|compare view>\n\n  \n\n<https:\/\/docs.github.com\/en\/github\/managing-security-vulnerabilities\/about-dependabot-security-updates#about-compatibility-scores|Dependabot compatibility score>\n\nDependabot will resolve any conflicts with this PR as long as you don't alter it yourself. You can also trigger a rebase manually by commenting `@dependabot rebase`.\n\n* * *\n\nDependabot commands and options  \n\nYou can trigger Dependabot actions by commenting on this PR:\n\n• `@dependabot rebase` will rebase this PR\n• `@dependabot recreate` will recreate this PR, overwriting any edits that have been made to it\n• `@dependabot merge` will merge this PR after your CI passes on it\n• `@dependabot squash and merge` will squash and merge this PR after your CI passes on it\n• `@dependabot cancel merge` will cancel a previously requested merge and block automerging\n• `@dependabot reopen` will reopen this PR if it is closed\n• `@dependabot close` will close this PR and stop Dependabot recreating it. You can achieve the same result by closing it manually\n• `@dependabot show &lt;dependency name&gt; ignore conditions` will show all of the ignore conditions of the specified dependency\n• `@dependabot ignore this major version` will close this PR and stop Dependabot creating any more for this major version (unless you reopen the PR or upgrade to it yourself)\n• `@dependabot ignore this minor version` will close this PR and stop Dependabot creating any more for this minor version (unless you reopen the PR or upgrade to it yourself)\n• `@dependabot ignore this dependency` will close this PR and stop Dependabot creating any more for this dependency (unless you reopen the PR or upgrade to it yourself)",
                "pretext": "Pull request opened by <https:\/\/github.com\/apps\/dependabot|dependabot[bot]>",
                "title": "<https:\/\/github.com\/chubachi-pt-2023\/atomono-api\/pull\/101|#101 build(deps-dev): bump rubocop-rails from 2.22.0 to 2.22.1>",
                "callback_id": "pr-opened-interaction",
                "footer": "<https:\/\/github.com\/chubachi-pt-2023\/atomono-api|chubachi-pt-2023\/atomono-api>",
                "fields": [
                    {
                        "value": "dependencies",
                        "title": "Labels",
                        "short": true
                    }
                ],
                "mrkdwn_in": [
                    "text"
                ],
                "actions": [
                    {
                        "id": "1",
                        "name": "comment",
                        "text": "Comment",
                        "type": "button",
                        "value": "{&amp;amp;quot;selectedOrg&amp;amp;quot;:&amp;amp;quot;chubachi-pt-2023&amp;amp;quot;,&amp;amp;quot;selectedOrgId&amp;amp;quot;:132067701,&amp;amp;quot;selectedRepo&amp;amp;quot;:&amp;amp;quot;atomono-api&amp;amp;quot;,&amp;amp;quot;selectedRepoId&amp;amp;quot;:633841661,&amp;amp;quot;number&amp;amp;quot;:101,&amp;amp;quot;htmlUrl&amp;amp;quot;:&amp;amp;quot;https:\/\/github.com\/chubachi-pt-2023\/atomono-api\/pull\/101&amp;amp;quot;,&amp;amp;quot;title&amp;amp;quot;:&amp;amp;quot;build(deps-dev): bump rubocop-rails from 2.22.0 to 2.22.1&amp;amp;quot;}",
                        "style": ""
                    }
                ]
            },
            {
                "id": 2,
                "color": "28a745",
                "fallback": "All checks have passed",
                "text": ":white_check_mark: All checks have passed",
                "footer": "3\/3 successful checks"
            }
        ]
    },
    {
        "bot_id": "B059VDWGJ78",
        "type": "message",
        "text": "",
        "user": "U05ARP37D96",
        "ts": "1698619421.212969",
        "app_id": "A01BP7R4KNY",
        "team": "T04TGFGMK7C",
        "bot_profile": {
            "id": "B059VDWGJ78",
            "app_id": "A01BP7R4KNY",
            "name": "GitHub",
            "icons": {
                "image_36": "https:\/\/avatars.slack-edge.com\/2020-11-25\/1527503386626_319578f21381f9641cd8_36.png",
                "image_48": "https:\/\/avatars.slack-edge.com\/2020-11-25\/1527503386626_319578f21381f9641cd8_48.png",
                "image_72": "https:\/\/avatars.slack-edge.com\/2020-11-25\/1527503386626_319578f21381f9641cd8_72.png"
            },
            "deleted": false,
            "updated": 1685444374,
            "team_id": "T04TGFGMK7C"
        },
        "attachments": [
            {
                "id": 1,
                "footer_icon": "https:\/\/slack.github.com\/static\/img\/favicon-neutral.png",
                "color": "24292f",
                "fallback": "[chubachi-pt-2023\/atomono-api] 1 new commit pushed to _develop_ by huro3h",
                "text": "`<https:\/\/github.com\/chubachi-pt-2023\/atomono-api\/commit\/f589c4ff4313befa6ed6641339b60a8309c10c7d|f589c4ff>` - build(deps): bump ransack from 4.1.0 to 4.1.1 (#100)",
                "pretext": "<https:\/\/github.com\/chubachi-pt-2023\/atomono-api\/compare\/d948f22d4bd2...f589c4ff4313|1 new commit> pushed to `<https:\/\/github.com\/chubachi-pt-2023\/atomono-api\/tree\/develop|develop>` by <https:\/\/github.com\/huro3h|huro3h>",
                "footer": "<https:\/\/github.com\/chubachi-pt-2023\/atomono-api|chubachi-pt-2023\/atomono-api>",
                "mrkdwn_in": [
                    "text"
                ]
            }
        ]
    },
    {
        "bot_id": "B059VDWGJ78",
        "type": "message",
        "text": "",
        "user": "U05ARP37D96",
        "ts": "1698619421.614429",
        "app_id": "A01BP7R4KNY",
        "team": "T04TGFGMK7C",
        "bot_profile": {
            "id": "B059VDWGJ78",
            "app_id": "A01BP7R4KNY",
            "name": "GitHub",
            "icons": {
                "image_36": "https:\/\/avatars.slack-edge.com\/2020-11-25\/1527503386626_319578f21381f9641cd8_36.png",
                "image_48": "https:\/\/avatars.slack-edge.com\/2020-11-25\/1527503386626_319578f21381f9641cd8_48.png",
                "image_72": "https:\/\/avatars.slack-edge.com\/2020-11-25\/1527503386626_319578f21381f9641cd8_72.png"
            },
            "deleted": false,
            "updated": 1685444374,
            "team_id": "T04TGFGMK7C"
        },
        "attachments": [
            {
                "id": 1,
                "footer_icon": "https:\/\/slack.github.com\/static\/img\/favicon-neutral.png",
                "ts": 1698614173,
                "color": "6f42c1",
                "fallback": "[chubachi-pt-2023\/atomono-api] Pull request merged by huro3h",
                "pretext": "Pull request merged by <https:\/\/github.com\/huro3h|huro3h>",
                "title": "<https:\/\/github.com\/chubachi-pt-2023\/atomono-api\/pull\/100|#100 build(deps): bump ransack from 4.1.0 to 4.1.1>",
                "footer": "<https:\/\/github.com\/chubachi-pt-2023\/atomono-api|chubachi-pt-2023\/atomono-api>"
            }
        ]
    },
    {
        "bot_id": "B059VDWGJ78",
        "type": "message",
        "text": "",
        "user": "U05ARP37D96",
        "ts": "1698619429.586439",
        "app_id": "A01BP7R4KNY",
        "team": "T04TGFGMK7C",
        "bot_profile": {
            "id": "B059VDWGJ78",
            "app_id": "A01BP7R4KNY",
            "name": "GitHub",
            "icons": {
                "image_36": "https:\/\/avatars.slack-edge.com\/2020-11-25\/1527503386626_319578f21381f9641cd8_36.png",
                "image_48": "https:\/\/avatars.slack-edge.com\/2020-11-25\/1527503386626_319578f21381f9641cd8_48.png",
                "image_72": "https:\/\/avatars.slack-edge.com\/2020-11-25\/1527503386626_319578f21381f9641cd8_72.png"
            },
            "deleted": false,
            "updated": 1685444374,
            "team_id": "T04TGFGMK7C"
        },
        "attachments": [
            {
                "id": 1,
                "footer_icon": "https:\/\/slack.github.com\/static\/img\/favicon-neutral.png",
                "color": "24292f",
                "fallback": "[chubachi-pt-2023\/atomono-api] 1 new commit pushed to _develop_ by huro3h",
                "text": "`<https:\/\/github.com\/chubachi-pt-2023\/atomono-api\/commit\/4a1e52ca28cffa1587521d278977b1705e64b171|4a1e52ca>` - build(deps-dev): bump rubocop-rails from 2.22.0 to 2.22.1 (#101)",
                "pretext": "<https:\/\/github.com\/chubachi-pt-2023\/atomono-api\/compare\/f589c4ff4313...4a1e52ca28cf|1 new commit> pushed to `<https:\/\/github.com\/chubachi-pt-2023\/atomono-api\/tree\/develop|develop>` by <https:\/\/github.com\/huro3h|huro3h>",
                "footer": "<https:\/\/github.com\/chubachi-pt-2023\/atomono-api|chubachi-pt-2023\/atomono-api>",
                "mrkdwn_in": [
                    "text"
                ]
            }
        ]
    },
    {
        "bot_id": "B059VDWGJ78",
        "type": "message",
        "text": "",
        "user": "U05ARP37D96",
        "ts": "1698619429.636069",
        "app_id": "A01BP7R4KNY",
        "team": "T04TGFGMK7C",
        "bot_profile": {
            "id": "B059VDWGJ78",
            "app_id": "A01BP7R4KNY",
            "name": "GitHub",
            "icons": {
                "image_36": "https:\/\/avatars.slack-edge.com\/2020-11-25\/1527503386626_319578f21381f9641cd8_36.png",
                "image_48": "https:\/\/avatars.slack-edge.com\/2020-11-25\/1527503386626_319578f21381f9641cd8_48.png",
                "image_72": "https:\/\/avatars.slack-edge.com\/2020-11-25\/1527503386626_319578f21381f9641cd8_72.png"
            },
            "deleted": false,
            "updated": 1685444374,
            "team_id": "T04TGFGMK7C"
        },
        "attachments": [
            {
                "id": 1,
                "footer_icon": "https:\/\/slack.github.com\/static\/img\/favicon-neutral.png",
                "ts": 1698614183,
                "color": "6f42c1",
                "fallback": "[chubachi-pt-2023\/atomono-api] Pull request merged by huro3h",
                "pretext": "Pull request merged by <https:\/\/github.com\/huro3h|huro3h>",
                "title": "<https:\/\/github.com\/chubachi-pt-2023\/atomono-api\/pull\/101|#101 build(deps-dev): bump rubocop-rails from 2.22.0 to 2.22.1>",
                "footer": "<https:\/\/github.com\/chubachi-pt-2023\/atomono-api|chubachi-pt-2023\/atomono-api>"
            }
        ]
    }
]