[
    {
        "client_msg_id": "088cabdb-109e-43a6-a13a-e5cb235e0d2c",
        "type": "message",
        "text": "検証終わった　<https:\/\/chubachi-pt-2023.atlassian.net\/browse\/AT-551?focusedCommentId=10208>",
        "user": "U04T9TDB58W",
        "ts": "1697968579.524479",
        "blocks": [
            {
                "type": "rich_text",
                "block_id": "7fkdP",
                "elements": [
                    {
                        "type": "rich_text_section",
                        "elements": [
                            {
                                "type": "text",
                                "text": "検証終わった　"
                            },
                            {
                                "type": "link",
                                "url": "https:\/\/chubachi-pt-2023.atlassian.net\/browse\/AT-551?focusedCommentId=10208"
                            }
                        ]
                    }
                ]
            }
        ],
        "team": "T04TGFGMK7C",
        "user_team": "T04TGFGMK7C",
        "source_team": "T04TGFGMK7C",
        "user_profile": {
            "avatar_hash": "183a619e0408",
            "image_72": "https:\/\/avatars.slack-edge.com\/2023-03-11\/4958815898464_183a619e0408c53031fd_72.jpg",
            "first_name": "Hibiki",
            "real_name": "Hibiki Mizuno",
            "display_name": "Jabelic スクラムマスター",
            "team": "T04TGFGMK7C",
            "name": "a2239hm",
            "is_restricted": false,
            "is_ultra_restricted": false
        },
        "attachments": [
            {
                "id": 1,
                "blocks": [
                    {
                        "type": "section",
                        "block_id": "no:ih:10573::410a30d070c111ee9ed5891fb9b65382",
                        "text": {
                            "type": "mrkdwn",
                            "text": "*Comment by HibikiMizuno on a Task in `Done` *",
                            "verbatim": false
                        }
                    },
                    {
                        "type": "section",
                        "block_id": "OBwNl",
                        "text": {
                            "type": "mrkdwn",
                            "text": "現状はfirebase authenticationをつかって, providerはgoogleのみで実装します。\n*ただfirebaseは検証のためのもので、本番でそのまま使う可能性は低いと考えています。*",
                            "verbatim": false
                        }
                    },
                    {
                        "type": "actions",
                        "block_id": ":issueFooterActions:10573::410a30d170c111ee9ed5891fb9b65382",
                        "elements": [
                            {
                                "type": "button",
                                "action_id": "{\"issueId\":\"10573\",\"instanceId\":\"5c23e16f-eefd-3c64-9603-064f32c410c0\",\"projectId\":\"10002\",\"action\":\"comment\",\"nType\":\"ISSUE_COMMENTED\",\"nPlace\":\"main\"}",
                                "text": {
                                    "type": "plain_text",
                                    "text": "Comment",
                                    "emoji": true
                                },
                                "value": "comment"
                            },
                            {
                                "type": "static_select",
                                "action_id": "{\"issueId\":\"10573\",\"instanceId\":\"5c23e16f-eefd-3c64-9603-064f32c410c0\",\"projectId\":\"10002\",\"nType\":\"ISSUE_COMMENTED\",\"nPlace\":\"menu\"}",
                                "placeholder": {
                                    "type": "plain_text",
                                    "text": "More actions...",
                                    "emoji": true
                                },
                                "options": [
                                    {
                                        "text": {
                                            "type": "plain_text",
                                            "text": "Unwatch",
                                            "emoji": true
                                        },
                                        "value": "unwatch"
                                    },
                                    {
                                        "text": {
                                            "type": "plain_text",
                                            "text": "Assign",
                                            "emoji": true
                                        },
                                        "value": "assign"
                                    },
                                    {
                                        "text": {
                                            "type": "plain_text",
                                            "text": "Transition",
                                            "emoji": true
                                        },
                                        "value": "transition"
                                    },
                                    {
                                        "text": {
                                            "type": "plain_text",
                                            "text": "Why am I seeing this?",
                                            "emoji": true
                                        },
                                        "value": "why"
                                    },
                                    {
                                        "text": {
                                            "type": "plain_text",
                                            "text": ":tada: Give kudos",
                                            "emoji": true
                                        },
                                        "value": "kudos"
                                    }
                                ]
                            }
                        ]
                    }
                ],
                "color": "#2684FF",
                "fallback": "[no preview available]",
                "bot_id": "B054V2LRMFX",
                "app_unfurl_url": "https:\/\/chubachi-pt-2023.atlassian.net\/browse\/AT-551?focusedCommentId=10208",
                "is_app_unfurl": true,
                "app_id": "A2RPP3NFR"
            }
        ],
        "thread_ts": "1697932824.660919",
        "parent_user_id": "USLACKBOT"
    },
    {
        "bot_id": "B01",
        "type": "message",
        "text": "リマインダー : 今週のスプリントゴールは「所持品リストのページを作って所持品を表示する」ことです。今日やることを記載してください。",
        "user": "USLACKBOT",
        "ts": "1698019215.902649",
        "blocks": [
            {
                "type": "rich_text",
                "block_id": "KpuY",
                "elements": [
                    {
                        "type": "rich_text_section",
                        "elements": [
                            {
                                "type": "text",
                                "text": "リマインダー : 今週のスプリントゴールは「所持品リストのページを作って所持品を表示する」ことです。今日やることを記載してください。"
                            }
                        ]
                    }
                ]
            }
        ],
        "team": "T04TGFGMK7C",
        "thread_ts": "1698019215.902649",
        "reply_count": 3,
        "reply_users_count": 3,
        "latest_reply": "1698078839.078329",
        "reply_users": [
            "U04TV4NASPK",
            "U04T9TDB58W",
            "U04U66DSPEU"
        ],
        "replies": [
            {
                "user": "U04TV4NASPK",
                "ts": "1698021833.326859"
            },
            {
                "user": "U04T9TDB58W",
                "ts": "1698071339.578989"
            },
            {
                "user": "U04U66DSPEU",
                "ts": "1698078839.078329"
            }
        ],
        "is_locked": false,
        "subscribed": false
    },
    {
        "client_msg_id": "2b958ea1-bd2f-4d19-aa89-e1da92b476f1",
        "type": "message",
        "text": "夜、検索フィルターの要件定義",
        "user": "U04TV4NASPK",
        "ts": "1698021833.326859",
        "blocks": [
            {
                "type": "rich_text",
                "block_id": "XCvbf",
                "elements": [
                    {
                        "type": "rich_text_section",
                        "elements": [
                            {
                                "type": "text",
                                "text": "夜、検索フィルターの要件定義"
                            }
                        ]
                    }
                ]
            }
        ],
        "team": "T04TGFGMK7C",
        "user_team": "T04TGFGMK7C",
        "source_team": "T04TGFGMK7C",
        "user_profile": {
            "avatar_hash": "342942264635",
            "image_72": "https:\/\/avatars.slack-edge.com\/2023-03-11\/4927985433382_34294226463524804a2d_72.jpg",
            "first_name": "Nakayama",
            "real_name": "Nakayama Kenta",
            "display_name": "Nakayama",
            "team": "T04TGFGMK7C",
            "name": "a2231kn",
            "is_restricted": false,
            "is_ultra_restricted": false
        },
        "thread_ts": "1698019215.902649",
        "parent_user_id": "USLACKBOT",
        "reactions": [
            {
                "name": "pray",
                "users": [
                    "U04T9TDB58W"
                ],
                "count": 1
            }
        ]
    }
]