[
    {
        "client_msg_id": "81d593d1-9b73-4cae-b32d-b20662216861",
        "type": "message",
        "text": "週報やります",
        "user": "U04TDHFKJ85",
        "ts": "1697618327.546039",
        "blocks": [
            {
                "type": "rich_text",
                "block_id": "1Go69",
                "elements": [
                    {
                        "type": "rich_text_section",
                        "elements": [
                            {
                                "type": "text",
                                "text": "週報やります"
                            }
                        ]
                    }
                ]
            }
        ],
        "team": "T04TGFGMK7C",
        "user_team": "T04TGFGMK7C",
        "source_team": "T04TGFGMK7C",
        "user_profile": {
            "avatar_hash": "4f9ceaf45fef",
            "image_72": "https:\/\/avatars.slack-edge.com\/2023-04-25\/5158348926726_4f9ceaf45fefba755a9b_72.jpg",
            "first_name": "鈴木真希",
            "real_name": "鈴木真希",
            "display_name": "",
            "team": "T04TGFGMK7C",
            "name": "a2216ms",
            "is_restricted": false,
            "is_ultra_restricted": false
        },
        "thread_ts": "1697587208.034309",
        "parent_user_id": "USLACKBOT"
    },
    {
        "client_msg_id": "bf819f12-7cfe-42b5-ae83-dd705a9353dc",
        "type": "message",
        "text": "週報、モバイルサイトについて学習",
        "user": "U04U66DSPEU",
        "ts": "1697636199.051159",
        "blocks": [
            {
                "type": "rich_text",
                "block_id": "fz+gu",
                "elements": [
                    {
                        "type": "rich_text_section",
                        "elements": [
                            {
                                "type": "text",
                                "text": "週報、モバイルサイトについて学習"
                            }
                        ]
                    }
                ]
            }
        ],
        "team": "T04TGFGMK7C",
        "user_team": "T04TGFGMK7C",
        "source_team": "T04TGFGMK7C",
        "user_profile": {
            "avatar_hash": "eded816e5002",
            "image_72": "https:\/\/avatars.slack-edge.com\/2023-04-25\/5164292307843_eded816e5002d89cd475_72.png",
            "first_name": "FABIAN",
            "real_name": "FABIAN M. FERNANDEZ",
            "display_name": "Fernandez",
            "team": "T04TGFGMK7C",
            "name": "a2237mf",
            "is_restricted": false,
            "is_ultra_restricted": false
        },
        "thread_ts": "1697587208.034309",
        "parent_user_id": "USLACKBOT"
    },
    {
        "bot_id": "B01",
        "type": "message",
        "text": "リマインダー : 今週のスプリントゴールは「所持品リストのページを作って所持品を表示する」ことです。今日やることを記載してください。",
        "user": "USLACKBOT",
        "ts": "1697673614.357389",
        "blocks": [
            {
                "type": "rich_text",
                "block_id": "ofwT",
                "elements": [
                    {
                        "type": "rich_text_section",
                        "elements": [
                            {
                                "type": "text",
                                "text": "リマインダー : 今週のスプリントゴールは「所持品リストのページを作って所持品を表示する」ことです。今日やることを記載してください。"
                            }
                        ]
                    }
                ]
            }
        ],
        "team": "T04TGFGMK7C",
        "thread_ts": "1697673614.357389",
        "reply_count": 5,
        "reply_users_count": 5,
        "latest_reply": "1697951715.083219",
        "reply_users": [
            "U04T201950F",
            "U04U66DNCRE",
            "U04TV4NASPK",
            "U04TDHFKJ85",
            "U04U66DSPEU"
        ],
        "replies": [
            {
                "user": "U04T201950F",
                "ts": "1697673843.392209"
            },
            {
                "user": "U04U66DNCRE",
                "ts": "1697677745.256359"
            },
            {
                "user": "U04TV4NASPK",
                "ts": "1697688474.332489"
            },
            {
                "user": "U04TDHFKJ85",
                "ts": "1697721458.341729"
            },
            {
                "user": "U04U66DSPEU",
                "ts": "1697951715.083219"
            }
        ],
        "is_locked": false,
        "subscribed": false
    },
    {
        "client_msg_id": "c169ab02-77fe-477a-bb72-32820e847166",
        "type": "message",
        "text": "モバイル用ヘッダーコンポーネント作成\nlinterのエラー調査",
        "user": "U04T201950F",
        "ts": "1697673843.392209",
        "blocks": [
            {
                "type": "rich_text",
                "block_id": "9uQvJ",
                "elements": [
                    {
                        "type": "rich_text_section",
                        "elements": [
                            {
                                "type": "text",
                                "text": "モバイル用ヘッダーコンポーネント作成\nlinterのエラー調査"
                            }
                        ]
                    }
                ]
            }
        ],
        "team": "T04TGFGMK7C",
        "user_team": "T04TGFGMK7C",
        "source_team": "T04TGFGMK7C",
        "user_profile": {
            "avatar_hash": "37195c285ebd",
            "image_72": "https:\/\/avatars.slack-edge.com\/2023-04-26\/5193192270752_37195c285ebdc8d65709_72.jpg",
            "first_name": "Dai",
            "real_name": "Dai Miyahara",
            "display_name": "Dai Miyahara",
            "team": "T04TGFGMK7C",
            "name": "a2240dm",
            "is_restricted": false,
            "is_ultra_restricted": false
        },
        "thread_ts": "1697673614.357389",
        "parent_user_id": "USLACKBOT"
    },
    {
        "client_msg_id": "C48393D9-FAE0-47D4-B5DD-BEF51DCBE5B4",
        "type": "message",
        "text": "所持品リスト追加画面用モーダルのリスポンシブ対応",
        "user": "U04U66DNCRE",
        "ts": "1697677725.995149",
        "blocks": [
            {
                "type": "rich_text",
                "block_id": "yH1gM",
                "elements": [
                    {
                        "type": "rich_text_section",
                        "elements": [
                            {
                                "type": "text",
                                "text": "所持品リスト追加画面用モーダルのリスポンシブ対応"
                            }
                        ]
                    }
                ]
            }
        ],
        "team": "T04TGFGMK7C",
        "user_team": "T04TGFGMK7C",
        "source_team": "T04TGFGMK7C",
        "user_profile": {
            "avatar_hash": "0e82c2c0bd34",
            "image_72": "https:\/\/avatars.slack-edge.com\/2023-04-25\/5161183917605_0e82c2c0bd34f978f1fd_72.jpg",
            "first_name": "Ohno",
            "real_name": "Ohno Hiroto",
            "display_name": "Ohno Hiroto",
            "team": "T04TGFGMK7C",
            "name": "a2206ho",
            "is_restricted": false,
            "is_ultra_restricted": false
        },
        "thread_ts": "1697587208.034309",
        "parent_user_id": "USLACKBOT"
    },
    {
        "client_msg_id": "20848818-A77A-4052-B7B3-5606F493F79E",
        "type": "message",
        "text": "夜\n所持品リスト追加画面用モーダルのリスポンシブ対応",
        "user": "U04U66DNCRE",
        "ts": "1697677745.256359",
        "blocks": [
            {
                "type": "rich_text",
                "block_id": "Otx34",
                "elements": [
                    {
                        "type": "rich_text_section",
                        "elements": [
                            {
                                "type": "text",
                                "text": "夜\n"
                            },
                            {
                                "type": "text",
                                "text": "所持品リスト追加画面用モーダルのリスポンシブ対応"
                            }
                        ]
                    }
                ]
            }
        ],
        "team": "T04TGFGMK7C",
        "user_team": "T04TGFGMK7C",
        "source_team": "T04TGFGMK7C",
        "user_profile": {
            "avatar_hash": "0e82c2c0bd34",
            "image_72": "https:\/\/avatars.slack-edge.com\/2023-04-25\/5161183917605_0e82c2c0bd34f978f1fd_72.jpg",
            "first_name": "Ohno",
            "real_name": "Ohno Hiroto",
            "display_name": "Ohno Hiroto",
            "team": "T04TGFGMK7C",
            "name": "a2206ho",
            "is_restricted": false,
            "is_ultra_restricted": false
        },
        "thread_ts": "1697673614.357389",
        "parent_user_id": "USLACKBOT"
    },
    {
        "client_msg_id": "db6cbd29-3a5b-480a-adaf-a4cf77224a69",
        "type": "message",
        "text": "レスポンシブ対応とマンスリーレビューの資料作成",
        "user": "U04TV4NASPK",
        "ts": "1697688474.332489",
        "blocks": [
            {
                "type": "rich_text",
                "block_id": "EFREG",
                "elements": [
                    {
                        "type": "rich_text_section",
                        "elements": [
                            {
                                "type": "text",
                                "text": "レスポンシブ対応とマンスリーレビューの資料作成"
                            }
                        ]
                    }
                ]
            }
        ],
        "team": "T04TGFGMK7C",
        "user_team": "T04TGFGMK7C",
        "source_team": "T04TGFGMK7C",
        "user_profile": {
            "avatar_hash": "342942264635",
            "image_72": "https:\/\/avatars.slack-edge.com\/2023-03-11\/4927985433382_34294226463524804a2d_72.jpg",
            "first_name": "Nakayama",
            "real_name": "Nakayama Kenta",
            "display_name": "Nakayama",
            "team": "T04TGFGMK7C",
            "name": "a2231kn",
            "is_restricted": false,
            "is_ultra_restricted": false
        },
        "thread_ts": "1697673614.357389",
        "parent_user_id": "USLACKBOT"
    }
]