[
    {
        "client_msg_id": "ef75f388-76aa-4cda-8d14-098b417eb43a",
        "type": "message",
        "text": "プロダクトバックログ整理　→　done\nマンスリーレビュープロット作成　→　done\nマンスリーレビュー資料作成　→　in progress\nマンスリーレビュー事前確認　→　木曜19時",
        "user": "U04T201950F",
        "ts": "1698197695.881009",
        "blocks": [
            {
                "type": "rich_text",
                "block_id": "qzAH5",
                "elements": [
                    {
                        "type": "rich_text_section",
                        "elements": [
                            {
                                "type": "text",
                                "text": "プロダクトバックログ整理　→　done\nマンスリーレビュープロット作成　→　done\nマンスリーレビュー資料作成　→　in progress\nマンスリーレビュー事前確認　→　木曜19時"
                            }
                        ]
                    }
                ]
            }
        ],
        "team": "T04TGFGMK7C",
        "user_team": "T04TGFGMK7C",
        "source_team": "T04TGFGMK7C",
        "user_profile": {
            "avatar_hash": "37195c285ebd",
            "image_72": "https:\/\/avatars.slack-edge.com\/2023-04-26\/5193192270752_37195c285ebdc8d65709_72.jpg",
            "first_name": "Dai",
            "real_name": "Dai Miyahara",
            "display_name": "Dai Miyahara",
            "team": "T04TGFGMK7C",
            "name": "a2240dm",
            "is_restricted": false,
            "is_ultra_restricted": false
        },
        "reactions": [
            {
                "name": "なかやまきんに君",
                "users": [
                    "U04TV4NASPK",
                    "U04U66DNCRE",
                    "U04TGBZ4XEX"
                ],
                "count": 3
            }
        ]
    },
    {
        "client_msg_id": "4561bde3-1f76-4cf6-8579-3e5bc2ead0bc",
        "type": "message",
        "text": "意欲だよなぁ",
        "user": "U04T201950F",
        "ts": "1698197702.506679",
        "blocks": [
            {
                "type": "rich_text",
                "block_id": "83w15",
                "elements": [
                    {
                        "type": "rich_text_section",
                        "elements": [
                            {
                                "type": "text",
                                "text": "意欲だよなぁ"
                            }
                        ]
                    }
                ]
            }
        ],
        "team": "T04TGFGMK7C",
        "user_team": "T04TGFGMK7C",
        "source_team": "T04TGFGMK7C",
        "user_profile": {
            "avatar_hash": "37195c285ebd",
            "image_72": "https:\/\/avatars.slack-edge.com\/2023-04-26\/5193192270752_37195c285ebdc8d65709_72.jpg",
            "first_name": "Dai",
            "real_name": "Dai Miyahara",
            "display_name": "Dai Miyahara",
            "team": "T04TGFGMK7C",
            "name": "a2240dm",
            "is_restricted": false,
            "is_ultra_restricted": false
        }
    }
]