[
    {
        "client_msg_id": "06dd20d6-a0ec-4efb-bdc9-06cb9dbb18f1",
        "type": "message",
        "text": "hostが変…か？\n```ActiveRecord::DatabaseConnectionError: There is an issue connecting to your database with your username\/password, username: atomono.\tatomono-infra-api\nPlease check your database configuration to ensure the username\/password are valid.\tatomono-infra-api\nCaused by:\tatomono-infra-api\nMysql2::Error::ConnectionError: Access denied for user 'atomono'@'10.11.23.161' (using password: YES)```",
        "user": "U04T201950F",
        "ts": "1699258043.184539",
        "blocks": [
            {
                "type": "rich_text",
                "block_id": "XY0o0",
                "elements": [
                    {
                        "type": "rich_text_section",
                        "elements": [
                            {
                                "type": "text",
                                "text": "hostが変…か？\n"
                            }
                        ]
                    },
                    {
                        "type": "rich_text_preformatted",
                        "elements": [
                            {
                                "type": "text",
                                "text": "ActiveRecord::DatabaseConnectionError: There is an issue connecting to your database with your username\/password, username: atomono.\tatomono-infra-api\nPlease check your database configuration to ensure the username\/password are valid.\tatomono-infra-api\nCaused by:\tatomono-infra-api\nMysql2::Error::ConnectionError: Access denied for user 'atomono'@'10.11.23.161' (using password: YES)"
                            }
                        ],
                        "border": 0
                    }
                ]
            }
        ],
        "team": "T04TGFGMK7C",
        "user_team": "T04TGFGMK7C",
        "source_team": "T04TGFGMK7C",
        "user_profile": {
            "avatar_hash": "37195c285ebd",
            "image_72": "https:\/\/avatars.slack-edge.com\/2023-04-26\/5193192270752_37195c285ebdc8d65709_72.jpg",
            "first_name": "Dai",
            "real_name": "Dai Miyahara",
            "display_name": "Dai Miyahara",
            "team": "T04TGFGMK7C",
            "name": "a2240dm",
            "is_restricted": false,
            "is_ultra_restricted": false
        },
        "thread_ts": "1699258043.184539",
        "reply_count": 1,
        "reply_users_count": 1,
        "latest_reply": "1699258635.198949",
        "reply_users": [
            "U04T201950F"
        ],
        "replies": [
            {
                "user": "U04T201950F",
                "ts": "1699258635.198949"
            }
        ],
        "is_locked": false,
        "subscribed": false
    },
    {
        "client_msg_id": "754be7de-9ce1-4eee-b815-698f0a26a2ef",
        "type": "message",
        "text": "`parameter store`の値と`secrets manager`の値が逆だった",
        "user": "U04T201950F",
        "ts": "1699258635.198949",
        "blocks": [
            {
                "type": "rich_text",
                "block_id": "5NP6g",
                "elements": [
                    {
                        "type": "rich_text_section",
                        "elements": [
                            {
                                "type": "text",
                                "text": "parameter store",
                                "style": {
                                    "code": true
                                }
                            },
                            {
                                "type": "text",
                                "text": "の値と"
                            },
                            {
                                "type": "text",
                                "text": "secrets manager",
                                "style": {
                                    "code": true
                                }
                            },
                            {
                                "type": "text",
                                "text": "の値が逆だった"
                            }
                        ]
                    }
                ]
            }
        ],
        "team": "T04TGFGMK7C",
        "user_team": "T04TGFGMK7C",
        "source_team": "T04TGFGMK7C",
        "user_profile": {
            "avatar_hash": "37195c285ebd",
            "image_72": "https:\/\/avatars.slack-edge.com\/2023-04-26\/5193192270752_37195c285ebdc8d65709_72.jpg",
            "first_name": "Dai",
            "real_name": "Dai Miyahara",
            "display_name": "Dai Miyahara",
            "team": "T04TGFGMK7C",
            "name": "a2240dm",
            "is_restricted": false,
            "is_ultra_restricted": false
        },
        "thread_ts": "1699258043.184539",
        "parent_user_id": "U04T201950F"
    }
]